Datum ;Zeit ;AT [°C];ATakt [°C];PE1_BR1 ;HK1 VL Ist[°C];HK1 VL Soll[°C];HK1 RT Ist[°C];HK1 RT Soll[°C];HK1 Pumpe;HK1 Mischer;HK1 Fernb[°C];HK1 Status;WW1 EinT Ist[°C];WW1 AusT Ist[°C];WW1 Soll[°C];WW1 Pumpe;WW1 Status;Sensor ext [°C];PE1 KT[°C];PE1 KT_SOLL[°C];PE1 UW Freigabe[°C];PE1 Modulation[%];PE1 FRT Ist[°C];PE1 FRT Soll[°C];PE1 FRT End[°C];PE1 Einschublaufzeit[zs];PE1 Pausenzeit[zs];PE1 Luefterdrehzahl[%];PE1 Saugzugdrehzahl[%];PE1 Unterdruck Ist[EH];PE1 Unterdruck Soll[EH];PE1 Fuellstand[kg];PE1 Fuellstand ZWB[kg];PE1 Status;PE1 Statusbit;PE1 Motor ES;PE1 Motor RA;PE1 Motor RES1;PE1 Motor TURBINE;PE1 Motor ZUEND;PE1 Motor UW[%];PE1 Motor AV;PE1 Motor RES2;PE1 Motor MA;PE1 Motor RM;PE1 Motor SM;PE1 Res1 Temp.[°C];PE1 Res2 Temp.[°C];PE1 CAP RA;PE1 CAP ZB;PE1 AK;PE1 Saug-Int[min];PE1 DigIn1;PE1 DigIn2;PE1 CntDig1;PE1 Ashfill[kg];PE1 Runtime[h];Fehler1 ;Fehler2 ;Fehler3 ;
22.08.2024;00:03:13;17,5;17,2;0;33,0;8,0;21,9;8,0;0;0;0,0;8;50,4;50,4;25,0;0;8200;19,9;63,5;8,0;60,0;0;64,4;8,0;8,0;0,00;0,00;0;0;47,8;146,0;6000;0;99;-2147483648;0;0;0;0;0;0;0;0;0;0;0;33,0;50,4;1;1;0;107;0;0;0;0,0;3614;0;0;0;
22.08.2024;00:04:13;17,5;17,1;0;33,0;8,0;21,9;8,0;0;0;0,0;8;50,4;50,4;25,0;0;8200;19,9;63,5;8,0;60,0;0;64,3;8,0;8,0;0,00;0,00;0;0;47,8;146,0;6000;0;99;-2147483648;0;0;0;0;0;0;0;0;0;0;0;33,0;50,4;1;1;0;107;0;0;0;0,0;3614;0;0;0;
22.08.2024;00:05:13;17,5;17,1;0;33,1;8,0;21,9;8,0;0;0;0,0;8;50,4;50,4;25,0;0;8200;20,0;63,5;8,0;60,0;0;64,3;8,0;8,0;0,00;0,00;0;0;47,8;146,0;6000;0;99;-2147483648;0;0;0;0;0;0;0;0;0;0;0;33,1;50,4;1;1;0;107;0;0;0;0,0;3614;0;0;0;
22.08.2024;00:06:13;17,5;17,1;0;33,0;8,0;21,9;8,0;0;0;0,0;8;50,3;50,3;25,0;0;8200;19,9;63,5;8,0;60,0;0;64,2;8,0;8,0;0,00;0,00;0;0;47,8;146,0;6000;0;99;-2147483648;0;0;0;0;0;0;0;0;0;0;0;33,0;50,3;1;1;0;107;0;0;0;0,0;3614;0;0;0;
22.08.2024;00:07:13;17,4;17,1;0;33,0;8,0;22,0;8,0;0;0;0,0;8;50,3;50,3;25,0;0;8200;20,0;63,5;8,0;60,0;0;64,1;8,0;8,0;0,00;0,00;0;0;47,8;146,0;6000;0;99;-2147483648;0;0;0;0;0;0;0;0;0;0;0;33,0;50,3;1;1;0;107;0;0;0;0,0;3614;0;0;0;
22.08.2024;00:08:13;17,4;17,1;0;33,0;8,0;22,0;8,0;0;0;0,0;8;50,3;50,3;25,0;0;8200;20,1;63,4;8,0;60,0;0;64,2;8,0;8,0;0,00;0,00;0;0;47,9;146,0;6000;0;99;-2147483648;0;0;0;0;0;0;0;0;0;0;0;33,0;50,3;1;1;0;107;0;0;0;0,0;3614;0;0;0;
22.08.2024;00:09:13;17,4;17,1;0;33,0;8,0;22,0;8,0;0;0;0,0;8;50,3;50,3;25,0;0;8200;19,9;63,4;8,0;60,0;0;64,1;8,0;8,0;0,00;0,00;0;0;47,8;146,0;6000;0;99;-2147483648;0;0;0;0;0;0;0;0;0;0;0;33,0;50,3;1;1;0;107;0;0;0;0,0;3614;0;0;0;
22.08.2024;00:10:13;17,4;17,1;0;32,9;8,0;22,0;8,0;0;0;0,0;8;50,2;50,2;25,0;0;8200;19,9;63,4;8,0;60,0;0;64,2;8,0;8,0;0,00;0,00;0;0;47,8;146,0;6000;0;99;-2147483648;0;0;0;0;0;0;0;0;0;0;0;32,9;50,2;1;1;0;107;0;0;0;0,0;3614;0;0;0;
22.08.2024;00:11:13;17,4;17,1;0;33,0;8,0;22,0;8,0;0;0;0,0;8;50,2;50,2;25,0;0;8200;19,9;63,4;8,0;60,0;0;64,1;8,0;8,0;0,00;0,00;0;0;47,7;146,0;6000;0;99;-2147483648;0;0;0;0;0;0;0;0;0;0;0;33,0;50,2;1;1;0;107;0;0;0;0,0;3614;0;0;0;
22.08.2024;00:12:13;17,4;17,1;0;33,0;8,0;21,9;8,0;0;0;0,0;8;50,2;50,2;25,0;0;8200;20,0;63,4;8,0;60,0;0;64,0;8,0;8,0;0,00;0,00;0;0;47,8;146,0;6000;0;99;-2147483648;0;0;0;0;0;0;0;0;0;0;0;33,0;50,2;1;1;0;107;0;0;0;0,0;3614;0;0;0;
22.08.2024;00:13:13;17,4;17,1;0;33,0;8,0;21,9;8,0;0;0;0,0;8;50,2;50,2;25,0;0;8200;20,1;63,4;8,0;60,0;0;64,1;8,0;8,0;0,00;0,00;0;0;47,8;146,0;6000;0;99;-2147483648;0;0;0;0;0;0;0;0;0;0;0;33,0;50,2;1;1;0;107;0;0;0;0,0;3614;0;0;0;
22.08.2024;00:14:13;17,3;17,1;0;33,0;8,0;22,0;8,0;0;0;0,0;8;50,2;50,2;25,0;0;8200;19,9;63,4;8,0;60,0;0;64,0;8,0;8,0;0,00;0,00;0;0;47,7;146,0;6000;0;99;-2147483648;0;0;0;0;0;0;0;0;0;0;0;33,0;50,2;1;1;0;107;0;0;0;0,0;3614;0;0;0;
22.08.2024;00:15:13;17,3;17,1;0;33,0;8,0;22,0;8,0;0;0;0,0;8;50,2;50,2;25,0;0;8200;20,1;63,4;8,0;60,0;0;64,0;8,0;8,0;0,00;0,00;0;0;47,7;146,0;6000;0;99;-2147483648;0;0;0;0;0;0;0;0;0;0;0;33,0;50,2;1;1;0;107;0;0;0;0,0;3614;0;0;0;
22.08.2024;00:16:13;17,3;17,1;0;33,0;8,0;22,0;8,0;0;0;0,0;8;50,1;50,1;25,0;0;8200;19,9;63,4;8,0;60,0;0;64,0;8,0;8,0;0,00;0,00;0;0;47,7;146,0;6000;0;99;-2147483648;0;0;0;0;0;0;0;0;0;0;0;33,0;50,1;1;1;0;107;0;0;0;0,0;3614;0;0;0;
22.08.2024;00:17:13;17,3;17,1;0;32,9;8,0;22,0;8,0;0;0;0,0;8;50,1;50,1;25,0;0;8200;20,1;63,3;8,0;60,0;0;64,1;8,0;8,0;0,00;0,00;0;0;47,7;146,0;6000;0;99;-2147483648;0;0;0;0;0;0;0;0;0;0;0;32,9;50,1;1;1;0;107;0;0;0;0,0;3614;0;0;0;
22.08.2024;00:18:13;17,3;17,1;0;32,9;8,0;22,0;8,0;0;0;0,0;8;50,1;50,1;25,0;0;8200;20,1;63,4;8,0;60,0;0;63,9;8,0;8,0;0,00;0,00;0;0;47,8;146,0;6000;0;99;-2147483648;0;0;0;0;0;0;0;0;0;0;0;33,0;50,1;1;1;0;107;0;0;0;0,0;3614;0;0;0;
22.08.2024;00:19:13;17,3;17,1;0;32,9;8,0;22,0;8,0;0;0;0,0;8;50,0;50,0;25,0;0;8200;19,9;63,3;8,0;60,0;0;64,0;8,0;8,0;0,00;0,00;0;0;47,8;146,0;6000;0;99;-2147483648;0;0;0;0;0;0;0;0;0;0;0;32,9;50,0;1;1;0;107;0;0;0;0,0;3614;0;0;0;
22.08.2024;00:20:13;17,3;17,1;0;32,9;8,0;22,0;8,0;0;0;0,0;8;50,1;50,1;25,0;0;8200;19,9;63,3;8,0;60,0;0;63,8;8,0;8,0;0,00;0,00;0;0;47,8;146,0;6000;0;99;-2147483648;0;0;0;0;0;0;0;0;0;0;0;32,9;50,1;1;1;0;107;0;0;0;0,0;3614;0;0;0;
22.08.2024;00:21:13;17,3;17,0;0;33,0;8,0;22,0;8,0;0;0;0,0;8;50,0;50,0;25,0;0;8200;20,3;63,3;8,0;60,0;0;63,9;8,0;8,0;0,00;0,00;0;0;47,7;146,0;6000;0;99;-2147483648;0;0;0;0;0;0;0;0;0;0;0;33,0;50,0;1;1;0;107;0;0;0;0,0;3614;0;0;0;
22.08.2024;00:22:13;17,3;17,1;0;32,9;8,0;22,0;8,0;0;0;0,0;8;50,0;50,0;25,0;0;8200;19,9;63,2;8,0;60,0;0;63,9;8,0;8,0;0,00;0,00;0;0;47,8;146,0;6000;0;99;-2147483648;0;0;0;0;0;0;0;0;0;0;0;32,9;50,0;1;1;0;107;0;0;0;0,0;3614;0;0;0;
22.08.2024;00:23:13;17,2;17,0;0;32,9;8,0;22,0;8,0;0;0;0,0;8;50,0;50,0;25,0;0;8200;20,1;63,3;8,0;60,0;0;63,9;8,0;8,0;0,00;0,00;0;0;47,7;146,0;6000;0;99;-2147483648;0;0;0;0;0;0;0;0;0;0;0;32,9;50,0;1;1;0;107;0;0;0;0,0;3614;0;0;0;
22.08.2024;00:24:13;17,2;17,0;0;32,9;8,0;22,0;8,0;0;0;0,0;8;50,0;50,0;25,0;0;8200;20,0;63,2;8,0;60,0;0;63,9;8,0;8,0;0,00;0,00;0;0;47,8;146,0;6000;0;99;-2147483648;0;0;0;0;0;0;0;0;0;0;0;32,9;50,0;1;1;0;107;0;0;0;0,0;3614;0;0;0;
22.08.2024;00:25:13;17,2;17,0;0;32,9;8,0;22,0;8,0;0;0;0,0;8;49,9;49,9;25,0;0;8200;20,0;63,2;8,0;60,0;0;63,8;8,0;8,0;0,00;0,00;0;0;47,8;146,0;6000;0;99;-2147483648;0;0;0;0;0;0;0;0;0;0;0;32,9;49,9;1;1;0;107;0;0;0;0,0;3614;0;0;0;
22.08.2024;00:26:13;17,2;17,0;0;32,9;8,0;21,9;8,0;0;0;0,0;8;49,9;49,9;25,0;0;8200;20,1;63,2;8,0;60,0;0;63,8;8,0;8,0;0,00;0,00;0;0;47,8;146,0;6000;0;99;-2147483648;0;0;0;0;0;0;0;0;0;0;0;32,9;49,9;1;1;0;107;0;0;0;0,0;3614;0;0;0;
22.08.2024;00:27:13;17,2;17,0;0;32,9;8,0;21,9;8,0;0;0;0,0;8;49,9;49,9;25,0;0;8200;19,9;63,2;8,0;60,0;0;63,8;8,0;8,0;0,00;0,00;0;0;47,8;146,0;6000;0;99;-2147483648;0;0;0;0;0;0;0;0;0;0;0;32,9;49,9;1;1;0;107;0;0;0;0,0;3614;0;0;0;
22.08.2024;00:28:13;17,2;17,0;0;32,9;8,0;21,9;8,0;0;0;0,0;8;49,9;49,9;25,0;0;8200;20,0;63,1;8,0;60,0;0;63,7;8,0;8,0;0,00;0,00;0;0;47,8;146,0;6000;0;99;-2147483648;0;0;0;0;0;0;0;0;0;0;0;32,9;49,9;1;1;0;107;0;0;0;0,0;3614;0;0;0;
22.08.2024;00:29:13;17,2;17,0;0;32,9;8,0;21,9;8,0;0;0;0,0;8;49,9;49,9;25,0;0;8200;20,0;63,1;8,0;60,0;0;63,7;8,0;8,0;0,00;0,00;0;0;47,8;146,0;6000;0;99;-2147483648;0;0;0;0;0;0;0;0;0;0;0;32,9;49,9;1;1;0;107;0;0;0;0,0;3614;0;0;0;
22.08.2024;00:30:13;17,2;17,0;0;32,9;8,0;22,0;8,0;0;0;0,0;8;49,8;49,8;25,0;0;8200;20,0;63,1;8,0;60,0;0;63,7;8,0;8,0;0,00;0,00;0;0;47,8;146,0;6000;0;99;-2147483648;0;0;0;0;0;0;0;0;0;0;0;32,9;49,8;1;1;0;107;0;0;0;0,0;3614;0;0;0;
22.08.2024;00:31:13;17,2;17,0;0;32,8;8,0;22,0;8,0;0;0;0,0;8;49,9;49,9;25,0;0;8200;20,1;63,1;8,0;60,0;0;63,7;8,0;8,0;0,00;0,00;0;0;47,8;146,0;6000;0;99;-2147483648;0;0;0;0;0;0;0;0;0;0;0;32,8;49,9;1;1;0;107;0;0;0;0,0;3614;0;0;0;
22.08.2024;00:32:13;17,2;17,0;0;32,8;8,0;22,0;8,0;0;0;0,0;8;49,8;49,8;25,0;0;8200;19,9;63,1;8,0;60,0;0;63,7;8,0;8,0;0,00;0,00;0;0;47,8;146,0;6000;0;99;-2147483648;0;0;0;0;0;0;0;0;0;0;0;32,8;49,8;1;1;0;107;0;0;0;0,0;3614;0;0;0;
22.08.2024;00:33:13;17,2;17,0;0;32,8;8,0;21,9;8,0;0;0;0,0;8;49,8;49,8;25,0;0;8200;20,0;63,0;8,0;60,0;0;63,7;8,0;8,0;0,00;0,00;0;0;47,8;146,0;6000;0;99;-2147483648;0;0;0;0;0;0;0;0;0;0;0;32,8;49,8;1;1;0;107;0;0;0;0,0;3614;0;0;0;
22.08.2024;00:34:13;17,1;16,9;0;32,8;8,0;22,0;8,0;0;0;0,0;8;49,8;49,8;25,0;0;8200;20,0;63,0;8,0;60,0;0;63,6;8,0;8,0;0,00;0,00;0;0;47,8;146,0;6000;0;99;-2147483648;0;0;0;0;0;0;0;0;0;0;0;32,8;49,8;1;1;0;107;0;0;0;0,0;3614;0;0;0;
22.08.2024;00:35:13;17,1;16,9;0;32,8;8,0;22,0;8,0;0;0;0,0;8;49,7;49,7;25,0;0;8200;19,9;63,0;8,0;60,0;0;63,6;8,0;8,0;0,00;0,00;0;0;47,8;146,0;6000;0;99;-2147483648;0;0;0;0;0;0;0;0;0;0;0;32,8;49,7;1;1;0;107;0;0;0;0,0;3614;0;0;0;
22.08.2024;00:36:13;17,1;16,9;0;32,9;8,0;22,0;8,0;0;0;0,0;8;49,7;49,7;25,0;0;8200;20,0;63,0;8,0;60,0;0;63,5;8,0;8,0;0,00;0,00;0;0;47,8;146,0;6000;0;99;-2147483648;0;0;0;0;0;0;0;0;0;0;0;32,9;49,7;1;1;0;107;0;0;0;0,0;3614;0;0;0;
22.08.2024;00:37:13;17,1;16,9;0;32,8;8,0;22,0;8,0;0;0;0,0;8;49,7;49,7;25,0;0;8200;19,9;62,9;8,0;60,0;0;63,6;8,0;8,0;0,00;0,00;0;0;47,8;146,0;6000;0;99;-2147483648;0;0;0;0;0;0;0;0;0;0;0;32,8;49,7;1;1;0;107;0;0;0;0,0;3614;0;0;0;
22.08.2024;00:38:13;17,1;16,9;0;32,8;8,0;22,0;8,0;0;0;0,0;8;49,7;49,7;25,0;0;8200;20,0;63,0;8,0;60,0;0;63,6;8,0;8,0;0,00;0,00;0;0;47,8;146,0;6000;0;99;-2147483648;0;0;0;0;0;0;0;0;0;0;0;32,8;49,7;1;1;0;107;0;0;0;0,0;3614;0;0;0;
22.08.2024;00:39:13;17,1;16,9;0;32,8;8,0;22,0;8,0;0;0;0,0;8;49,7;49,7;25,0;0;8200;20,1;62,9;8,0;60,0;0;63,5;8,0;8,0;0,00;0,00;0;0;47,8;146,0;6000;0;99;-2147483648;0;0;0;0;0;0;0;0;0;0;0;32,8;49,7;1;1;0;107;0;0;0;0,0;3614;0;0;0;
22.08.2024;00:40:13;17,1;16,9;0;32,8;8,0;21,9;8,0;0;0;0,0;8;49,7;49,7;25,0;0;8200;20,4;62,9;8,0;60,0;0;63,4;8,0;8,0;0,00;0,00;0;0;47,8;146,0;6000;0;99;-2147483648;0;0;0;0;0;0;0;0;0;0;0;32,8;49,7;1;1;0;107;0;0;0;0,0;3614;0;0;0;
22.08.2024;00:41:13;17,1;16,9;0;32,8;8,0;21,9;8,0;0;0;0,0;8;49,6;49,6;25,0;0;8200;20,2;62,9;8,0;60,0;0;63,4;8,0;8,0;0,00;0,00;0;0;47,8;146,0;6000;0;99;-2147483648;0;0;0;0;0;0;0;0;0;0;0;32,8;49,6;1;1;0;107;0;0;0;0,0;3614;0;0;0;
22.08.2024;00:42:13;17,1;16,8;0;32,8;8,0;21,9;8,0;0;0;0,0;8;49,6;49,6;25,0;0;8200;20,1;62,9;8,0;60,0;0;63,4;8,0;8,0;0,00;0,00;0;0;47,8;146,0;6000;0;99;-2147483648;0;0;0;0;0;0;0;0;0;0;0;32,8;49,6;1;1;0;107;0;0;0;0,0;3614;0;0;0;
22.08.2024;00:43:13;17,1;16,9;0;32,8;8,0;21,9;8,0;0;0;0,0;8;49,6;49,6;25,0;0;8200;20,1;62,8;8,0;60,0;0;63,4;8,0;8,0;0,00;0,00;0;0;47,8;146,0;6000;0;99;-2147483648;0;0;0;0;0;0;0;0;0;0;0;32,8;49,6;1;1;0;107;0;0;0;0,0;3614;0;0;0;
22.08.2024;00:44:13;17,1;16,8;0;32,8;8,0;21,9;8,0;0;0;0,0;8;49,6;49,6;25,0;0;8200;20,1;62,9;8,0;60,0;0;63,3;8,0;8,0;0,00;0,00;0;0;47,8;146,0;6000;0;99;-2147483648;0;0;0;0;0;0;0;0;0;0;0;32,8;49,6;1;1;0;107;0;0;0;0,0;3614;0;0;0;
22.08.2024;00:45:13;17,0;16,8;0;32,8;8,0;21,9;8,0;0;0;0,0;8;49,6;49,6;25,0;0;8200;19,9;62,8;8,0;60,0;0;63,3;8,0;8,0;0,00;0,00;0;0;47,8;146,0;6000;0;99;-2147483648;0;0;0;0;0;0;0;0;0;0;0;32,8;49,6;1;1;0;107;0;0;0;0,0;3614;0;0;0;
22.08.2024;00:46:13;17,0;16,8;0;32,8;8,0;22,0;8,0;0;0;0,0;8;49,6;49,6;25,0;0;8200;20,0;62,8;8,0;60,0;0;63,2;8,0;8,0;0,00;0,00;0;0;47,8;146,0;6000;0;99;-2147483648;0;0;0;0;0;0;0;0;0;0;0;32,8;49,6;1;1;0;107;0;0;0;0,0;3614;0;0;0;
22.08.2024;00:47:13;17,0;16,8;0;32,7;8,0;21,9;8,0;0;0;0,0;8;49,5;49,5;25,0;0;8200;19,9;62,8;8,0;60,0;0;63,3;8,0;8,0;0,00;0,00;0;0;47,7;146,0;6000;0;99;-2147483648;0;0;0;0;0;0;0;0;0;0;0;32,7;49,5;1;1;0;107;0;0;0;0,0;3614;0;0;0;
22.08.2024;00:48:13;17,0;16,8;0;32,7;8,0;22,0;8,0;0;0;0,0;8;49,5;49,5;25,0;0;8200;20,0;62,8;8,0;60,0;0;63,3;8,0;8,0;0,00;0,00;0;0;47,8;146,0;6000;0;99;-2147483648;0;0;0;0;0;0;0;0;0;0;0;32,7;49,5;1;1;0;107;0;0;0;0,0;3614;0;0;0;
22.08.2024;00:49:13;17,0;16,8;0;32,8;8,0;22,0;8,0;0;0;0,0;8;49,5;49,5;25,0;0;8200;20,0;62,8;8,0;60,0;0;63,2;8,0;8,0;0,00;0,00;0;0;47,8;146,0;6000;0;99;-2147483648;0;0;0;0;0;0;0;0;0;0;0;32,8;49,5;1;1;0;107;0;0;0;0,0;3614;0;0;0;
22.08.2024;00:50:13;17,0;16,8;0;32,7;8,0;22,0;8,0;0;0;0,0;8;49,4;49,4;25,0;0;8200;20,0;62,8;8,0;60,0;0;63,3;8,0;8,0;0,00;0,00;0;0;47,7;146,0;6000;0;99;-2147483648;0;0;0;0;0;0;0;0;0;0;0;32,7;49,4;1;1;0;107;0;0;0;0,0;3614;0;0;0;
22.08.2024;00:51:13;17,0;16,8;0;32,7;8,0;21,9;8,0;0;0;0,0;8;49,4;49,4;25,0;0;8200;20,0;62,7;8,0;60,0;0;63,2;8,0;8,0;0,00;0,00;0;0;47,7;146,0;6000;0;99;-2147483648;0;0;0;0;0;0;0;0;0;0;0;32,7;49,4;1;1;0;107;0;0;0;0,0;3614;0;0;0;
22.08.2024;00:52:13;17,0;16,8;0;32,7;8,0;21,9;8,0;0;0;0,0;8;49,4;49,4;25,0;0;8200;20,1;62,7;8,0;60,0;0;63,2;8,0;8,0;0,00;0,00;0;0;47,8;146,0;6000;0;99;-2147483648;0;0;0;0;0;0;0;0;0;0;0;32,7;49,4;1;1;0;107;0;0;0;0,0;3614;0;0;0;
22.08.2024;00:53:13;17,0;16,8;0;32,7;8,0;21,9;8,0;0;0;0,0;8;49,4;49,4;25,0;0;8200;19,9;62,7;8,0;60,0;0;63,2;8,0;8,0;0,00;0,00;0;0;47,7;146,0;6000;0;99;-2147483648;0;0;0;0;0;0;0;0;0;0;0;32,7;49,4;1;1;0;107;0;0;0;0,0;3614;0;0;0;
22.08.2024;00:54:13;17,0;16,8;0;32,7;8,0;22,0;8,0;0;0;0,0;8;49,4;49,4;25,0;0;8200;20,0;62,7;8,0;60,0;0;63,1;8,0;8,0;0,00;0,00;0;0;47,7;146,0;6000;0;99;-2147483648;0;0;0;0;0;0;0;0;0;0;0;32,7;49,4;1;1;0;107;0;0;0;0,0;3614;0;0;0;
22.08.2024;00:55:13;17,0;16,8;0;32,7;8,0;22,0;8,0;0;0;0,0;8;49,4;49,4;25,0;0;8200;20,1;62,7;8,0;60,0;0;63,1;8,0;8,0;0,00;0,00;0;0;47,8;146,0;6000;0;99;-2147483648;0;0;0;0;0;0;0;0;0;0;0;32,7;49,4;1;1;0;107;0;0;0;0,0;3614;0;0;0;
22.08.2024;00:56:13;17,0;16,8;0;32,7;8,0;22,0;8,0;0;0;0,0;8;49,4;49,4;25,0;0;8200;20,1;62,7;8,0;60,0;0;63,1;8,0;8,0;0,00;0,00;0;0;47,8;146,0;6000;0;99;-2147483648;0;0;0;0;0;0;0;0;0;0;0;32,7;49,4;1;1;0;107;0;0;0;0,0;3614;0;0;0;
22.08.2024;00:57:13;17,0;16,8;0;32,7;8,0;22,0;8,0;0;0;0,0;8;49,4;49,4;25,0;0;8200;19,9;62,7;8,0;60,0;0;63,0;8,0;8,0;0,00;0,00;0;0;47,7;146,0;6000;0;99;-2147483648;0;0;0;0;0;0;0;0;0;0;0;32,7;49,4;1;1;0;107;0;0;0;0,0;3614;0;0;0;
22.08.2024;00:58:13;16,9;16,8;0;32,7;8,0;22,0;8,0;0;0;0,0;8;49,3;49,3;25,0;0;8200;20,0;62,6;8,0;60,0;0;63,1;8,0;8,0;0,00;0,00;0;0;47,8;146,0;6000;0;99;-2147483648;0;0;0;0;0;0;0;0;0;0;0;32,7;49,3;1;1;0;107;0;0;0;0,0;3614;0;0;0;
22.08.2024;00:59:13;16,9;16,8;0;32,7;8,0;22,0;8,0;0;0;0,0;8;49,3;49,3;25,0;0;8200;19,9;62,6;8,0;60,0;0;63,0;8,0;8,0;0,00;0,00;0;0;47,8;146,0;6000;0;99;-2147483648;0;0;0;0;0;0;0;0;0;0;0;32,7;49,3;1;1;0;107;0;0;0;0,0;3614;0;0;0;
22.08.2024;01:00:13;16,9;16,8;0;32,7;8,0;21,9;8,0;0;0;0,0;8;49,2;49,2;25,0;0;8200;20,1;62,6;8,0;60,0;0;63,1;8,0;8,0;0,00;0,00;0;0;47,8;146,0;6000;0;99;-2147483648;0;0;0;0;0;0;0;0;0;0;0;32,7;49,2;1;1;0;107;0;0;0;0,0;3614;0;0;0;
22.08.2024;01:01:13;16,9;16,8;0;32,7;8,0;21,9;8,0;0;0;0,0;8;49,2;49,2;25,0;0;8200;19,9;62,6;8,0;60,0;0;63,0;8,0;8,0;0,00;0,00;0;0;47,8;146,0;6000;0;99;-2147483648;0;0;0;0;0;0;0;0;0;0;0;32,7;49,2;1;1;0;107;0;0;0;0,0;3614;0;0;0;
22.08.2024;01:02:13;16,9;16,8;0;32,7;8,0;22,0;8,0;0;0;0,0;8;49,2;49,2;25,0;0;8200;20,4;62,6;8,0;60,0;0;63,0;8,0;8,0;0,00;0,00;0;0;47,8;146,0;6000;0;99;-2147483648;0;0;0;0;0;0;0;0;0;0;0;32,7;49,2;1;1;0;107;0;0;0;0,0;3614;0;0;0;
22.08.2024;01:03:13;16,9;16,8;0;32,7;8,0;22,0;8,0;0;0;0,0;8;49,2;49,2;25,0;0;8200;20,1;62,5;8,0;60,0;0;63,0;8,0;8,0;0,00;0,00;0;0;47,7;146,0;6000;0;99;-2147483648;0;0;0;0;0;0;0;0;0;0;0;32,7;49,2;1;1;0;107;0;0;0;0,0;3614;0;0;0;
22.08.2024;01:04:13;16,9;16,7;0;32,7;8,0;21,9;8,0;0;0;0,0;8;49,2;49,2;25,0;0;8200;19,9;62,5;8,0;60,0;0;63,0;8,0;8,0;0,00;0,00;0;0;47,8;146,0;6000;0;99;-2147483648;0;0;0;0;0;0;0;0;0;0;0;32,7;49,2;1;1;0;107;0;0;0;0,0;3614;0;0;0;
22.08.2024;01:05:13;16,9;16,7;0;32,7;8,0;21,9;8,0;0;0;0,0;8;49,2;49,2;25,0;0;8200;19,9;62,5;8,0;60,0;0;62,9;8,0;8,0;0,00;0,00;0;0;47,8;146,0;6000;0;99;-2147483648;0;0;0;0;0;0;0;0;0;0;0;32,7;49,2;1;1;0;107;0;0;0;0,0;3614;0;0;0;
22.08.2024;01:06:13;16,9;16,7;0;32,7;8,0;21,9;8,0;0;0;0,0;8;49,2;49,2;25,0;0;8200;20,0;62,5;8,0;60,0;0;62,9;8,0;8,0;0,00;0,00;0;0;47,7;146,0;6000;0;99;-2147483648;0;0;0;0;0;0;0;0;0;0;0;32,7;49,2;1;1;0;107;0;0;0;0,0;3614;0;0;0;
22.08.2024;01:07:13;16,9;16,7;0;32,6;8,0;21,9;8,0;0;0;0,0;8;49,2;49,2;25,0;0;8200;20,1;62,4;8,0;60,0;0;63,0;8,0;8,0;0,00;0,00;0;0;47,8;146,0;6000;0;99;-2147483648;0;0;0;0;0;0;0;0;0;0;0;32,6;49,2;1;1;0;107;0;0;0;0,0;3614;0;0;0;
22.08.2024;01:08:13;16,9;16,7;0;32,7;8,0;22,0;8,0;0;0;0,0;8;49,1;49,1;25,0;0;8200;20,1;62,4;8,0;60,0;0;62,9;8,0;8,0;0,00;0,00;0;0;47,8;146,0;6000;0;99;-2147483648;0;0;0;0;0;0;0;0;0;0;0;32,7;49,1;1;1;0;107;0;0;0;0,0;3614;0;0;0;
22.08.2024;01:09:13;16,9;16,7;0;32,7;8,0;22,0;8,0;0;0;0,0;8;49,1;49,1;25,0;0;8200;19,9;62,5;8,0;60,0;0;62,9;8,0;8,0;0,00;0,00;0;0;47,7;146,0;6000;0;99;-2147483648;0;0;0;0;0;0;0;0;0;0;0;32,7;49,1;1;1;0;107;0;0;0;0,0;3614;0;0;0;
22.08.2024;01:10:13;16,9;16,7;0;32,6;8,0;22,0;8,0;0;0;0,0;8;49,1;49,1;25,0;0;8200;19,9;62,4;8,0;60,0;0;62,8;8,0;8,0;0,00;0,00;0;0;47,8;146,0;6000;0;99;-2147483648;0;0;0;0;0;0;0;0;0;0;0;32,6;49,1;1;1;0;107;0;0;0;0,0;3614;0;0;0;
22.08.2024;01:11:13;16,9;16,7;0;32,6;8,0;22,0;8,0;0;0;0,0;8;49,1;49,1;25,0;0;8200;20,0;62,4;8,0;60,0;0;62,7;8,0;8,0;0,00;0,00;0;0;47,7;146,0;6000;0;99;-2147483648;0;0;0;0;0;0;0;0;0;0;0;32,6;49,1;1;1;0;107;0;0;0;0,0;3614;0;0;0;
22.08.2024;01:12:13;16,8;16,6;0;32,7;8,0;22,0;8,0;0;0;0,0;8;49,1;49,1;25,0;0;8200;19,9;62,4;8,0;60,0;0;62,7;8,0;8,0;0,00;0,00;0;0;47,7;146,0;6000;0;99;-2147483648;0;0;0;0;0;0;0;0;0;0;0;32,6;49,1;1;1;0;107;0;0;0;0,0;3614;0;0;0;
22.08.2024;01:13:13;16,8;16,6;0;32,6;8,0;22,0;8,0;0;0;0,0;8;49,1;49,1;25,0;0;8200;20,1;62,4;8,0;60,0;0;62,6;8,0;8,0;0,00;0,00;0;0;47,8;146,0;6000;0;99;-2147483648;0;0;0;0;0;0;0;0;0;0;0;32,6;49,1;1;1;0;107;0;0;0;0,0;3614;0;0;0;
22.08.2024;01:14:13;16,8;16,6;0;32,6;8,0;22,0;8,0;0;0;0,0;8;49,0;49,0;25,0;0;8200;20,0;62,3;8,0;60,0;0;62,6;8,0;8,0;0,00;0,00;0;0;47,8;146,0;6000;0;99;-2147483648;0;0;0;0;0;0;0;0;0;0;0;32,6;49,0;1;1;0;107;0;0;0;0,0;3614;0;0;0;
22.08.2024;01:15:13;16,8;16,6;0;32,6;8,0;22,0;8,0;0;0;0,0;8;49,0;49,0;25,0;0;8200;20,0;62,4;8,0;60,0;0;62,6;8,0;8,0;0,00;0,00;0;0;47,8;146,0;6000;0;99;-2147483648;0;0;0;0;0;0;0;0;0;0;0;32,6;49,0;1;1;0;107;0;0;0;0,0;3614;0;0;0;
22.08.2024;01:16:13;16,8;16,6;0;32,6;8,0;22,0;8,0;0;0;0,0;8;49,0;49,0;25,0;0;8200;20,0;62,3;8,0;60,0;0;62,6;8,0;8,0;0,00;0,00;0;0;47,8;146,0;6000;0;99;-2147483648;0;0;0;0;0;0;0;0;0;0;0;32,6;49,0;1;1;0;107;0;0;0;0,0;3614;0;0;0;
22.08.2024;01:17:13;16,8;16,6;0;32,6;8,0;22,0;8,0;0;0;0,0;8;49,0;49,0;25,0;0;8200;20,1;62,3;8,0;60,0;0;62,6;8,0;8,0;0,00;0,00;0;0;47,8;146,0;6000;0;99;-2147483648;0;0;0;0;0;0;0;0;0;0;0;32,6;49,0;1;1;0;107;0;0;0;0,0;3614;0;0;0;
22.08.2024;01:18:13;16,8;16,6;0;32,6;8,0;22,0;8,0;0;0;0,0;8;49,0;49,0;25,0;0;8200;20,0;62,3;8,0;60,0;0;62,6;8,0;8,0;0,00;0,00;0;0;47,7;146,0;6000;0;99;-2147483648;0;0;0;0;0;0;0;0;0;0;0;32,6;49,0;1;1;0;107;0;0;0;0,0;3614;0;0;0;
22.08.2024;01:19:13;16,8;16,7;0;32,6;8,0;22,0;8,0;0;0;0,0;8;48,9;48,9;25,0;0;8200;19,9;62,3;8,0;60,0;0;62,5;8,0;8,0;0,00;0,00;0;0;47,8;146,0;6000;0;99;-2147483648;0;0;0;0;0;0;0;0;0;0;0;32,6;48,9;1;1;0;107;0;0;0;0,0;3614;0;0;0;
22.08.2024;01:20:13;16,8;16,6;0;32,6;8,0;22,0;8,0;0;0;0,0;8;49,0;49,0;25,0;0;8200;20,1;62,2;8,0;60,0;0;62,5;8,0;8,0;0,00;0,00;0;0;47,7;146,0;6000;0;99;-2147483648;0;0;0;0;0;0;0;0;0;0;0;32,6;49,0;1;1;0;107;0;0;0;0,0;3614;0;0;0;
22.08.2024;01:21:13;16,8;16,6;0;32,5;8,0;22,0;8,0;0;0;0,0;8;48,9;48,9;25,0;0;8200;20,0;62,2;8,0;60,0;0;62,5;8,0;8,0;0,00;0,00;0;0;47,8;146,0;6000;0;99;-2147483648;0;0;0;0;0;0;0;0;0;0;0;32,5;48,9;1;1;0;107;0;0;0;0,0;3614;0;0;0;
22.08.2024;01:22:13;16,8;16,6;0;32,6;8,0;22,1;8,0;0;0;0,0;8;48,9;48,9;25,0;0;8200;20,4;62,2;8,0;60,0;0;62,6;8,0;8,0;0,00;0,00;0;0;47,8;146,0;6000;0;99;-2147483648;0;0;0;0;0;0;0;0;0;0;0;32,6;48,9;1;1;0;107;0;0;0;0,0;3614;0;0;0;
22.08.2024;01:23:13;16,8;16,6;0;32,6;8,0;22,0;8,0;0;0;0,0;8;48,9;48,9;25,0;0;8200;20,0;62,2;8,0;60,0;0;62,5;8,0;8,0;0,00;0,00;0;0;47,8;146,0;6000;0;99;-2147483648;0;0;0;0;0;0;0;0;0;0;0;32,6;48,9;1;1;0;107;0;0;0;0,0;3614;0;0;0;
22.08.2024;01:24:13;16,7;16,6;0;32,5;8,0;22,0;8,0;0;0;0,0;8;48,8;48,8;25,0;0;8200;19,9;62,1;8,0;60,0;0;62,5;8,0;8,0;0,00;0,00;0;0;47,8;146,0;6000;0;99;-2147483648;0;0;0;0;0;0;0;0;0;0;0;32,5;48,8;1;1;0;107;0;0;0;0,0;3614;0;0;0;
22.08.2024;01:25:13;16,7;16,6;0;32,6;8,0;22,0;8,0;0;0;0,0;8;48,9;48,9;25,0;0;8200;20,0;62,1;8,0;60,0;0;62,4;8,0;8,0;0,00;0,00;0;0;47,8;146,0;6000;0;99;-2147483648;0;0;0;0;0;0;0;0;0;0;0;32,6;48,9;1;1;0;107;0;0;0;0,0;3614;0;0;0;
22.08.2024;01:26:13;16,7;16,6;0;32,5;8,0;22,1;8,0;0;0;0,0;8;48,8;48,8;25,0;0;8200;20,4;62,1;8,0;60,0;0;62,4;8,0;8,0;0,00;0,00;0;0;47,8;146,0;6000;0;99;-2147483648;0;0;0;0;0;0;0;0;0;0;0;32,5;48,8;1;1;0;107;0;0;0;0,0;3614;0;0;0;
22.08.2024;01:27:13;16,7;16,6;0;32,5;8,0;22,0;8,0;0;0;0,0;8;48,8;48,8;25,0;0;8200;19,9;62,1;8,0;60,0;0;62,4;8,0;8,0;0,00;0,00;0;0;47,8;146,0;6000;0;99;-2147483648;0;0;0;0;0;0;0;0;0;0;0;32,5;48,8;1;1;0;107;0;0;0;0,0;3614;0;0;0;
22.08.2024;01:28:13;16,7;16,6;0;32,6;8,0;22,0;8,0;0;0;0,0;8;48,8;48,8;25,0;0;8200;20,0;62,1;8,0;60,0;0;62,3;8,0;8,0;0,00;0,00;0;0;47,7;146,0;6000;0;99;-2147483648;0;0;0;0;0;0;0;0;0;0;0;32,6;48,8;1;1;0;107;0;0;0;0,0;3614;0;0;0;
22.08.2024;01:29:13;16,7;16,6;0;32,5;8,0;22,0;8,0;0;0;0,0;8;48,8;48,8;25,0;0;8200;20,1;62,1;8,0;60,0;0;62,4;8,0;8,0;0,00;0,00;0;0;47,7;146,0;6000;0;99;-2147483648;0;0;0;0;0;0;0;0;0;0;0;32,5;48,8;1;1;0;107;0;0;0;0,0;3614;0;0;0;
22.08.2024;01:30:13;16,7;16,6;0;32,5;8,0;22,0;8,0;0;0;0,0;8;48,8;48,8;25,0;0;8200;20,1;62,0;8,0;60,0;0;62,3;8,0;8,0;0,00;0,00;0;0;47,7;146,0;6000;0;99;-2147483648;0;0;0;0;0;0;0;0;0;0;0;32,5;48,8;1;1;0;107;0;0;0;0,0;3614;0;0;0;
22.08.2024;01:31:13;16,7;16,5;0;32,5;8,0;21,9;8,0;0;0;0,0;8;48,8;48,8;25,0;0;8200;20,0;62,0;8,0;60,0;0;62,3;8,0;8,0;0,00;0,00;0;0;47,8;146,0;6000;0;99;-2147483648;0;0;0;0;0;0;0;0;0;0;0;32,5;48,8;1;1;0;107;0;0;0;0,0;3614;0;0;0;
22.08.2024;01:32:13;16,7;16,5;0;32,5;8,0;22,0;8,0;0;0;0,0;8;48,7;48,7;25,0;0;8200;19,9;62,0;8,0;60,0;0;62,3;8,0;8,0;0,00;0,00;0;0;47,7;146,0;6000;0;99;-2147483648;0;0;0;0;0;0;0;0;0;0;0;32,5;48,7;1;1;0;107;0;0;0;0,0;3614;0;0;0;
22.08.2024;01:33:13;16,7;16,5;0;32,5;8,0;22,0;8,0;0;0;0,0;8;48,7;48,7;25,0;0;8200;20,1;62,0;8,0;60,0;0;62,3;8,0;8,0;0,00;0,00;0;0;47,7;146,0;6000;0;99;-2147483648;0;0;0;0;0;0;0;0;0;0;0;32,5;48,7;1;1;0;107;0;0;0;0,0;3614;0;0;0;
22.08.2024;01:34:13;16,7;16,5;0;32,5;8,0;22,0;8,0;0;0;0,0;8;48,7;48,7;25,0;0;8200;19,9;62,0;8,0;60,0;0;62,3;8,0;8,0;0,00;0,00;0;0;47,8;146,0;6000;0;99;-2147483648;0;0;0;0;0;0;0;0;0;0;0;32,5;48,7;1;1;0;107;0;0;0;0,0;3614;0;0;0;
22.08.2024;01:35:13;16,7;16,5;0;32,5;8,0;22,0;8,0;0;0;0,0;8;48,7;48,7;25,0;0;8200;20,0;62,0;8,0;60,0;0;62,2;8,0;8,0;0,00;0,00;0;0;47,8;146,0;6000;0;99;-2147483648;0;0;0;0;0;0;0;0;0;0;0;32,5;48,7;1;1;0;107;0;0;0;0,0;3614;0;0;0;
22.08.2024;01:36:13;16,7;16,5;0;32,5;8,0;22,0;8,0;0;0;0,0;8;48,6;48,6;25,0;0;8200;19,9;61,9;8,0;60,0;0;62,3;8,0;8,0;0,00;0,00;0;0;47,8;146,0;6000;0;99;-2147483648;0;0;0;0;0;0;0;0;0;0;0;32,5;48,6;1;1;0;107;0;0;0;0,0;3614;0;0;0;
22.08.2024;01:37:13;16,7;16,5;0;32,5;8,0;22,0;8,0;0;0;0,0;8;48,6;48,6;25,0;0;8200;20,0;61,9;8,0;60,0;0;62,3;8,0;8,0;0,00;0,00;0;0;47,7;146,0;6000;0;99;-2147483648;0;0;0;0;0;0;0;0;0;0;0;32,5;48,6;1;1;0;107;0;0;0;0,0;3614;0;0;0;
22.08.2024;01:38:13;16,6;16,5;0;32,5;8,0;21,9;8,0;0;0;0,0;8;48,6;48,6;25,0;0;8200;20,0;61,9;8,0;60,0;0;62,2;8,0;8,0;0,00;0,00;0;0;47,8;146,0;6000;0;99;-2147483648;0;0;0;0;0;0;0;0;0;0;0;32,5;48,6;1;1;0;107;0;0;0;0,0;3614;0;0;0;
22.08.2024;01:39:13;16,6;16,5;0;32,5;8,0;21,9;8,0;0;0;0,0;8;48,7;48,7;25,0;0;8200;20,0;61,8;8,0;60,0;0;62,1;8,0;8,0;0,00;0,00;0;0;47,8;146,0;6000;0;99;-2147483648;0;0;0;0;0;0;0;0;0;0;0;32,5;48,7;1;1;0;107;0;0;0;0,0;3614;0;0;0;
22.08.2024;01:40:13;16,6;16,5;0;32,5;8,0;21,9;8,0;0;0;0,0;8;48,6;48,6;25,0;0;8200;19,9;61,9;8,0;60,0;0;62,1;8,0;8,0;0,00;0,00;0;0;47,7;146,0;6000;0;99;-2147483648;0;0;0;0;0;0;0;0;0;0;0;32,5;48,6;1;1;0;107;0;0;0;0,0;3614;0;0;0;
22.08.2024;01:41:13;16,6;16,5;0;32,5;8,0;22,0;8,0;0;0;0,0;8;48,6;48,6;25,0;0;8200;20,1;61,9;8,0;60,0;0;62,0;8,0;8,0;0,00;0,00;0;0;47,7;146,0;6000;0;99;-2147483648;0;0;0;0;0;0;0;0;0;0;0;32,5;48,6;1;1;0;107;0;0;0;0,0;3614;0;0;0;
22.08.2024;01:42:13;16,6;16,5;0;32,5;8,0;21,9;8,0;0;0;0,0;8;48,5;48,5;25,0;0;8200;19,9;61,9;8,0;60,0;0;62,0;8,0;8,0;0,00;0,00;0;0;47,7;146,0;6000;0;99;-2147483648;0;0;0;0;0;0;0;0;0;0;0;32,5;48,5;1;1;0;107;0;0;0;0,0;3614;0;0;0;
22.08.2024;01:43:13;16,6;16,5;0;32,4;8,0;21,9;8,0;0;0;0,0;8;48,5;48,5;25,0;0;8200;20,0;61,8;8,0;60,0;0;62,1;8,0;8,0;0,00;0,00;0;0;47,8;146,0;6000;0;99;-2147483648;0;0;0;0;0;0;0;0;0;0;0;32,4;48,5;1;1;0;107;0;0;0;0,0;3614;0;0;0;
22.08.2024;01:44:13;16,6;16,5;0;32,4;8,0;22,0;8,0;0;0;0,0;8;48,5;48,5;25,0;0;8200;20,5;61,8;8,0;60,0;0;62,1;8,0;8,0;0,00;0,00;0;0;47,7;146,0;6000;0;99;-2147483648;0;0;0;0;0;0;0;0;0;0;0;32,4;48,5;1;1;0;107;0;0;0;0,0;3614;0;0;0;
22.08.2024;01:45:13;16,6;16,5;0;32,5;8,0;22,0;8,0;0;0;0,0;8;48,5;48,5;25,0;0;8200;19,9;61,9;8,0;60,0;0;62,0;8,0;8,0;0,00;0,00;0;0;47,7;146,0;6000;0;99;-2147483648;0;0;0;0;0;0;0;0;0;0;0;32,5;48,5;1;1;0;107;0;0;0;0,0;3614;0;0;0;
22.08.2024;01:46:13;16,6;16,4;0;32,5;8,0;22,0;8,0;0;0;0,0;8;48,5;48,5;25,0;0;8200;20,1;61,8;8,0;60,0;0;61,9;8,0;8,0;0,00;0,00;0;0;47,7;146,0;6000;0;99;-2147483648;0;0;0;0;0;0;0;0;0;0;0;32,5;48,5;1;1;0;107;0;0;0;0,0;3614;0;0;0;
22.08.2024;01:47:13;16,6;16,5;0;32,4;8,0;22,1;8,0;0;0;0,0;8;48,5;48,5;25,0;0;8200;20,1;61,7;8,0;60,0;0;62,1;8,0;8,0;0,00;0,00;0;0;47,8;146,0;6000;0;99;-2147483648;0;0;0;0;0;0;0;0;0;0;0;32,4;48,4;1;1;0;107;0;0;0;0,0;3614;0;0;0;
22.08.2024;01:48:13;16,6;16,5;0;32,4;8,0;22,1;8,0;0;0;0,0;8;48,4;48,4;25,0;0;8200;20,0;61,7;8,0;60,0;0;62,1;8,0;8,0;0,00;0,00;0;0;47,7;146,0;6000;0;99;-2147483648;0;0;0;0;0;0;0;0;0;0;0;32,4;48,4;1;1;0;107;0;0;0;0,0;3614;0;0;0;
22.08.2024;01:49:13;16,6;16,5;0;32,4;8,0;22,0;8,0;0;0;0,0;8;48,4;48,4;25,0;0;8200;20,1;61,7;8,0;60,0;0;62,0;8,0;8,0;0,00;0,00;0;0;47,7;146,0;6000;0;99;-2147483648;0;0;0;0;0;0;0;0;0;0;0;32,4;48,4;1;1;0;107;0;0;0;0,0;3614;0;0;0;
22.08.2024;01:50:13;16,6;16,4;0;32,4;8,0;22,0;8,0;0;0;0,0;8;48,4;48,4;25,0;0;8200;19,9;61,7;8,0;60,0;0;61,9;8,0;8,0;0,00;0,00;0;0;47,7;146,0;6000;0;99;-2147483648;0;0;0;0;0;0;0;0;0;0;0;32,4;48,4;1;1;0;107;0;0;0;0,0;3614;0;0;0;
22.08.2024;01:51:13;16,6;16,5;0;32,4;8,0;22,0;8,0;0;0;0,0;8;48,4;48,4;25,0;0;8200;20,0;61,6;8,0;60,0;0;62,0;8,0;8,0;0,00;0,00;0;0;47,7;146,0;6000;0;99;-2147483648;0;0;0;0;0;0;0;0;0;0;0;32,4;48,4;1;1;0;107;0;0;0;0,0;3614;0;0;0;
22.08.2024;01:52:13;16,6;16,4;0;32,5;8,0;22,0;8,0;0;0;0,0;8;48,4;48,4;25,0;0;8200;20,0;61,7;8,0;60,0;0;61,8;8,0;8,0;0,00;0,00;0;0;47,7;146,0;6000;0;99;-2147483648;0;0;0;0;0;0;0;0;0;0;0;32,5;48,4;1;1;0;107;0;0;0;0,0;3614;0;0;0;
22.08.2024;01:53:13;16,6;16,5;0;32,4;8,0;22,0;8,0;0;0;0,0;8;48,3;48,3;25,0;0;8200;20,0;61,7;8,0;60,0;0;61,9;8,0;8,0;0,00;0,00;0;0;47,7;146,0;6000;0;99;-2147483648;0;0;0;0;0;0;0;0;0;0;0;32,4;48,3;1;1;0;107;0;0;0;0,0;3614;0;0;0;
22.08.2024;01:54:13;16,6;16,4;0;32,4;8,0;22,0;8,0;0;0;0,0;8;48,3;48,3;25,0;0;8200;20,1;61,6;8,0;60,0;0;61,9;8,0;8,0;0,00;0,00;0;0;47,7;146,0;6000;0;99;-2147483648;0;0;0;0;0;0;0;0;0;0;0;32,4;48,3;1;1;0;107;0;0;0;0,0;3614;0;0;0;
22.08.2024;01:55:13;16,5;16,4;0;32,4;8,0;22,0;8,0;0;0;0,0;8;48,3;48,3;25,0;0;8200;19,9;61,6;8,0;60,0;0;61,9;8,0;8,0;0,00;0,00;0;0;47,7;146,0;6000;0;99;-2147483648;0;0;0;0;0;0;0;0;0;0;0;32,4;48,3;1;1;0;107;0;0;0;0,0;3614;0;0;0;
22.08.2024;01:56:13;16,5;16,4;0;32,4;8,0;22,0;8,0;0;0;0,0;8;48,3;48,3;25,0;0;8200;20,4;61,5;8,0;60,0;0;61,9;8,0;8,0;0,00;0,00;0;0;47,7;146,0;6000;0;99;-2147483648;0;0;0;0;0;0;0;0;0;0;0;32,4;48,3;1;1;0;107;0;0;0;0,0;3614;0;0;0;
22.08.2024;01:57:13;16,5;16,4;0;32,4;8,0;22,1;8,0;0;0;0,0;8;48,3;48,3;25,0;0;8200;20,1;61,6;8,0;60,0;0;61,8;8,0;8,0;0,00;0,00;0;0;47,7;146,0;6000;0;99;-2147483648;0;0;0;0;0;0;0;0;0;0;0;32,4;48,3;1;1;0;107;0;0;0;0,0;3614;0;0;0;
22.08.2024;01:58:13;16,5;16,4;0;32,4;8,0;22,1;8,0;0;0;0,0;8;48,3;48,3;25,0;0;8200;20,0;61,5;8,0;60,0;0;61,8;8,0;8,0;0,00;0,00;0;0;47,7;146,0;6000;0;99;-2147483648;0;0;0;0;0;0;0;0;0;0;0;32,4;48,3;1;1;0;107;0;0;0;0,0;3614;0;0;0;
22.08.2024;01:59:13;16,5;16,4;0;32,3;8,0;22,1;8,0;0;0;0,0;8;48,3;48,3;25,0;0;8200;20,3;61,5;8,0;60,0;0;61,9;8,0;8,0;0,00;0,00;0;0;47,7;146,0;6000;0;99;-2147483648;0;0;0;0;0;0;0;0;0;0;0;32,3;48,3;1;1;0;107;0;0;0;0,0;3614;0;0;0;
22.08.2024;02:00:13;16,5;16,4;0;32,4;8,0;22,1;8,0;0;0;0,0;8;48,3;48,3;25,0;0;8200;20,0;61,6;8,0;60,0;0;61,6;8,0;8,0;0,00;0,00;0;0;47,7;146,0;6000;0;99;-2147483648;0;0;0;0;0;0;0;0;0;0;0;32,4;48,3;1;1;0;107;0;0;0;0,0;3614;0;0;0;
22.08.2024;02:01:13;16,5;16,4;0;32,4;8,0;22,0;8,0;0;0;0,0;8;48,3;48,3;25,0;0;8200;20,0;61,4;8,0;60,0;0;61,7;8,0;8,0;0,00;0,00;0;0;47,7;146,0;6000;0;99;-2147483648;0;0;0;0;0;0;0;0;0;0;0;32,4;48,3;1;1;0;107;0;0;0;0,0;3614;0;0;0;
22.08.2024;02:02:13;16,5;16,3;0;32,4;8,0;22,0;8,0;0;0;0,0;8;48,2;48,2;25,0;0;8200;19,9;61,5;8,0;60,0;0;61,7;8,0;8,0;0,00;0,00;0;0;47,7;146,0;6000;0;99;-2147483648;0;0;0;0;0;0;0;0;0;0;0;32,4;48,2;1;1;0;107;0;0;0;0,0;3614;0;0;0;
22.08.2024;02:03:13;16,5;16,3;0;32,4;8,0;22,0;8,0;0;0;0,0;8;48,2;48,2;25,0;0;8200;20,0;61,4;8,0;60,0;0;61,7;8,0;8,0;0,00;0,00;0;0;47,7;146,0;6000;0;99;-2147483648;0;0;0;0;0;0;0;0;0;0;0;32,4;48,2;1;1;0;107;0;0;0;0,0;3614;0;0;0;
22.08.2024;02:04:13;16,5;16,3;0;32,4;8,0;21,9;8,0;0;0;0,0;8;48,2;48,2;25,0;0;8200;20,0;61,4;8,0;60,0;0;61,6;8,0;8,0;0,00;0,00;0;0;47,7;146,0;6000;0;99;-2147483648;0;0;0;0;0;0;0;0;0;0;0;32,4;48,2;1;1;0;107;0;0;0;0,0;3614;0;0;0;
22.08.2024;02:05:13;16,5;16,3;0;32,4;8,0;21,9;8,0;0;0;0,0;8;48,2;48,2;25,0;0;8200;19,9;61,4;8,0;60,0;0;61,6;8,0;8,0;0,00;0,00;0;0;47,7;146,0;6000;0;99;-2147483648;0;0;0;0;0;0;0;0;0;0;0;32,4;48,2;1;1;0;107;0;0;0;0,0;3614;0;0;0;
22.08.2024;02:06:13;16,5;16,3;0;32,3;8,0;21,9;8,0;0;0;0,0;8;48,2;48,2;25,0;0;8200;20,0;61,4;8,0;60,0;0;61,6;8,0;8,0;0,00;0,00;0;0;47,7;146,0;6000;0;99;-2147483648;0;0;0;0;0;0;0;0;0;0;0;32,3;48,2;1;1;0;107;0;0;0;0,0;3614;0;0;0;
22.08.2024;02:07:13;16,5;16,3;0;32,3;8,0;21,9;8,0;0;0;0,0;8;48,2;48,2;25,0;0;8200;20,0;61,4;8,0;60,0;0;61,7;8,0;8,0;0,00;0,00;0;0;47,7;146,0;6000;0;99;-2147483648;0;0;0;0;0;0;0;0;0;0;0;32,3;48,2;1;1;0;107;0;0;0;0,0;3614;0;0;0;
22.08.2024;02:08:13;16,5;16,3;0;32,3;8,0;21,9;8,0;0;0;0,0;8;48,1;48,1;25,0;0;8200;19,9;61,4;8,0;60,0;0;61,6;8,0;8,0;0,00;0,00;0;0;47,7;146,0;6000;0;99;-2147483648;0;0;0;0;0;0;0;0;0;0;0;32,3;48,1;1;1;0;107;0;0;0;0,0;3614;0;0;0;
22.08.2024;02:09:13;16,5;16,3;0;32,3;8,0;21,9;8,0;0;0;0,0;8;48,1;48,1;25,0;0;8200;19,9;61,4;8,0;60,0;0;61,6;8,0;8,0;0,00;0,00;0;0;47,7;146,0;6000;0;99;-2147483648;0;0;0;0;0;0;0;0;0;0;0;32,3;48,1;1;1;0;107;0;0;0;0,0;3614;0;0;0;
22.08.2024;02:10:13;16,4;16,3;0;32,3;8,0;21,9;8,0;0;0;0,0;8;48,1;48,1;25,0;0;8200;20,0;61,3;8,0;60,0;0;61,5;8,0;8,0;0,00;0,00;0;0;47,7;146,0;6000;0;99;-2147483648;0;0;0;0;0;0;0;0;0;0;0;32,3;48,1;1;1;0;107;0;0;0;0,0;3614;0;0;0;
22.08.2024;02:11:13;16,4;16,2;0;32,3;8,0;21,9;8,0;0;0;0,0;8;48,1;48,1;25,0;0;8200;20,0;61,3;8,0;60,0;0;61,5;8,0;8,0;0,00;0,00;0;0;47,7;146,0;6000;0;99;-2147483648;0;0;0;0;0;0;0;0;0;0;0;32,3;48,1;1;1;0;107;0;0;0;0,0;3614;0;0;0;
22.08.2024;02:12:13;16,4;16,3;0;32,3;8,0;21,9;8,0;0;0;0,0;8;48,1;48,1;25,0;0;8200;20,2;61,3;8,0;60,0;0;61,4;8,0;8,0;0,00;0,00;0;0;47,7;146,0;6000;0;99;-2147483648;0;0;0;0;0;0;0;0;0;0;0;32,3;48,1;1;1;0;107;0;0;0;0,0;3614;0;0;0;
22.08.2024;02:13:13;16,4;16,3;0;32,3;8,0;22,0;8,0;0;0;0,0;8;48,0;48,0;25,0;0;8200;20,0;61,3;8,0;60,0;0;61,4;8,0;8,0;0,00;0,00;0;0;47,7;146,0;6000;0;99;-2147483648;0;0;0;0;0;0;0;0;0;0;0;32,3;48,0;1;1;0;107;0;0;0;0,0;3614;0;0;0;
22.08.2024;02:14:13;16,4;16,3;0;32,3;8,0;22,0;8,0;0;0;0,0;8;48,1;48,1;25,0;0;8200;20,1;61,3;8,0;60,0;0;61,4;8,0;8,0;0,00;0,00;0;0;47,7;146,0;6000;0;99;-2147483648;0;0;0;0;0;0;0;0;0;0;0;32,3;48,1;1;1;0;107;0;0;0;0,0;3614;0;0;0;
22.08.2024;02:15:13;16,4;16,3;0;32,3;8,0;22,0;8,0;0;0;0,0;8;48,1;48,1;25,0;0;8200;20,0;61,2;8,0;60,0;0;61,5;8,0;8,0;0,00;0,00;0;0;47,7;146,0;6000;0;99;-2147483648;0;0;0;0;0;0;0;0;0;0;0;32,3;48,1;1;1;0;107;0;0;0;0,0;3614;0;0;0;
22.08.2024;02:16:13;16,4;16,3;0;32,3;8,0;22,0;8,0;0;0;0,0;8;48,0;48,0;25,0;0;8200;20,0;61,2;8,0;60,0;0;61,4;8,0;8,0;0,00;0,00;0;0;47,7;146,0;6000;0;99;-2147483648;0;0;0;0;0;0;0;0;0;0;0;32,3;48,0;1;1;0;107;0;0;0;0,0;3614;0;0;0;
22.08.2024;02:17:13;16,4;16,3;0;32,3;8,0;22,0;8,0;0;0;0,0;8;48,0;48,0;25,0;0;8200;20,4;61,2;8,0;60,0;0;61,4;8,0;8,0;0,00;0,00;0;0;47,7;146,0;6000;0;99;-2147483648;0;0;0;0;0;0;0;0;0;0;0;32,3;48,0;1;1;0;107;0;0;0;0,0;3614;0;0;0;
22.08.2024;02:18:13;16,4;16,3;0;32,3;8,0;22,1;8,0;0;0;0,0;8;48,0;48,0;25,0;0;8200;20,0;61,3;8,0;60,0;0;61,4;8,0;8,0;0,00;0,00;0;0;47,7;146,0;6000;0;99;-2147483648;0;0;0;0;0;0;0;0;0;0;0;32,3;48,0;1;1;0;107;0;0;0;0,0;3614;0;0;0;
22.08.2024;02:19:13;16,4;16,3;0;32,3;8,0;22,1;8,0;0;0;0,0;8;48,0;48,0;25,0;0;8200;20,1;61,2;8,0;60,0;0;61,4;8,0;8,0;0,00;0,00;0;0;47,7;146,0;6000;0;99;-2147483648;0;0;0;0;0;0;0;0;0;0;0;32,3;48,0;1;1;0;107;0;0;0;0,0;3614;0;0;0;
22.08.2024;02:20:13;16,4;16,3;0;32,3;8,0;22,1;8,0;0;0;0,0;8;48,0;48,0;25,0;0;8200;20,0;61,1;8,0;60,0;0;61,4;8,0;8,0;0,00;0,00;0;0;47,7;146,0;6000;0;99;-2147483648;0;0;0;0;0;0;0;0;0;0;0;32,3;48,0;1;1;0;107;0;0;0;0,0;3614;0;0;0;
22.08.2024;02:21:13;16,4;16,3;0;32,3;8,0;22,1;8,0;0;0;0,0;8;48,0;48,0;25,0;0;8200;20,1;61,1;8,0;60,0;0;61,4;8,0;8,0;0,00;0,00;0;0;47,7;146,0;6000;0;99;-2147483648;0;0;0;0;0;0;0;0;0;0;0;32,3;48,0;1;1;0;107;0;0;0;0,0;3614;0;0;0;
22.08.2024;02:22:13;16,4;16,3;0;32,3;8,0;22,1;8,0;0;0;0,0;8;47,9;47,9;25,0;0;8200;20,4;61,2;8,0;60,0;0;61,3;8,0;8,0;0,00;0,00;0;0;47,7;146,0;6000;0;99;-2147483648;0;0;0;0;0;0;0;0;0;0;0;32,3;47,9;1;1;0;107;0;0;0;0,0;3614;0;0;0;
22.08.2024;02:23:13;16,4;16,3;0;32,2;8,0;22,1;8,0;0;0;0,0;8;47,9;47,9;25,0;0;8200;20,0;61,1;8,0;60,0;0;61,4;8,0;8,0;0,00;0,00;0;0;47,7;146,0;6000;0;99;-2147483648;0;0;0;0;0;0;0;0;0;0;0;32,2;47,9;1;1;0;107;0;0;0;0,0;3614;0;0;0;
22.08.2024;02:24:13;16,4;16,3;0;32,3;8,0;22,1;8,0;0;0;0,0;8;47,9;47,9;25,0;0;8200;20,1;61,1;8,0;60,0;0;61,3;8,0;8,0;0,00;0,00;0;0;47,7;146,0;6000;0;99;-2147483648;0;0;0;0;0;0;0;0;0;0;0;32,3;47,9;1;1;0;107;0;0;0;0,0;3614;0;0;0;
22.08.2024;02:25:13;16,4;16,2;0;32,2;8,0;22,1;8,0;0;0;0,0;8;47,9;47,9;25,0;0;8200;20,1;61,1;8,0;60,0;0;61,3;8,0;8,0;0,00;0,00;0;0;47,7;146,0;6000;0;99;-2147483648;0;0;0;0;0;0;0;0;0;0;0;32,2;47,9;1;1;0;107;0;0;0;0,0;3614;0;0;0;
22.08.2024;02:26:13;16,4;16,2;0;32,2;8,0;22,1;8,0;0;0;0,0;8;47,9;47,9;25,0;0;8200;20,0;61,1;8,0;60,0;0;61,3;8,0;8,0;0,00;0,00;0;0;47,7;146,0;6000;0;99;-2147483648;0;0;0;0;0;0;0;0;0;0;0;32,2;47,9;1;1;0;107;0;0;0;0,0;3614;0;0;0;
22.08.2024;02:27:13;16,4;16,2;0;32,3;8,0;22,0;8,0;0;0;0,0;8;47,8;47,8;25,0;0;8200;19,9;61,1;8,0;60,0;0;61,2;8,0;8,0;0,00;0,00;0;0;47,7;146,0;6000;0;99;-2147483648;0;0;0;0;0;0;0;0;0;0;0;32,3;47,8;1;1;0;107;0;0;0;0,0;3614;0;0;0;
22.08.2024;02:28:13;16,3;16,3;0;32,2;8,0;21,9;8,0;0;0;0,0;8;47,9;47,9;25,0;0;8200;19,9;61,0;8,0;60,0;0;61,3;8,0;8,0;0,00;0,00;0;0;47,7;146,0;6000;0;99;-2147483648;0;0;0;0;0;0;0;0;0;0;0;32,2;47,9;1;1;0;107;0;0;0;0,0;3614;0;0;0;
22.08.2024;02:29:13;16,3;16,3;0;32,2;8,0;21,9;8,0;0;0;0,0;8;47,8;47,8;25,0;0;8200;20,1;61,0;8,0;60,0;0;61,3;8,0;8,0;0,00;0,00;0;0;47,7;146,0;6000;0;99;-2147483648;0;0;0;0;0;0;0;0;0;0;0;32,2;47,8;1;1;0;107;0;0;0;0,0;3614;0;0;0;
22.08.2024;02:30:13;16,3;16,3;0;32,2;8,0;21,9;8,0;0;0;0,0;8;47,8;47,8;25,0;0;8200;19,9;61,0;8,0;60,0;0;61,2;8,0;8,0;0,00;0,00;0;0;47,7;146,0;6000;0;99;-2147483648;0;0;0;0;0;0;0;0;0;0;0;32,2;47,8;1;1;0;107;0;0;0;0,0;3614;0;0;0;
22.08.2024;02:31:13;16,3;16,3;0;32,2;8,0;21,9;8,0;0;0;0,0;8;47,8;47,8;25,0;0;8200;20,0;61,0;8,0;60,0;0;61,1;8,0;8,0;0,00;0,00;0;0;47,7;146,0;6000;0;99;-2147483648;0;0;0;0;0;0;0;0;0;0;0;32,2;47,8;1;1;0;107;0;0;0;0,0;3614;0;0;0;
22.08.2024;02:32:13;16,3;16,3;0;32,2;8,0;21,9;8,0;0;0;0,0;8;47,8;47,8;25,0;0;8200;19,9;61,0;8,0;60,0;0;61,1;8,0;8,0;0,00;0,00;0;0;47,7;146,0;6000;0;99;-2147483648;0;0;0;0;0;0;0;0;0;0;0;32,2;47,8;1;1;0;107;0;0;0;0,0;3614;0;0;0;
22.08.2024;02:33:13;16,3;16,2;0;32,2;8,0;21,9;8,0;0;0;0,0;8;47,8;47,8;25,0;0;8200;19,9;60,9;8,0;60,0;0;61,1;8,0;8,0;0,00;0,00;0;0;47,7;146,0;6000;0;99;-2147483648;0;0;0;0;0;0;0;0;0;0;0;32,2;47,8;1;1;0;107;0;0;0;0,0;3614;0;0;0;
22.08.2024;02:34:13;16,3;16,2;0;32,2;8,0;21,9;8,0;0;0;0,0;8;47,7;47,7;25,0;0;8200;19,9;60,9;8,0;60,0;0;61,1;8,0;8,0;0,00;0,00;0;0;47,7;146,0;6000;0;99;-2147483648;0;0;0;0;0;0;0;0;0;0;0;32,2;47,7;1;1;0;107;0;0;0;0,0;3614;0;0;0;
22.08.2024;02:35:13;16,3;16,3;0;32,2;8,0;21,9;8,0;0;0;0,0;8;47,8;47,8;25,0;0;8200;20,0;60,9;8,0;60,0;0;61,0;8,0;8,0;0,00;0,00;0;0;47,7;146,0;6000;0;99;-2147483648;0;0;0;0;0;0;0;0;0;0;0;32,2;47,8;1;1;0;107;0;0;0;0,0;3614;0;0;0;
22.08.2024;02:36:13;16,3;16,3;0;32,2;8,0;21,9;8,0;0;0;0,0;8;47,7;47,7;25,0;0;8200;19,9;60,9;8,0;60,0;0;61,1;8,0;8,0;0,00;0,00;0;0;47,7;146,0;6000;0;99;-2147483648;0;0;0;0;0;0;0;0;0;0;0;32,2;47,7;1;1;0;107;0;0;0;0,0;3614;0;0;0;
22.08.2024;02:37:13;16,3;16,2;0;32,2;8,0;21,9;8,0;0;0;0,0;8;47,7;47,7;25,0;0;8200;20,0;60,9;8,0;60,0;0;61,1;8,0;8,0;0,00;0,00;0;0;47,7;146,0;6000;0;99;-2147483648;0;0;0;0;0;0;0;0;0;0;0;32,2;47,7;1;1;0;107;0;0;0;0,0;3614;0;0;0;
22.08.2024;02:38:13;16,3;16,2;0;32,2;8,0;21,9;8,0;0;0;0,0;8;47,7;47,7;25,0;0;8200;20,4;60,9;8,0;60,0;0;61,0;8,0;8,0;0,00;0,00;0;0;47,7;146,0;6000;0;99;-2147483648;0;0;0;0;0;0;0;0;0;0;0;32,2;47,7;1;1;0;107;0;0;0;0,0;3614;0;0;0;
22.08.2024;02:39:13;16,3;16,2;0;32,2;8,0;22,0;8,0;0;0;0,0;8;47,7;47,7;25,0;0;8200;20,0;60,8;8,0;60,0;0;60,9;8,0;8,0;0,00;0,00;0;0;47,7;146,0;6000;0;99;-2147483648;0;0;0;0;0;0;0;0;0;0;0;32,2;47,7;1;1;0;107;0;0;0;0,0;3614;0;0;0;
22.08.2024;02:40:13;16,3;16,2;0;32,2;8,0;22,0;8,0;0;0;0,0;8;47,7;47,7;25,0;0;8200;20,0;60,8;8,0;60,0;0;61,0;8,0;8,0;0,00;0,00;0;0;47,7;146,0;6000;0;99;-2147483648;0;0;0;0;0;0;0;0;0;0;0;32,2;47,7;1;1;0;107;0;0;0;0,0;3614;0;0;0;
22.08.2024;02:41:13;16,3;16,2;0;32,1;8,0;22,0;8,0;0;0;0,0;8;47,7;47,7;25,0;0;8200;20,0;60,8;8,0;60,0;0;61,0;8,0;8,0;0,00;0,00;0;0;47,7;146,0;6000;0;99;-2147483648;0;0;0;0;0;0;0;0;0;0;0;32,1;47,7;1;1;0;107;0;0;0;0,0;3614;0;0;0;
22.08.2024;02:42:13;16,3;16,2;0;32,1;8,0;22,1;8,0;0;0;0,0;8;47,6;47,6;25,0;0;8200;20,1;60,8;8,0;60,0;0;61,0;8,0;8,0;0,00;0,00;0;0;47,7;146,0;6000;0;99;-2147483648;0;0;0;0;0;0;0;0;0;0;0;32,1;47,6;1;1;0;107;0;0;0;0,0;3614;0;0;0;
22.08.2024;02:43:13;16,3;16,2;0;32,1;8,0;22,0;8,0;0;0;0,0;8;47,6;47,6;25,0;0;8200;19,9;60,8;8,0;60,0;0;60,9;8,0;8,0;0,00;0,00;0;0;47,7;146,0;6000;0;99;-2147483648;0;0;0;0;0;0;0;0;0;0;0;32,1;47,6;1;1;0;107;0;0;0;0,0;3614;0;0;0;
22.08.2024;02:44:13;16,3;16,2;0;32,1;8,0;21,9;8,0;0;0;0,0;8;47,6;47,6;25,0;0;8200;19,9;60,7;8,0;60,0;0;60,9;8,0;8,0;0,00;0,00;0;0;47,7;146,0;6000;0;99;-2147483648;0;0;0;0;0;0;0;0;0;0;0;32,1;47,6;1;1;0;107;0;0;0;0,0;3614;0;0;0;
22.08.2024;02:45:13;16,3;16,2;0;32,1;8,0;21,9;8,0;0;0;0,0;8;47,6;47,6;25,0;0;8200;19,9;60,7;8,0;60,0;0;60,9;8,0;8,0;0,00;0,00;0;0;47,7;146,0;6000;0;99;-2147483648;0;0;0;0;0;0;0;0;0;0;0;32,1;47,6;1;1;0;107;0;0;0;0,0;3614;0;0;0;
22.08.2024;02:46:13;16,3;16,2;0;32,1;8,0;21,9;8,0;0;0;0,0;8;47,6;47,6;25,0;0;8200;20,0;60,7;8,0;60,0;0;60,9;8,0;8,0;0,00;0,00;0;0;47,7;146,0;6000;0;99;-2147483648;0;0;0;0;0;0;0;0;0;0;0;32,1;47,6;1;1;0;107;0;0;0;0,0;3614;0;0;0;
22.08.2024;02:47:13;16,3;16,2;0;32,1;8,0;21,9;8,0;0;0;0,0;8;47,6;47,6;25,0;0;8200;20,1;60,7;8,0;60,0;0;60,8;8,0;8,0;0,00;0,00;0;0;47,7;146,0;6000;0;99;-2147483648;0;0;0;0;0;0;0;0;0;0;0;32,1;47,6;1;1;0;107;0;0;0;0,0;3614;0;0;0;
22.08.2024;02:48:13;16,3;16,2;0;32,1;8,0;21,9;8,0;0;0;0,0;8;47,6;47,6;25,0;0;8200;20,0;60,7;8,0;60,0;0;60,8;8,0;8,0;0,00;0,00;0;0;47,7;146,0;6000;0;99;-2147483648;0;0;0;0;0;0;0;0;0;0;0;32,1;47,6;1;1;0;107;0;0;0;0,0;3614;0;0;0;
22.08.2024;02:49:13;16,3;16,2;0;32,1;8,0;21,9;8,0;0;0;0,0;8;47,5;47,5;25,0;0;8200;20,0;60,7;8,0;60,0;0;60,7;8,0;8,0;0,00;0,00;0;0;47,7;146,0;6000;0;99;-2147483648;0;0;0;0;0;0;0;0;0;0;0;32,1;47,5;1;1;0;107;0;0;0;0,0;3614;0;0;0;
22.08.2024;02:50:13;16,2;16,2;0;32,1;8,0;22,0;8,0;0;0;0,0;8;47,5;47,5;25,0;0;8200;19,9;60,7;8,0;60,0;0;60,7;8,0;8,0;0,00;0,00;0;0;47,7;146,0;6000;0;99;-2147483648;0;0;0;0;0;0;0;0;0;0;0;32,1;47,5;1;1;0;107;0;0;0;0,0;3614;0;0;0;
22.08.2024;02:51:13;16,2;16,2;0;32,1;8,0;22,0;8,0;0;0;0,0;8;47,5;47,5;25,0;0;8200;19,9;60,6;8,0;60,0;0;60,7;8,0;8,0;0,00;0,00;0;0;47,7;146,0;6000;0;99;-2147483648;0;0;0;0;0;0;0;0;0;0;0;32,1;47,5;1;1;0;107;0;0;0;0,0;3614;0;0;0;
22.08.2024;02:52:13;16,2;16,1;0;32,1;8,0;21,9;8,0;0;0;0,0;8;47,5;47,5;25,0;0;8200;20,0;60,6;8,0;60,0;0;60,7;8,0;8,0;0,00;0,00;0;0;47,7;146,0;6000;0;99;-2147483648;0;0;0;0;0;0;0;0;0;0;0;32,1;47,5;1;1;0;107;0;0;0;0,0;3614;0;0;0;
22.08.2024;02:53:13;16,2;16,2;0;32,1;8,0;21,9;8,0;0;0;0,0;8;47,5;47,5;25,0;0;8200;20,1;60,6;8,0;60,0;0;60,6;8,0;8,0;0,00;0,00;0;0;47,7;146,0;6000;0;99;-2147483648;0;0;0;0;0;0;0;0;0;0;0;32,1;47,5;1;1;0;107;0;0;0;0,0;3614;0;0;0;
22.08.2024;02:54:13;16,2;16,1;0;32,1;8,0;21,9;8,0;0;0;0,0;8;47,5;47,5;25,0;0;8200;20,4;60,6;8,0;60,0;0;60,7;8,0;8,0;0,00;0,00;0;0;47,7;146,0;6000;0;99;-2147483648;0;0;0;0;0;0;0;0;0;0;0;32,1;47,5;1;1;0;107;0;0;0;0,0;3614;0;0;0;
22.08.2024;02:55:13;16,2;16,1;0;32,1;8,0;22,0;8,0;0;0;0,0;8;47,4;47,4;25,0;0;8200;20,0;60,5;8,0;60,0;0;60,6;8,0;8,0;0,00;0,00;0;0;47,7;146,0;6000;0;99;-2147483648;0;0;0;0;0;0;0;0;0;0;0;32,1;47,4;1;1;0;107;0;0;0;0,0;3614;0;0;0;
22.08.2024;02:56:13;16,2;16,1;0;32,1;8,0;22,0;8,0;0;0;0,0;8;47,4;47,4;25,0;0;8200;19,9;60,5;8,0;60,0;0;60,6;8,0;8,0;0,00;0,00;0;0;47,7;146,0;6000;0;99;-2147483648;0;0;0;0;0;0;0;0;0;0;0;32,1;47,4;1;1;0;107;0;0;0;0,0;3614;0;0;0;
22.08.2024;02:57:13;16,2;16,1;0;32,0;8,0;22,0;8,0;0;0;0,0;8;47,4;47,4;25,0;0;8200;19,9;60,5;8,0;60,0;0;60,5;8,0;8,0;0,00;0,00;0;0;47,7;146,0;6000;0;99;-2147483648;0;0;0;0;0;0;0;0;0;0;0;32,0;47,4;1;1;0;107;0;0;0;0,0;3614;0;0;0;
22.08.2024;02:58:13;16,2;16,1;0;32,0;8,0;22,1;8,0;0;0;0,0;8;47,4;47,4;25,0;0;8200;20,2;60,5;8,0;60,0;0;60,5;8,0;8,0;0,00;0,00;0;0;47,7;146,0;6000;0;99;-2147483648;0;0;0;0;0;0;0;0;0;0;0;32,0;47,4;1;1;0;107;0;0;0;0,0;3614;0;0;0;
22.08.2024;02:59:13;16,2;16,1;0;32,0;8,0;22,0;8,0;0;0;0,0;8;47,4;47,4;25,0;0;8200;20,1;60,5;8,0;60,0;0;60,5;8,0;8,0;0,00;0,00;0;0;47,7;146,0;6000;0;99;-2147483648;0;0;0;0;0;0;0;0;0;0;0;32,0;47,4;1;1;0;107;0;0;0;0,0;3614;0;0;0;
22.08.2024;03:00:13;16,2;16,1;0;32,0;8,0;21,9;8,0;0;0;0,0;8;47,4;47,4;25,0;0;8200;19,9;60,5;8,0;60,0;0;60,5;8,0;8,0;0,00;0,00;0;0;47,7;146,0;6000;0;99;-2147483648;0;0;0;0;0;0;0;0;0;0;0;32,0;47,4;1;1;0;107;0;0;0;0,0;3614;0;0;0;
22.08.2024;03:01:13;16,2;16,1;0;32,0;8,0;21,9;8,0;0;0;0,0;8;47,4;47,4;25,0;0;8200;19,9;60,4;8,0;60,0;0;60,5;8,0;8,0;0,00;0,00;0;0;47,7;146,0;6000;0;99;-2147483648;0;0;0;0;0;0;0;0;0;0;0;32,0;47,4;1;1;0;107;0;0;0;0,0;3614;0;0;0;
22.08.2024;03:02:13;16,2;16,1;0;32,0;8,0;21,9;8,0;0;0;0,0;8;47,4;47,4;25,0;0;8200;19,9;60,4;8,0;60,0;0;60,4;8,0;8,0;0,00;0,00;0;0;47,7;146,0;6000;0;99;-2147483648;0;0;0;0;0;0;0;0;0;0;0;32,0;47,4;1;1;0;107;0;0;0;0,0;3614;0;0;0;
22.08.2024;03:03:13;16,2;16,1;0;32,0;8,0;21,9;8,0;0;0;0,0;8;47,4;47,4;25,0;0;8200;20,1;60,4;8,0;60,0;0;60,4;8,0;8,0;0,00;0,00;0;0;47,7;146,0;6000;0;99;-2147483648;0;0;0;0;0;0;0;0;0;0;0;32,0;47,4;1;1;0;107;0;0;0;0,0;3614;0;0;0;
22.08.2024;03:04:13;16,2;16,1;0;32,0;8,0;21,9;8,0;0;0;0,0;8;47,4;47,4;25,0;0;8200;19,9;60,4;8,0;60,0;0;60,4;8,0;8,0;0,00;0,00;0;0;47,6;146,0;6000;0;99;-2147483648;0;0;0;0;0;0;0;0;0;0;0;32,0;47,4;1;1;0;107;0;0;0;0,0;3614;0;0;0;
22.08.2024;03:05:13;16,2;16,1;0;32,0;8,0;21,9;8,0;0;0;0,0;8;47,4;47,4;25,0;0;8200;20,0;60,4;8,0;60,0;0;60,3;8,0;8,0;0,00;0,00;0;0;47,6;146,0;6000;0;99;-2147483648;0;0;0;0;0;0;0;0;0;0;0;32,0;47,4;1;1;0;107;0;0;0;0,0;3614;0;0;0;
22.08.2024;03:06:13;16,2;16,1;0;32,0;8,0;22,0;8,0;0;0;0,0;8;47,3;47,3;25,0;0;8200;20,0;60,3;8,0;60,0;0;60,3;8,0;8,0;0,00;0,00;0;0;47,7;146,0;6000;0;99;-2147483648;0;0;0;0;0;0;0;0;0;0;0;32,0;47,3;1;1;0;107;0;0;0;0,0;3614;0;0;0;
22.08.2024;03:07:13;16,2;16,1;0;32,0;8,0;22,0;8,0;0;0;0,0;8;47,3;47,3;25,0;0;8200;19,9;60,3;8,0;60,0;0;60,3;8,0;8,0;0,00;0,00;0;0;47,7;146,0;6000;0;99;-2147483648;0;0;0;0;0;0;0;0;0;0;0;32,0;47,3;1;1;0;107;0;0;0;0,0;3614;0;0;0;
22.08.2024;03:08:13;16,2;16,1;0;31,9;8,0;22,0;8,0;0;0;0,0;8;47,3;47,3;25,0;0;8200;20,1;60,3;8,0;60,0;0;60,2;8,0;8,0;0,00;0,00;0;0;47,7;146,0;6000;0;99;-2147483648;0;0;0;0;0;0;0;0;0;0;0;31,9;47,3;1;1;0;107;0;0;0;0,0;3614;0;0;0;
22.08.2024;03:09:13;16,2;16,0;0;32,0;8,0;22,0;8,0;0;0;0,0;8;47,3;47,3;25,0;0;8200;20,1;60,3;8,0;60,0;0;60,3;8,0;8,0;0,00;0,00;0;0;47,7;146,0;6000;0;99;-2147483648;0;0;0;0;0;0;0;0;0;0;0;32,0;47,3;1;1;0;107;0;0;0;0,0;3614;0;0;0;
22.08.2024;03:10:13;16,2;16,1;0;32,0;8,0;22,1;8,0;0;0;0,0;8;47,2;47,2;25,0;0;8200;19,9;60,3;8,0;60,0;0;60,3;8,0;8,0;0,00;0,00;0;0;47,7;146,0;6000;0;99;-2147483648;0;0;0;0;0;0;0;0;0;0;0;32,0;47,2;1;1;0;107;0;0;0;0,0;3614;0;0;0;
22.08.2024;03:11:13;16,2;16,0;0;32,0;8,0;22,0;8,0;0;0;0,0;8;47,2;47,2;25,0;0;8200;20,1;60,3;8,0;60,0;0;60,3;8,0;8,0;0,00;0,00;0;0;47,6;146,0;6000;0;99;-2147483648;0;0;0;0;0;0;0;0;0;0;0;32,0;47,2;1;1;0;107;0;0;0;0,0;3614;0;0;0;
22.08.2024;03:12:13;16,1;16,1;0;32,0;8,0;22,0;8,0;0;0;0,0;8;47,3;47,3;25,0;0;8200;20,0;60,3;8,0;60,0;0;60,2;8,0;8,0;0,00;0,00;0;0;47,7;146,0;6000;0;99;-2147483648;0;0;0;0;0;0;0;0;0;0;0;32,0;47,3;1;1;0;107;0;0;0;0,0;3614;0;0;0;
22.08.2024;03:13:13;16,1;16,1;0;31,9;8,0;22,0;8,0;0;0;0,0;8;47,2;47,2;25,0;0;8200;20,0;60,3;8,0;60,0;0;60,2;8,0;8,0;0,00;0,00;0;0;47,7;146,0;6000;0;99;-2147483648;0;0;0;0;0;0;0;0;0;0;0;31,9;47,2;1;1;0;107;0;0;0;0,0;3614;0;0;0;
22.08.2024;03:14:13;16,1;16,1;0;31,9;8,0;22,0;8,0;0;0;0,0;8;47,2;47,2;25,0;0;8200;19,9;60,2;8,0;60,0;0;60,2;8,0;8,0;0,00;0,00;0;0;47,7;146,0;6000;0;99;-2147483648;0;0;0;0;0;0;0;0;0;0;0;31,9;47,2;1;1;0;107;0;0;0;0,0;3614;0;0;0;
22.08.2024;03:15:13;16,1;16,1;0;31,9;8,0;21,9;8,0;0;0;0,0;8;47,2;47,2;25,0;0;8200;19,9;60,2;8,0;60,0;0;60,2;8,0;8,0;0,00;0,00;0;0;47,7;146,0;6000;0;99;-2147483648;0;0;0;0;0;0;0;0;0;0;0;31,9;47,2;1;1;0;107;0;0;0;0,0;3614;0;0;0;
22.08.2024;03:16:13;16,1;16,1;0;31,9;8,0;22,0;8,0;0;0;0,0;8;47,2;47,2;25,0;0;8200;20,4;60,2;8,0;60,0;0;60,1;8,0;8,0;0,00;0,00;0;0;47,7;146,0;6000;0;99;-2147483648;0;0;0;0;0;0;0;0;0;0;0;31,9;47,2;1;1;0;107;0;0;0;0,0;3614;0;0;0;
22.08.2024;03:17:13;16,1;16,1;0;31,9;8,0;22,0;8,0;0;0;0,0;8;47,2;47,2;25,0;0;8200;20,1;60,1;8,0;60,0;0;60,1;8,0;8,0;0,00;0,00;0;0;47,7;146,0;6000;0;99;-2147483648;0;0;0;0;0;0;0;0;0;0;0;31,9;47,2;1;1;0;107;0;0;0;0,0;3614;0;0;0;
22.08.2024;03:18:13;16,1;16,0;0;31,9;8,0;22,0;8,0;0;0;0,0;8;47,2;47,2;25,0;0;8200;20,0;60,1;8,0;60,0;0;60,1;8,0;8,0;0,00;0,00;0;0;47,7;146,0;6000;0;99;-2147483648;0;0;0;0;0;0;0;0;0;0;0;31,9;47,2;1;1;0;107;0;0;0;0,0;3614;0;0;0;
22.08.2024;03:19:13;16,1;16,0;0;31,9;8,0;21,9;8,0;0;0;0,0;8;47,1;47,1;25,0;0;8200;19,9;60,2;8,0;60,0;0;60,0;8,0;8,0;0,00;0,00;0;0;47,7;146,0;6000;0;99;-2147483648;0;0;0;0;0;0;0;0;0;0;0;31,9;47,1;1;1;0;107;0;0;0;0,0;3614;0;0;0;
22.08.2024;03:20:13;16,1;16,1;0;31,9;8,0;22,0;8,0;0;0;0,0;8;47,1;47,1;25,0;0;8200;19,9;60,1;8,0;60,0;0;60,1;8,0;8,0;0,00;0,00;0;0;47,7;146,0;6000;0;99;-2147483648;0;0;0;0;0;0;0;0;0;0;0;31,9;47,1;1;1;0;107;0;0;0;0,0;3614;0;0;0;
22.08.2024;03:21:13;16,1;16,1;0;31,9;8,0;21,9;8,0;0;0;0,0;8;47,1;47,1;25,0;0;8200;19,9;60,2;8,0;60,0;0;60,0;8,0;8,0;0,00;0,00;0;0;47,7;146,0;6000;0;99;-2147483648;0;0;0;0;0;0;0;0;0;0;0;31,9;47,1;1;1;0;107;0;0;0;0,0;3614;0;0;0;
22.08.2024;03:22:13;16,1;16,0;0;31,9;8,0;21,9;8,0;0;0;0,0;8;47,1;47,1;25,0;0;8200;20,1;60,1;8,0;60,0;0;60,0;8,0;8,0;0,00;0,00;0;0;47,7;146,0;6000;0;99;-2147483648;0;0;0;0;0;0;0;0;0;0;0;31,9;47,1;1;1;0;107;0;0;0;0,0;3614;0;0;0;
22.08.2024;03:23:13;16,1;16,0;0;31,9;8,0;22,0;8,0;0;0;0,0;8;47,1;47,1;25,0;0;8200;19,9;60,0;8,0;60,0;0;60,0;8,0;8,0;0,00;0,00;0;0;47,6;146,0;6000;0;99;-2147483648;0;0;0;0;0;0;0;0;0;0;0;31,9;47,1;1;1;0;107;0;0;0;0,0;3614;0;0;0;
22.08.2024;03:24:13;16,1;16,0;0;31,9;8,0;22,0;8,0;0;0;0,0;8;47,1;47,1;25,0;0;8200;19,9;60,0;8,0;60,0;0;59,9;8,0;8,0;0,00;0,00;0;0;47,7;146,0;6000;0;99;-2147483648;0;0;0;0;0;0;0;0;0;0;0;31,9;47,1;1;1;0;107;0;0;0;0,0;3614;0;0;0;
22.08.2024;03:25:13;16,1;16,0;0;31,8;8,0;22,0;8,0;0;0;0,0;8;47,1;47,1;25,0;0;8200;20,0;60,0;8,0;60,0;0;59,9;8,0;8,0;0,00;0,00;0;0;47,7;146,0;6000;0;99;-2147483648;0;0;0;0;0;0;0;0;0;0;0;31,8;47,1;1;1;0;107;0;0;0;0,0;3614;0;0;0;
22.08.2024;03:26:13;16,1;16,0;0;31,9;8,0;22,0;8,0;0;0;0,0;8;47,1;47,1;25,0;0;8200;20,0;60,0;8,0;60,0;0;59,9;8,0;8,0;0,00;0,00;0;0;47,7;146,0;6000;0;99;-2147483648;0;0;0;0;0;0;0;0;0;0;0;31,9;47,1;1;1;0;107;0;0;0;0,0;3614;0;0;0;
22.08.2024;03:27:13;16,1;16,0;0;31,8;8,0;22,0;8,0;0;0;0,0;8;47,1;47,1;25,0;0;8200;20,0;60,0;8,0;60,0;0;59,9;8,0;8,0;0,00;0,00;0;0;47,7;146,0;6000;0;99;-2147483648;0;0;0;0;0;0;0;0;0;0;0;31,8;47,1;1;1;0;107;0;0;0;0,0;3614;0;0;0;
22.08.2024;03:28:13;16,1;16,0;0;31,9;8,0;22,0;8,0;0;0;0,0;8;47,0;47,0;25,0;0;8200;19,9;60,0;8,0;60,0;0;59,9;8,0;8,0;0,00;0,00;0;0;47,7;146,0;6000;0;99;-2147483648;0;0;0;0;0;0;0;0;0;0;0;31,9;47,0;1;1;0;107;0;0;0;0,0;3614;0;0;0;
22.08.2024;03:29:13;16,1;15,9;0;31,8;8,0;21,9;8,0;0;0;0,0;8;47,1;47,1;25,0;0;8200;20,1;60,0;8,0;60,0;0;59,9;8,0;8,0;0,00;0,00;0;0;47,7;146,0;6000;0;99;-2147483648;0;0;0;0;0;0;0;0;0;0;0;31,8;47,1;1;1;0;107;0;0;0;0,0;3614;0;0;0;
22.08.2024;03:30:13;16,1;15,9;0;31,8;8,0;21,9;8,0;0;0;0,0;8;47,0;47,0;25,0;0;8200;19,9;59,9;8,0;60,0;0;59,9;8,0;8,0;0,00;0,00;0;0;47,7;146,0;6000;0;99;-2147483648;0;0;0;0;0;0;0;0;0;0;0;31,8;47,0;1;1;0;107;0;0;0;0,0;3614;0;0;0;
22.08.2024;03:31:13;16,1;15,9;0;31,8;8,0;21,9;8,0;0;0;0,0;8;47,0;47,0;25,0;0;8200;19,9;59,9;8,0;60,0;0;59,9;8,0;8,0;0,00;0,00;0;0;47,7;146,0;6000;0;99;-2147483648;0;0;0;0;0;0;0;0;0;0;0;31,8;47,0;1;1;0;107;0;0;0;0,0;3614;0;0;0;
22.08.2024;03:32:13;16,1;15,9;0;31,8;8,0;22,0;8,0;0;0;0,0;8;47,0;47,0;25,0;0;8200;20,0;59,9;8,0;60,0;0;59,9;8,0;8,0;0,00;0,00;0;0;47,7;146,0;6000;0;99;-2147483648;0;0;0;0;0;0;0;0;0;0;0;31,8;47,0;1;1;0;107;0;0;0;0,0;3614;0;0;0;
22.08.2024;03:33:13;16,1;15,9;0;31,8;8,0;21,9;8,0;0;0;0,0;8;47,0;47,0;25,0;0;8200;19,9;59,9;8,0;60,0;0;59,9;8,0;8,0;0,00;0,00;0;0;47,7;146,0;6000;0;99;-2147483648;0;0;0;0;0;0;0;0;0;0;0;31,8;47,0;1;1;0;107;0;0;0;0,0;3614;0;0;0;
22.08.2024;03:34:13;16,0;15,9;0;31,8;8,0;21,9;8,0;0;0;0,0;8;47,0;47,0;25,0;0;8200;19,9;59,9;8,0;60,0;0;59,8;8,0;8,0;0,00;0,00;0;0;47,7;146,0;6000;0;99;-2147483648;0;0;0;0;0;0;0;0;0;0;0;31,8;47,0;1;1;0;107;0;0;0;0,0;3614;0;0;0;
22.08.2024;03:35:13;16,0;15,9;0;31,8;8,0;22,0;8,0;0;0;0,0;8;46,9;46,9;25,0;0;8200;20,0;59,9;8,0;60,0;0;59,8;8,0;8,0;0,00;0,00;0;0;47,6;146,0;6000;0;99;-2147483648;0;0;0;0;0;0;0;0;0;0;0;31,8;46,9;1;1;0;107;0;0;0;0,0;3614;0;0;0;
22.08.2024;03:36:13;16,0;15,9;0;31,8;8,0;21,9;8,0;0;0;0,0;8;46,9;46,9;25,0;0;8200;20,0;59,8;8,0;60,0;0;59,7;8,0;8,0;0,00;0,00;0;0;47,6;146,0;6000;0;99;-2147483648;0;0;0;0;0;0;0;0;0;0;0;31,8;46,9;1;1;0;107;0;0;0;0,0;3614;0;0;0;
22.08.2024;03:37:13;16,0;15,9;0;31,8;8,0;21,9;8,0;0;0;0,0;8;46,9;46,9;25,0;0;8200;20,2;59,8;8,0;60,0;0;59,7;8,0;8,0;0,00;0,00;0;0;47,6;146,0;6000;0;99;-2147483648;0;0;0;0;0;0;0;0;0;0;0;31,8;46,9;1;1;0;107;0;0;0;0,0;3614;0;0;0;
22.08.2024;03:38:13;16,0;15,9;0;31,8;8,0;21,9;8,0;0;0;0,0;8;46,9;46,9;25,0;0;8200;19,9;59,8;8,0;60,0;0;59,7;8,0;8,0;0,00;0,00;0;0;47,7;146,0;6000;0;99;-2147483648;0;0;0;0;0;0;0;0;0;0;0;31,8;46,9;1;1;0;107;0;0;0;0,0;3614;0;0;0;
22.08.2024;03:39:13;16,0;15,9;0;31,7;8,0;21,9;8,0;0;0;0,0;8;46,9;46,9;25,0;0;8200;20,0;59,8;8,0;60,0;0;59,8;8,0;8,0;0,00;0,00;0;0;47,7;146,0;6000;0;99;-2147483648;0;0;0;0;0;0;0;0;0;0;0;31,7;46,9;1;1;0;107;0;0;0;0,0;3614;0;0;0;
22.08.2024;03:40:13;16,0;15,9;0;31,8;8,0;21,9;8,0;0;0;0,0;8;46,9;46,9;25,0;0;8200;20,0;59,8;8,0;60,0;0;59,6;8,0;8,0;0,00;0,00;0;0;47,7;146,0;6000;0;99;-2147483648;0;0;0;0;0;0;0;0;0;0;0;31,8;46,9;1;1;0;107;0;0;0;0,0;3614;0;0;0;
22.08.2024;03:41:13;16,0;15,9;0;31,8;8,0;21,9;8,0;0;0;0,0;8;46,9;46,9;25,0;0;8200;19,9;59,8;8,0;60,0;0;59,7;8,0;8,0;0,00;0,00;0;0;47,7;146,0;6000;0;99;-2147483648;0;0;0;0;0;0;0;0;0;0;0;31,8;46,9;1;1;0;107;0;0;0;0,0;3614;0;0;0;
22.08.2024;03:42:13;16,0;15,9;0;31,7;8,0;21,9;8,0;0;0;0,0;8;46,8;46,8;25,0;0;8200;20,0;59,8;8,0;60,0;0;59,7;8,0;8,0;0,00;0,00;0;0;47,6;146,0;6000;0;99;-2147483648;0;0;0;0;0;0;0;0;0;0;0;31,8;46,8;1;1;0;107;0;0;0;0,0;3614;0;0;0;
22.08.2024;03:43:13;16,0;15,8;0;31,7;8,0;21,9;8,0;0;0;0,0;8;46,8;46,8;25,0;0;8200;19,9;59,7;8,0;60,0;0;59,7;8,0;8,0;0,00;0,00;0;0;47,6;146,0;6000;0;99;-2147483648;0;0;0;0;0;0;0;0;0;0;0;31,7;46,8;1;1;0;107;0;0;0;0,0;3614;0;0;0;
22.08.2024;03:44:13;16,0;15,9;0;31,7;8,0;21,9;8,0;0;0;0,0;8;46,8;46,8;25,0;0;8200;20,0;59,7;8,0;60,0;0;59,7;8,0;8,0;0,00;0,00;0;0;47,6;146,0;6000;0;99;-2147483648;0;0;0;0;0;0;0;0;0;0;0;31,7;46,8;1;1;0;107;0;0;0;0,0;3614;0;0;0;
22.08.2024;03:45:13;16,0;15,9;0;31,7;8,0;21,9;8,0;0;0;0,0;8;46,8;46,8;25,0;0;8200;20,0;59,6;8,0;60,0;0;59,7;8,0;8,0;0,00;0,00;0;0;47,6;146,0;6000;0;99;-2147483648;0;0;0;0;0;0;0;0;0;0;0;31,7;46,8;1;1;0;107;0;0;0;0,0;3614;0;0;0;
22.08.2024;03:46:13;16,0;15,9;0;31,7;8,0;21,9;8,0;0;0;0,0;8;46,8;46,8;25,0;0;8200;20,0;59,6;8,0;60,0;0;59,7;8,0;8,0;0,00;0,00;0;0;47,7;146,0;6000;0;99;-2147483648;0;0;0;0;0;0;0;0;0;0;0;31,7;46,8;1;1;0;107;0;0;0;0,0;3614;0;0;0;
22.08.2024;03:47:13;16,0;15,9;0;31,7;8,0;21,9;8,0;0;0;0,0;8;46,8;46,8;25,0;0;8200;20,0;59,6;8,0;60,0;0;59,7;8,0;8,0;0,00;0,00;0;0;47,6;146,0;6000;0;99;-2147483648;0;0;0;0;0;0;0;0;0;0;0;31,7;46,8;1;1;0;107;0;0;0;0,0;3614;0;0;0;
22.08.2024;03:48:13;16,0;15,9;0;31,7;8,0;21,9;8,0;0;0;0,0;8;46,8;46,8;25,0;0;8200;20,0;59,6;8,0;60,0;0;59,6;8,0;8,0;0,00;0,00;0;0;47,6;146,0;6000;0;99;-2147483648;0;0;0;0;0;0;0;0;0;0;0;31,7;46,8;1;1;0;107;0;0;0;0,0;3614;0;0;0;
22.08.2024;03:49:13;16,0;15,9;0;31,7;8,0;21,9;8,0;0;0;0,0;8;46,8;46,8;25,0;0;8200;20,0;59,6;8,0;60,0;0;59,6;8,0;8,0;0,00;0,00;0;0;47,7;146,0;6000;0;99;-2147483648;0;0;0;0;0;0;0;0;0;0;0;31,7;46,8;1;1;0;107;0;0;0;0,0;3614;0;0;0;
22.08.2024;03:50:13;16,0;15,9;0;31,7;8,0;21,9;8,0;0;0;0,0;8;46,7;46,7;25,0;0;8200;20,0;59,6;8,0;60,0;0;59,6;8,0;8,0;0,00;0,00;0;0;47,6;146,0;6000;0;99;-2147483648;0;0;0;0;0;0;0;0;0;0;0;31,7;46,7;1;1;0;107;0;0;0;0,0;3614;0;0;0;
22.08.2024;03:51:13;16,0;15,9;0;31,7;8,0;21,9;8,0;0;0;0,0;8;46,7;46,7;25,0;0;8200;19,9;59,6;8,0;60,0;0;59,5;8,0;8,0;0,00;0,00;0;0;47,6;146,0;6000;0;99;-2147483648;0;0;0;0;0;0;0;0;0;0;0;31,7;46,7;1;1;0;107;0;0;0;0,0;3614;0;0;0;
22.08.2024;03:52:13;16,0;16,0;0;31,7;8,0;21,9;8,0;0;0;0,0;8;46,7;46,7;25,0;0;8200;20,1;59,5;8,0;60,0;0;59,5;8,0;8,0;0,00;0,00;0;0;47,7;146,0;6000;0;99;-2147483648;0;0;0;0;0;0;0;0;0;0;0;31,7;46,7;1;1;0;107;0;0;0;0,0;3614;0;0;0;
22.08.2024;03:53:13;15,9;16,0;0;31,7;8,0;21,9;8,0;0;0;0,0;8;46,7;46,7;25,0;0;8200;19,9;59,5;8,0;60,0;0;59,5;8,0;8,0;0,00;0,00;0;0;47,7;146,0;6000;0;99;-2147483648;0;0;0;0;0;0;0;0;0;0;0;31,7;46,7;1;1;0;107;0;0;0;0,0;3614;0;0;0;
22.08.2024;03:54:13;15,9;16,0;0;31,7;8,0;21,9;8,0;0;0;0,0;8;46,7;46,7;25,0;0;8200;20,0;59,6;8,0;60,0;0;59,4;8,0;8,0;0,00;0,00;0;0;47,6;146,0;6000;0;99;-2147483648;0;0;0;0;0;0;0;0;0;0;0;31,7;46,7;1;1;0;107;0;0;0;0,0;3614;0;0;0;
22.08.2024;03:55:13;15,9;16,0;0;31,7;8,0;21,9;8,0;0;0;0,0;8;46,7;46,7;25,0;0;8200;20,0;59,5;8,0;60,0;0;59,4;8,0;8,0;0,00;0,00;0;0;47,6;146,0;6000;0;99;-2147483648;0;0;0;0;0;0;0;0;0;0;0;31,7;46,7;1;1;0;107;0;0;0;0,0;3614;0;0;0;
22.08.2024;03:56:13;15,9;16,0;0;31,6;8,0;21,9;8,0;0;0;0,0;8;46,7;46,7;25,0;0;8200;20,0;59,5;8,0;60,0;0;59,4;8,0;8,0;0,00;0,00;0;0;47,7;146,0;6000;0;99;-2147483648;0;0;0;0;0;0;0;0;0;0;0;31,6;46,7;1;1;0;107;0;0;0;0,0;3614;0;0;0;
22.08.2024;03:57:13;15,9;16,0;0;31,6;8,0;21,9;8,0;0;0;0,0;8;46,7;46,7;25,0;0;8200;19,9;59,4;8,0;60,0;0;59,4;8,0;8,0;0,00;0,00;0;0;47,7;146,0;6000;0;99;-2147483648;0;0;0;0;0;0;0;0;0;0;0;31,6;46,7;1;1;0;107;0;0;0;0,0;3614;0;0;0;
22.08.2024;03:58:13;15,9;15,9;0;31,7;8,0;21,9;8,0;0;0;0,0;8;46,6;46,6;25,0;0;8200;19,9;59,5;8,0;60,0;0;59,3;8,0;8,0;0,00;0,00;0;0;47,6;146,0;6000;0;99;-2147483648;0;0;0;0;0;0;0;0;0;0;0;31,7;46,6;1;1;0;107;0;0;0;0,0;3614;0;0;0;
22.08.2024;03:59:13;15,9;16,0;0;31,6;8,0;21,9;8,0;0;0;0,0;8;46,6;46,6;25,0;0;8200;19,9;59,4;8,0;60,0;0;59,3;8,0;8,0;0,00;0,00;0;0;47,6;146,0;6000;0;99;-2147483648;0;0;0;0;0;0;0;0;0;0;0;31,6;46,6;1;1;0;107;0;0;0;0,0;3614;0;0;0;
22.08.2024;04:00:13;15,9;16,0;0;31,6;8,0;21,9;8,0;0;0;0,0;8;46,6;46,6;25,0;0;8200;19,9;59,5;8,0;60,0;0;59,3;8,0;8,0;0,00;0,00;0;0;47,6;146,0;6000;0;99;-2147483648;0;0;0;0;0;0;0;0;0;0;0;31,6;46,6;1;1;0;107;0;0;0;0,0;3614;0;0;0;
22.08.2024;04:01:13;15,9;15,9;0;31,7;8,0;21,9;8,0;0;0;0,0;8;46,6;46,6;25,0;0;8200;20,0;59,5;8,0;60,0;0;59,2;8,0;8,0;0,00;0,00;0;0;47,6;146,0;6000;0;99;-2147483648;0;0;0;0;0;0;0;0;0;0;0;31,7;46,6;1;1;0;107;0;0;0;0,0;3614;0;0;0;
22.08.2024;04:02:13;15,9;16,0;0;31,6;8,0;21,9;8,0;0;0;0,0;8;46,6;46,6;25,0;0;8200;20,0;59,4;8,0;60,0;0;59,3;8,0;8,0;0,00;0,00;0;0;47,6;146,0;6000;0;99;-2147483648;0;0;0;0;0;0;0;0;0;0;0;31,6;46,6;1;1;0;107;0;0;0;0,0;3614;0;0;0;
22.08.2024;04:03:13;15,9;16,0;0;31,6;8,0;21,9;8,0;0;0;0,0;8;46,6;46,6;25,0;0;8200;19,9;59,3;8,0;60,0;0;59,2;8,0;8,0;0,00;0,00;0;0;47,7;146,0;6000;0;99;-2147483648;0;0;0;0;0;0;0;0;0;0;0;31,6;46,6;1;1;0;107;0;0;0;0,0;3614;0;0;0;
22.08.2024;04:04:13;15,9;16,0;0;31,6;8,0;21,9;8,0;0;0;0,0;8;46,6;46,6;25,0;0;8200;19,8;59,4;8,0;60,0;0;59,2;8,0;8,0;0,00;0,00;0;0;47,7;146,0;6000;0;99;-2147483648;0;0;0;0;0;0;0;0;0;0;0;31,6;46,6;1;1;0;107;0;0;0;0,0;3614;0;0;0;
22.08.2024;04:05:13;15,9;16,0;0;31,6;8,0;21,9;8,0;0;0;0,0;8;46,6;46,6;25,0;0;8200;19,9;59,3;8,0;60,0;0;59,2;8,0;8,0;0,00;0,00;0;0;47,6;146,0;6000;0;99;-2147483648;0;0;0;0;0;0;0;0;0;0;0;31,6;46,6;1;1;0;107;0;0;0;0,0;3614;0;0;0;
22.08.2024;04:06:13;15,9;16,0;0;31,6;8,0;21,9;8,0;0;0;0,0;8;46,6;46,6;25,0;0;8200;19,8;59,2;8,0;60,0;0;59,2;8,0;8,0;0,00;0,00;0;0;47,7;146,0;6000;0;99;-2147483648;0;0;0;0;0;0;0;0;0;0;0;31,6;46,6;1;1;0;107;0;0;0;0,0;3614;0;0;0;
22.08.2024;04:07:13;15,9;16,0;0;31,6;8,0;21,9;8,0;0;0;0,0;8;46,5;46,5;25,0;0;8200;20,0;59,3;8,0;60,0;0;59,1;8,0;8,0;0,00;0,00;0;0;47,6;146,0;6000;0;99;-2147483648;0;0;0;0;0;0;0;0;0;0;0;31,6;46,5;1;1;0;107;0;0;0;0,0;3614;0;0;0;
22.08.2024;04:08:13;15,9;16,0;0;31,6;8,0;21,9;8,0;0;0;0,0;8;46,5;46,5;25,0;0;8200;20,4;59,3;8,0;60,0;0;59,1;8,0;8,0;0,00;0,00;0;0;47,6;146,0;6000;0;99;-2147483648;0;0;0;0;0;0;0;0;0;0;0;31,6;46,5;1;1;0;107;0;0;0;0,0;3614;0;0;0;
22.08.2024;04:09:13;15,9;16,0;0;31,6;8,0;22,0;8,0;0;0;0,0;8;46,5;46,5;25,0;0;8200;19,9;59,3;8,0;60,0;0;59,1;8,0;8,0;0,00;0,00;0;0;47,6;146,0;6000;0;99;-2147483648;0;0;0;0;0;0;0;0;0;0;0;31,6;46,5;1;1;0;107;0;0;0;0,0;3614;0;0;0;
22.08.2024;04:10:13;15,9;16,0;0;31,6;8,0;22,0;8,0;0;0;0,0;8;46,5;46,5;25,0;0;8200;20,1;59,2;8,0;60,0;0;59,1;8,0;8,0;0,00;0,00;0;0;47,6;146,0;6000;0;99;-2147483648;0;0;0;0;0;0;0;0;0;0;0;31,6;46,5;1;1;0;107;0;0;0;0,0;3614;0;0;0;
22.08.2024;04:11:13;15,9;16,0;0;31,5;8,0;22,0;8,0;0;0;0,0;8;46,5;46,5;25,0;0;8200;19,9;59,2;8,0;60,0;0;59,1;8,0;8,0;0,00;0,00;0;0;47,7;146,0;6000;0;99;-2147483648;0;0;0;0;0;0;0;0;0;0;0;31,5;46,5;1;1;0;107;0;0;0;0,0;3614;0;0;0;
22.08.2024;04:12:13;15,9;16,0;0;31,6;8,0;22,1;8,0;0;0;0,0;8;46,5;46,5;25,0;0;8200;19,9;59,1;8,0;60,0;0;59,2;8,0;8,0;0,00;0,00;0;0;47,7;146,0;6000;0;99;-2147483648;0;0;0;0;0;0;0;0;0;0;0;31,6;46,5;1;1;0;107;0;0;0;0,0;3614;0;0;0;
22.08.2024;04:13:13;15,9;16,0;0;31,6;8,0;22,1;8,0;0;0;0,0;8;46,5;46,5;25,0;0;8200;19,9;59,2;8,0;60,0;0;59,1;8,0;8,0;0,00;0,00;0;0;47,7;146,0;6000;0;99;-2147483648;0;0;0;0;0;0;0;0;0;0;0;31,6;46,5;1;1;0;107;0;0;0;0,0;3614;0;0;0;
22.08.2024;04:14:13;15,9;16,0;0;31,6;8,0;22,0;8,0;0;0;0,0;8;46,5;46,5;25,0;0;8200;19,9;59,1;8,0;60,0;0;59,1;8,0;8,0;0,00;0,00;0;0;47,6;146,0;6000;0;99;-2147483648;0;0;0;0;0;0;0;0;0;0;0;31,6;46,5;1;1;0;107;0;0;0;0,0;3614;0;0;0;
22.08.2024;04:15:13;15,9;16,0;0;31,5;8,0;22,1;8,0;0;0;0,0;8;46,4;46,4;25,0;0;8200;19,9;59,2;8,0;60,0;0;59,1;8,0;8,0;0,00;0,00;0;0;47,6;146,0;6000;0;99;-2147483648;0;0;0;0;0;0;0;0;0;0;0;31,5;46,4;1;1;0;107;0;0;0;0,0;3614;0;0;0;
22.08.2024;04:16:13;15,9;16,0;0;31,5;8,0;22,1;8,0;0;0;0,0;8;46,4;46,4;25,0;0;8200;20,3;59,1;8,0;60,0;0;59,1;8,0;8,0;0,00;0,00;0;0;47,6;146,0;6000;0;99;-2147483648;0;0;0;0;0;0;0;0;0;0;0;31,6;46,4;1;1;0;107;0;0;0;0,0;3614;0;0;0;
22.08.2024;04:17:13;15,9;16,0;0;31,5;8,0;22,0;8,0;0;0;0,0;8;46,4;46,4;25,0;0;8200;20,0;59,1;8,0;60,0;0;59,1;8,0;8,0;0,00;0,00;0;0;47,6;146,0;6000;0;99;-2147483648;0;0;0;0;0;0;0;0;0;0;0;31,5;46,4;1;1;0;107;0;0;0;0,0;3614;0;0;0;
22.08.2024;04:18:13;15,9;16,0;0;31,5;8,0;21,9;8,0;0;0;0,0;8;46,4;46,4;25,0;0;8200;20,0;59,1;8,0;60,0;0;59,1;8,0;8,0;0,00;0,00;0;0;47,6;146,0;6000;0;99;-2147483648;0;0;0;0;0;0;0;0;0;0;0;31,5;46,4;1;1;0;107;0;0;0;0,0;3614;0;0;0;
22.08.2024;04:19:13;15,9;16,0;0;31,5;8,0;21,9;8,0;0;0;0,0;8;46,4;46,4;25,0;0;8200;20,0;59,1;8,0;60,0;0;59,0;8,0;8,0;0,00;0,00;0;0;47,7;146,0;6000;0;99;-2147483648;0;0;0;0;0;0;0;0;0;0;0;31,5;46,4;1;1;0;107;0;0;0;0,0;3614;0;0;0;
22.08.2024;04:20:13;15,9;16,0;0;31,6;8,0;21,9;8,0;0;0;0,0;8;46,4;46,4;25,0;0;8200;19,9;59,1;8,0;60,0;0;58,9;8,0;8,0;0,00;0,00;0;0;47,6;146,0;6000;0;99;-2147483648;0;0;0;0;0;0;0;0;0;0;0;31,6;46,4;1;1;0;107;0;0;0;0,0;3614;0;0;0;
22.08.2024;04:21:13;15,9;16,0;0;31,5;8,0;21,9;8,0;0;0;0,0;8;46,4;46,4;25,0;0;8200;19,9;59,0;8,0;60,0;0;58,9;8,0;8,0;0,00;0,00;0;0;47,6;146,0;6000;0;99;-2147483648;0;0;0;0;0;0;0;0;0;0;0;31,5;46,4;1;1;0;107;0;0;0;0,0;3614;0;0;0;
22.08.2024;04:22:13;15,9;16,0;0;31,5;8,0;21,9;8,0;0;0;0,0;8;46,4;46,4;25,0;0;8200;19,9;59,0;8,0;60,0;0;58,9;8,0;8,0;0,00;0,00;0;0;47,6;146,0;6000;0;99;-2147483648;0;0;0;0;0;0;0;0;0;0;0;31,5;46,4;1;1;0;107;0;0;0;0,0;3614;0;0;0;
22.08.2024;04:23:13;15,9;16,0;0;31,5;8,0;21,9;8,0;0;0;0,0;8;46,4;46,4;25,0;0;8200;19,9;59,0;8,0;60,0;0;58,9;8,0;8,0;0,00;0,00;0;0;47,7;146,0;6000;0;99;-2147483648;0;0;0;0;0;0;0;0;0;0;0;31,5;46,4;1;1;0;107;0;0;0;0,0;3614;0;0;0;
22.08.2024;04:24:13;15,9;16,1;0;31,5;8,0;21,9;8,0;0;0;0,0;8;46,4;46,4;25,0;0;8200;19,9;59,0;8,0;60,0;0;58,9;8,0;8,0;0,00;0,00;0;0;47,6;146,0;6000;0;99;-2147483648;0;0;0;0;0;0;0;0;0;0;0;31,5;46,4;1;1;0;107;0;0;0;0,0;3614;0;0;0;
22.08.2024;04:25:13;15,9;16,1;0;31,5;8,0;21,9;8,0;0;0;0,0;8;46,4;46,4;25,0;0;8200;19,9;59,0;8,0;60,0;0;58,9;8,0;8,0;0,00;0,00;0;0;47,6;146,0;6000;0;99;-2147483648;0;0;0;0;0;0;0;0;0;0;0;31,5;46,4;1;1;0;107;0;0;0;0,0;3614;0;0;0;
22.08.2024;04:26:13;15,9;16,0;0;31,5;8,0;22,0;8,0;0;0;0,0;8;46,3;46,3;25,0;0;8200;19,9;59,0;8,0;60,0;0;58,9;8,0;8,0;0,00;0,00;0;0;47,7;146,0;6000;0;99;-2147483648;0;0;0;0;0;0;0;0;0;0;0;31,5;46,3;1;1;0;107;0;0;0;0,0;3614;0;0;0;
22.08.2024;04:27:13;15,9;16,1;0;31,5;8,0;22,1;8,0;0;0;0,0;8;46,4;46,4;25,0;0;8200;20,1;58,9;8,0;60,0;0;58,9;8,0;8,0;0,00;0,00;0;0;47,7;146,0;6000;0;99;-2147483648;0;0;0;0;0;0;0;0;0;0;0;31,5;46,4;1;1;0;107;0;0;0;0,0;3614;0;0;0;
22.08.2024;04:28:13;15,9;16,0;0;31,5;8,0;22,1;8,0;0;0;0,0;8;46,3;46,3;25,0;0;8200;19,9;58,9;8,0;60,0;0;58,9;8,0;8,0;0,00;0,00;0;0;47,6;146,0;6000;0;99;-2147483648;0;0;0;0;0;0;0;0;0;0;0;31,5;46,3;1;1;0;107;0;0;0;0,0;3614;0;0;0;
22.08.2024;04:29:13;15,9;16,0;0;31,5;8,0;22,0;8,0;0;0;0,0;8;46,3;46,3;25,0;0;8200;19,9;58,9;8,0;60,0;0;58,9;8,0;8,0;0,00;0,00;0;0;47,6;146,0;6000;0;99;-2147483648;0;0;0;0;0;0;0;0;0;0;0;31,5;46,3;1;1;0;107;0;0;0;0,0;3614;0;0;0;
22.08.2024;04:30:13;15,9;16,0;0;31,5;8,0;22,0;8,0;0;0;0,0;8;46,3;46,3;25,0;0;8200;19,9;58,9;8,0;60,0;0;58,9;8,0;8,0;0,00;0,00;0;0;47,6;146,0;6000;0;99;-2147483648;0;0;0;0;0;0;0;0;0;0;0;31,5;46,3;1;1;0;107;0;0;0;0,0;3614;0;0;0;
22.08.2024;04:31:13;15,9;16,0;0;31,5;8,0;22,0;8,0;0;0;0,0;8;46,3;46,3;25,0;0;8200;20,1;58,9;8,0;60,0;0;58,8;8,0;8,0;0,00;0,00;0;0;47,6;146,0;6000;0;99;-2147483648;0;0;0;0;0;0;0;0;0;0;0;31,5;46,3;1;1;0;107;0;0;0;0,0;3614;0;0;0;
22.08.2024;04:32:13;15,9;16,0;0;31,5;8,0;21,9;8,0;0;0;0,0;8;46,3;46,3;25,0;0;8200;20,1;58,8;8,0;60,0;0;58,9;8,0;8,0;0,00;0,00;0;0;47,7;146,0;6000;0;99;-2147483648;0;0;0;0;0;0;0;0;0;0;0;31,5;46,3;1;1;0;107;0;0;0;0,0;3614;0;0;0;
22.08.2024;04:33:13;15,9;16,0;0;31,5;8,0;21,9;8,0;0;0;0,0;8;46,3;46,3;25,0;0;8200;20,0;58,8;8,0;60,0;0;58,9;8,0;8,0;0,00;0,00;0;0;47,7;146,0;6000;0;99;-2147483648;0;0;0;0;0;0;0;0;0;0;0;31,5;46,3;1;1;0;107;0;0;0;0,0;3614;0;0;0;
22.08.2024;04:34:13;15,9;16,0;0;31,4;8,0;21,9;8,0;0;0;0,0;8;46,2;46,2;25,0;0;8200;19,9;58,8;8,0;60,0;0;58,8;8,0;8,0;0,00;0,00;0;0;47,7;146,0;6000;0;99;-2147483648;0;0;0;0;0;0;0;0;0;0;0;31,4;46,2;1;1;0;107;0;0;0;0,0;3614;0;0;0;
22.08.2024;04:35:13;15,9;16,0;0;31,5;8,0;21,9;8,0;0;0;0,0;8;46,2;46,2;25,0;0;8200;20,0;58,8;8,0;60,0;0;58,7;8,0;8,0;0,00;0,00;0;0;47,7;146,0;6000;0;99;-2147483648;0;0;0;0;0;0;0;0;0;0;0;31,5;46,2;1;1;0;107;0;0;0;0,0;3614;0;0;0;
22.08.2024;04:36:13;15,9;16,1;0;31,5;8,0;21,9;8,0;0;0;0,0;8;46,3;46,3;25,0;0;8200;19,9;58,7;8,0;60,0;0;58,8;8,0;8,0;0,00;0,00;0;0;47,7;146,0;6000;0;99;-2147483648;0;0;0;0;0;0;0;0;0;0;0;31,5;46,3;1;1;0;107;0;0;0;0,0;3614;0;0;0;
22.08.2024;04:37:13;15,9;16,1;0;31,5;8,0;21,9;8,0;0;0;0,0;8;46,2;46,2;25,0;0;8200;20,0;58,8;8,0;60,0;0;58,8;8,0;8,0;0,00;0,00;0;0;47,7;146,0;6000;0;99;-2147483648;0;0;0;0;0;0;0;0;0;0;0;31,5;46,2;1;1;0;107;0;0;0;0,0;3614;0;0;0;
22.08.2024;04:38:13;15,9;16,0;0;31,5;8,0;21,9;8,0;0;0;0,0;8;46,2;46,2;25,0;0;8200;20,0;58,7;8,0;60,0;0;58,7;8,0;8,0;0,00;0,00;0;0;47,7;146,0;6000;0;99;-2147483648;0;0;0;0;0;0;0;0;0;0;0;31,5;46,2;1;1;0;107;0;0;0;0,0;3614;0;0;0;
22.08.2024;04:39:13;15,9;16,1;0;31,4;8,0;21,9;8,0;0;0;0,0;8;46,2;46,2;25,0;0;8200;20,1;58,8;8,0;60,0;0;58,7;8,0;8,0;0,00;0,00;0;0;47,7;146,0;6000;0;99;-2147483648;0;0;0;0;0;0;0;0;0;0;0;31,4;46,2;1;1;0;107;0;0;0;0,0;3614;0;0;0;
22.08.2024;04:40:13;15,9;16,1;0;31,4;8,0;21,9;8,0;0;0;0,0;8;46,2;46,2;25,0;0;8200;19,9;58,7;8,0;60,0;0;58,7;8,0;8,0;0,00;0,00;0;0;47,6;146,0;6000;0;99;-2147483648;0;0;0;0;0;0;0;0;0;0;0;31,4;46,2;1;1;0;107;0;0;0;0,0;3614;0;0;0;
22.08.2024;04:41:13;15,9;16,1;0;31,4;8,0;21,9;8,0;0;0;0,0;8;46,2;46,2;25,0;0;8200;19,9;58,7;8,0;60,0;0;58,6;8,0;8,0;0,00;0,00;0;0;47,6;146,0;6000;0;99;-2147483648;0;0;0;0;0;0;0;0;0;0;0;31,4;46,2;1;1;0;107;0;0;0;0,0;3614;0;0;0;
22.08.2024;04:42:13;16,0;16,1;0;31,4;8,0;21,9;8,0;0;0;0,0;8;46,2;46,2;25,0;0;8200;19,9;58,7;8,0;60,0;0;58,6;8,0;8,0;0,00;0,00;0;0;47,7;146,0;6000;0;99;-2147483648;0;0;0;0;0;0;0;0;0;0;0;31,4;46,2;1;1;0;107;0;0;0;0,0;3614;0;0;0;
22.08.2024;04:43:13;16,0;16,1;0;31,5;8,0;21,8;8,0;0;0;0,0;8;46,2;46,2;25,0;0;8200;20,0;58,7;8,0;60,0;0;58,6;8,0;8,0;0,00;0,00;0;0;47,6;146,0;6000;0;99;-2147483648;0;0;0;0;0;0;0;0;0;0;0;31,5;46,2;1;1;0;107;0;0;0;0,0;3614;0;0;0;
22.08.2024;04:44:13;16,0;16,1;0;31,4;8,0;21,9;8,0;0;0;0,0;8;46,2;46,2;25,0;0;8200;19,9;58,6;8,0;60,0;0;58,5;8,0;8,0;0,00;0,00;0;0;47,7;146,0;6000;0;99;-2147483648;0;0;0;0;0;0;0;0;0;0;0;31,4;46,2;1;1;0;107;0;0;0;0,0;3614;0;0;0;
22.08.2024;04:45:13;16,0;16,1;0;31,4;8,0;21,9;8,0;0;0;0,0;8;46,1;46,1;25,0;0;8200;19,9;58,6;8,0;60,0;0;58,6;8,0;8,0;0,00;0,00;0;0;47,6;146,0;6000;0;99;-2147483648;0;0;0;0;0;0;0;0;0;0;0;31,4;46,1;1;1;0;107;0;0;0;0,0;3614;0;0;0;
22.08.2024;04:46:13;16,0;16,1;0;31,4;8,0;21,9;8,0;0;0;0,0;8;46,1;46,1;25,0;0;8200;19,9;58,6;8,0;60,0;0;58,6;8,0;8,0;0,00;0,00;0;0;47,7;146,0;6000;0;99;-2147483648;0;0;0;0;0;0;0;0;0;0;0;31,4;46,1;1;1;0;107;0;0;0;0,0;3614;0;0;0;
22.08.2024;04:47:13;16,0;16,0;0;31,4;8,0;21,9;8,0;0;0;0,0;8;46,1;46,1;25,0;0;8200;19,9;58,6;8,0;60,0;0;58,4;8,0;8,0;0,00;0,00;0;0;47,6;146,0;6000;0;99;-2147483648;0;0;0;0;0;0;0;0;0;0;0;31,4;46,1;1;1;0;107;0;0;0;0,0;3614;0;0;0;
22.08.2024;04:48:13;16,0;16,1;0;31,4;8,0;21,9;8,0;0;0;0,0;8;46,1;46,1;25,0;0;8200;19,9;58,6;8,0;60,0;0;58,4;8,0;8,0;0,00;0,00;0;0;47,6;146,0;6000;0;99;-2147483648;0;0;0;0;0;0;0;0;0;0;0;31,4;46,1;1;1;0;107;0;0;0;0,0;3614;0;0;0;
22.08.2024;04:49:13;16,0;16,0;0;31,4;8,0;21,9;8,0;0;0;0,0;8;46,1;46,1;25,0;0;8200;19,8;58,6;8,0;60,0;0;58,5;8,0;8,0;0,00;0,00;0;0;47,6;146,0;6000;0;99;-2147483648;0;0;0;0;0;0;0;0;0;0;0;31,4;46,1;1;1;0;107;0;0;0;0,0;3614;0;0;0;
22.08.2024;04:50:13;16,0;16,1;0;31,4;8,0;21,9;8,0;0;0;0,0;8;46,1;46,1;25,0;0;8200;20,0;58,6;8,0;60,0;0;58,5;8,0;8,0;0,00;0,00;0;0;47,6;146,0;6000;0;99;-2147483648;0;0;0;0;0;0;0;0;0;0;0;31,4;46,1;1;1;0;107;0;0;0;0,0;3614;0;0;0;
22.08.2024;04:51:13;16,0;16,0;0;31,4;8,0;21,9;8,0;0;0;0,0;8;46,1;46,1;25,0;0;8200;19,9;58,5;8,0;60,0;0;58,4;8,0;8,0;0,00;0,00;0;0;47,6;146,0;6000;0;99;-2147483648;0;0;0;0;0;0;0;0;0;0;0;31,4;46,1;1;1;0;107;0;0;0;0,0;3614;0;0;0;
22.08.2024;04:52:13;16,0;16,0;0;31,4;8,0;21,9;8,0;0;0;0,0;8;46,1;46,1;25,0;0;8200;19,9;58,5;8,0;60,0;0;58,4;8,0;8,0;0,00;0,00;0;0;47,6;146,0;6000;0;99;-2147483648;0;0;0;0;0;0;0;0;0;0;0;31,4;46,1;1;1;0;107;0;0;0;0,0;3614;0;0;0;
22.08.2024;04:53:13;16,0;16,1;0;31,4;8,0;21,9;8,0;0;0;0,0;8;46,1;46,1;25,0;0;8200;19,9;58,5;8,0;60,0;0;58,4;8,0;8,0;0,00;0,00;0;0;47,6;146,0;6000;0;99;-2147483648;0;0;0;0;0;0;0;0;0;0;0;31,4;46,1;1;1;0;107;0;0;0;0,0;3614;0;0;0;
22.08.2024;04:54:13;16,0;16,0;0;31,4;8,0;22,0;8,0;0;0;0,0;8;46,0;46,0;25,0;0;8200;19,9;58,5;8,0;60,0;0;58,4;8,0;8,0;0,00;0,00;0;0;47,6;146,0;6000;0;99;-2147483648;0;0;0;0;0;0;0;0;0;0;0;31,4;46,0;1;1;0;107;0;0;0;0,0;3614;0;0;0;
22.08.2024;04:55:13;16,0;16,0;0;31,4;8,0;22,0;8,0;0;0;0,0;8;46,1;46,1;25,0;0;8200;19,9;58,4;8,0;60,0;0;58,4;8,0;8,0;0,00;0,00;0;0;47,6;146,0;6000;0;99;-2147483648;0;0;0;0;0;0;0;0;0;0;0;31,4;46,1;1;1;0;107;0;0;0;0,0;3614;0;0;0;
22.08.2024;04:56:13;16,0;16,0;0;31,4;8,0;22,0;8,0;0;0;0,0;8;46,0;46,0;25,0;0;8200;19,9;58,5;8,0;60,0;0;58,3;8,0;8,0;0,00;0,00;0;0;47,6;146,0;6000;0;99;-2147483648;0;0;0;0;0;0;0;0;0;0;0;31,4;46,0;1;1;0;107;0;0;0;0,0;3614;0;0;0;
22.08.2024;04:57:13;16,0;16,0;0;31,4;8,0;22,0;8,0;0;0;0,0;8;46,0;46,0;25,0;0;8200;20,0;58,4;8,0;60,0;0;58,3;8,0;8,0;0,00;0,00;0;0;47,6;146,0;6000;0;99;-2147483648;0;0;0;0;0;0;0;0;0;0;0;31,4;46,0;1;1;0;107;0;0;0;0,0;3614;0;0;0;
22.08.2024;04:58:13;16,0;16,0;0;31,4;8,0;21,9;8,0;0;0;0,0;8;46,0;46,0;25,0;0;8200;19,9;58,4;8,0;60,0;0;58,3;8,0;8,0;0,00;0,00;0;0;47,6;146,0;6000;0;99;-2147483648;0;0;0;0;0;0;0;0;0;0;0;31,4;46,0;1;1;0;107;0;0;0;0,0;3614;0;0;0;
22.08.2024;04:59:13;16,0;16,0;0;31,4;8,0;21,9;8,0;0;0;0,0;8;46,0;46,0;25,0;0;8200;19,9;58,4;8,0;60,0;0;58,2;8,0;8,0;0,00;0,00;0;0;47,6;146,0;6000;0;99;-2147483648;0;0;0;0;0;0;0;0;0;0;0;31,4;46,0;1;1;0;107;0;0;0;0,0;3614;0;0;0;
22.08.2024;05:00:13;16,0;16,0;0;31,4;8,0;21,9;8,0;0;0;0,0;8;46,0;46,0;25,0;0;8200;19,9;58,4;8,0;60,0;0;58,2;8,0;8,0;0,00;0,00;0;0;47,6;146,0;6000;0;99;-2147483648;0;0;0;0;0;0;0;0;0;0;0;31,4;46,0;1;1;0;107;0;0;0;0,0;3614;0;0;0;
22.08.2024;05:01:13;16,0;16,0;0;31,4;8,0;21,9;8,0;0;0;0,0;8;46,0;46,0;25,0;0;8200;19,9;58,3;8,0;60,0;0;58,3;8,0;8,0;0,00;0,00;0;0;47,6;146,0;6000;0;99;-2147483648;0;0;0;0;0;0;0;0;0;0;0;31,4;46,0;1;1;0;107;0;0;0;0,0;3614;0;0;0;
22.08.2024;05:02:13;16,0;16,0;0;31,4;8,0;21,9;8,0;0;0;0,0;8;45,9;45,9;25,0;0;8200;19,9;58,3;8,0;60,0;0;58,2;8,0;8,0;0,00;0,00;0;0;47,6;146,0;6000;0;99;-2147483648;0;0;0;0;0;0;0;0;0;0;0;31,4;45,9;1;1;0;107;0;0;0;0,0;3614;0;0;0;
22.08.2024;05:03:13;16,0;16,0;0;31,3;8,0;21,9;8,0;0;0;0,0;8;46,0;46,0;25,0;0;8200;19,9;58,3;8,0;60,0;0;58,2;8,0;8,0;0,00;0,00;0;0;47,6;146,0;6000;0;99;-2147483648;0;0;0;0;0;0;0;0;0;0;0;31,3;46,0;1;1;0;107;0;0;0;0,0;3614;0;0;0;
22.08.2024;05:04:13;16,0;16,0;0;31,3;8,0;21,9;8,0;0;0;0,0;8;46,0;46,0;25,0;0;8200;20,0;58,3;8,0;60,0;0;58,1;8,0;8,0;0,00;0,00;0;0;47,6;146,0;6000;0;99;-2147483648;0;0;0;0;0;0;0;0;0;0;0;31,3;46,0;1;1;0;107;0;0;0;0,0;3614;0;0;0;
22.08.2024;05:05:13;16,0;16,0;0;31,3;8,0;21,9;8,0;0;0;0,0;8;45,9;45,9;25,0;0;8200;19,9;58,3;8,0;60,0;0;58,1;8,0;8,0;0,00;0,00;0;0;47,6;146,0;6000;0;99;-2147483648;0;0;0;0;0;0;0;0;0;0;0;31,3;45,9;1;1;0;107;0;0;0;0,0;3614;0;0;0;
22.08.2024;05:06:13;16,0;16,0;0;31,3;8,0;21,9;8,0;0;0;0,0;8;45,9;45,9;25,0;0;8200;19,9;58,3;8,0;60,0;0;58,1;8,0;8,0;0,00;0,00;0;0;47,6;146,0;6000;0;99;-2147483648;0;0;0;0;0;0;0;0;0;0;0;31,3;45,9;1;1;0;107;0;0;0;0,0;3614;0;0;0;
22.08.2024;05:07:13;16,0;16,0;0;31,3;8,0;21,9;8,0;0;0;0,0;8;45,9;45,9;25,0;0;8200;19,9;58,2;8,0;60,0;0;58,1;8,0;8,0;0,00;0,00;0;0;47,6;146,0;6000;0;99;-2147483648;0;0;0;0;0;0;0;0;0;0;0;31,3;45,9;1;1;0;107;0;0;0;0,0;3614;0;0;0;
22.08.2024;05:08:13;16,0;15,9;0;31,3;8,0;21,9;8,0;0;0;0,0;8;45,9;45,9;25,0;0;8200;19,9;58,2;8,0;60,0;0;58,1;8,0;8,0;0,00;0,00;0;0;47,6;146,0;6000;0;99;-2147483648;0;0;0;0;0;0;0;0;0;0;0;31,3;45,9;1;1;0;107;0;0;0;0,0;3614;0;0;0;
22.08.2024;05:09:13;16,0;15,9;0;31,3;8,0;21,9;8,0;0;0;0,0;8;45,9;45,9;25,0;0;8200;19,9;58,2;8,0;60,0;0;58,1;8,0;8,0;0,00;0,00;0;0;47,6;146,0;6000;0;99;-2147483648;0;0;0;0;0;0;0;0;0;0;0;31,3;45,9;1;1;0;107;0;0;0;0,0;3614;0;0;0;
22.08.2024;05:10:13;16,0;15,9;0;31,3;8,0;21,9;8,0;0;0;0,0;8;45,9;45,9;25,0;0;8200;19,9;58,1;8,0;60,0;0;58,1;8,0;8,0;0,00;0,00;0;0;47,6;146,0;6000;0;99;-2147483648;0;0;0;0;0;0;0;0;0;0;0;31,3;45,9;1;1;0;107;0;0;0;0,0;3614;0;0;0;
22.08.2024;05:11:13;16,0;15,9;0;31,3;8,0;21,9;8,0;0;0;0,0;8;45,9;45,9;25,0;0;8200;19,9;58,2;8,0;60,0;0;58,1;8,0;8,0;0,00;0,00;0;0;47,6;146,0;6000;0;99;-2147483648;0;0;0;0;0;0;0;0;0;0;0;31,3;45,9;1;1;0;107;0;0;0;0,0;3614;0;0;0;
22.08.2024;05:12:13;16,0;15,9;0;31,3;8,0;21,9;8,0;0;0;0,0;8;45,9;45,9;25,0;0;8200;20,4;58,2;8,0;60,0;0;58,1;8,0;8,0;0,00;0,00;0;0;47,6;146,0;6000;0;99;-2147483648;0;0;0;0;0;0;0;0;0;0;0;31,3;45,9;1;1;0;107;0;0;0;0,0;3614;0;0;0;
22.08.2024;05:13:13;16,0;15,9;0;31,3;8,0;21,9;8,0;0;0;0,0;8;45,8;45,8;25,0;0;8200;19,9;58,2;8,0;60,0;0;58,1;8,0;8,0;0,00;0,00;0;0;47,6;146,0;6000;0;99;-2147483648;0;0;0;0;0;0;0;0;0;0;0;31,3;45,8;1;1;0;107;0;0;0;0,0;3614;0;0;0;
22.08.2024;05:14:13;16,0;15,9;0;31,3;8,0;21,9;8,0;0;0;0,0;8;45,8;45,8;25,0;0;8200;19,9;58,1;8,0;60,0;0;58,0;8,0;8,0;0,00;0,00;0;0;47,6;146,0;6000;0;99;-2147483648;0;0;0;0;0;0;0;0;0;0;0;31,3;45,8;1;1;0;107;0;0;0;0,0;3614;0;0;0;
22.08.2024;05:15:13;16,0;15,9;0;31,3;8,0;21,9;8,0;0;0;0,0;8;45,8;45,8;25,0;0;8200;19,9;58,1;8,0;60,0;0;58,1;8,0;8,0;0,00;0,00;0;0;47,6;146,0;6000;0;99;-2147483648;0;0;0;0;0;0;0;0;0;0;0;31,3;45,8;1;1;0;107;0;0;0;0,0;3614;0;0;0;
22.08.2024;05:16:13;16,0;15,9;0;31,3;8,0;21,9;8,0;0;0;0,0;8;45,8;45,8;25,0;0;8200;19,9;58,1;8,0;60,0;0;57,9;8,0;8,0;0,00;0,00;0;0;47,6;146,0;6000;0;99;-2147483648;0;0;0;0;0;0;0;0;0;0;0;31,3;45,8;1;1;0;107;0;0;0;0,0;3614;0;0;0;
22.08.2024;05:17:13;16,0;15,9;0;31,3;8,0;21,8;8,0;0;0;0,0;8;45,8;45,8;25,0;0;8200;19,9;58,1;8,0;60,0;0;58,0;8,0;8,0;0,00;0,00;0;0;47,6;146,0;6000;0;99;-2147483648;0;0;0;0;0;0;0;0;0;0;0;31,3;45,8;1;1;0;107;0;0;0;0,0;3614;0;0;0;
22.08.2024;05:18:13;16,0;15,9;0;31,3;8,0;21,8;8,0;0;0;0,0;8;45,8;45,8;25,0;0;8200;19,9;58,0;8,0;60,0;0;57,9;8,0;8,0;0,00;0,00;0;0;47,6;146,0;6000;0;99;-2147483648;0;0;0;0;0;0;0;0;0;0;0;31,3;45,8;1;1;0;107;0;0;0;0,0;3614;0;0;0;
22.08.2024;05:19:13;16,0;15,9;0;31,3;8,0;21,8;8,0;0;0;0,0;8;45,8;45,8;25,0;0;8200;19,9;58,0;8,0;60,0;0;57,9;8,0;8,0;0,00;0,00;0;0;47,6;146,0;6000;0;99;-2147483648;0;0;0;0;0;0;0;0;0;0;0;31,3;45,8;1;1;0;107;0;0;0;0,0;3614;0;0;0;
22.08.2024;05:20:13;16,0;15,9;0;31,3;8,0;21,8;8,0;0;0;0,0;8;45,8;45,8;25,0;0;8200;19,8;58,0;8,0;60,0;0;57,8;8,0;8,0;0,00;0,00;0;0;47,6;146,0;6000;0;99;-2147483648;0;0;0;0;0;0;0;0;0;0;0;31,3;45,8;1;1;0;107;0;0;0;0,0;3614;0;0;0;
22.08.2024;05:21:13;16,0;15,9;0;31,3;8,0;21,8;8,0;0;0;0,0;8;45,8;45,8;25,0;0;8200;19,9;58,0;8,0;60,0;0;57,9;8,0;8,0;0,00;0,00;0;0;47,6;146,0;6000;0;99;-2147483648;0;0;0;0;0;0;0;0;0;0;0;31,3;45,8;1;1;0;107;0;0;0;0,0;3614;0;0;0;
22.08.2024;05:22:13;16,0;15,9;0;31,3;8,0;21,8;8,0;0;0;0,0;8;45,7;45,7;25,0;0;8200;20,1;58,0;8,0;60,0;0;57,8;8,0;8,0;0,00;0,00;0;0;47,6;146,0;6000;0;99;-2147483648;0;0;0;0;0;0;0;0;0;0;0;31,3;45,7;1;1;0;107;0;0;0;0,0;3614;0;0;0;
22.08.2024;05:23:13;16,0;15,9;0;31,3;8,0;21,9;8,0;0;0;0,0;8;45,7;45,7;25,0;0;8200;19,8;58,0;8,0;60,0;0;57,8;8,0;8,0;0,00;0,00;0;0;47,6;146,0;6000;0;99;-2147483648;0;0;0;0;0;0;0;0;0;0;0;31,3;45,7;1;1;0;107;0;0;0;0,0;3614;0;0;0;
22.08.2024;05:24:13;15,9;15,9;0;31,3;8,0;21,9;8,0;0;0;0,0;8;45,7;45,7;25,0;0;8200;19,9;58,0;8,0;60,0;0;57,8;8,0;8,0;0,00;0,00;0;0;47,6;146,0;6000;0;99;-2147483648;0;0;0;0;0;0;0;0;0;0;0;31,3;45,7;1;1;0;107;0;0;0;0,0;3614;0;0;0;
22.08.2024;05:25:13;15,9;15,9;0;31,3;8,0;21,9;8,0;0;0;0,0;8;45,7;45,7;25,0;0;8200;19,9;57,9;8,0;60,0;0;57,8;8,0;8,0;0,00;0,00;0;0;47,6;146,0;6000;0;99;-2147483648;0;0;0;0;0;0;0;0;0;0;0;31,3;45,7;1;1;0;107;0;0;0;0,0;3614;0;0;0;
22.08.2024;05:26:13;15,9;15,9;0;31,2;8,0;21,9;8,0;0;0;0,0;8;45,7;45,7;25,0;0;8200;19,9;57,9;8,0;60,0;0;57,8;8,0;8,0;0,00;0,00;0;0;47,6;146,0;6000;0;99;-2147483648;0;0;0;0;0;0;0;0;0;0;0;31,2;45,7;1;1;0;107;0;0;0;0,0;3614;0;0;0;
22.08.2024;05:27:13;15,9;15,9;0;31,3;8,0;21,9;8,0;0;0;0,0;8;45,7;45,7;25,0;0;8200;19,9;57,9;8,0;60,0;0;57,7;8,0;8,0;0,00;0,00;0;0;47,6;146,0;6000;0;99;-2147483648;0;0;0;0;0;0;0;0;0;0;0;31,3;45,7;1;1;0;107;0;0;0;0,0;3614;0;0;0;
22.08.2024;05:28:13;15,9;15,9;0;31,2;8,0;21,9;8,0;0;0;0,0;8;45,7;45,7;25,0;0;8200;20,1;57,9;8,0;60,0;0;57,7;8,0;8,0;0,00;0,00;0;0;47,6;146,0;6000;0;99;-2147483648;0;0;0;0;0;0;0;0;0;0;0;31,2;45,7;1;1;0;107;0;0;0;0,0;3614;0;0;0;
22.08.2024;05:29:13;15,9;15,9;0;31,3;8,0;21,9;8,0;0;0;0,0;8;45,7;45,7;25,0;0;8200;19,9;57,9;8,0;60,0;0;57,7;8,0;8,0;0,00;0,00;0;0;47,6;146,0;6000;0;99;-2147483648;0;0;0;0;0;0;0;0;0;0;0;31,3;45,7;1;1;0;107;0;0;0;0,0;3614;0;0;0;
22.08.2024;05:30:13;15,9;15,9;0;31,2;8,0;21,9;8,0;0;0;0,0;8;45,6;45,6;25,0;0;8200;19,9;57,9;8,0;60,0;0;57,7;8,0;8,0;0,00;0,00;0;0;47,6;146,0;6000;0;99;-2147483648;0;0;0;0;0;0;0;0;0;0;0;31,2;45,6;1;1;0;107;0;0;0;0,0;3614;0;0;0;
22.08.2024;05:31:13;15,9;15,8;0;31,3;8,0;21,9;8,0;0;0;0,0;8;45,7;45,7;25,0;0;8200;19,9;57,8;8,0;60,0;0;57,7;8,0;8,0;0,00;0,00;0;0;47,6;146,0;6000;0;99;-2147483648;0;0;0;0;0;0;0;0;0;0;0;31,3;45,7;1;1;0;107;0;0;0;0,0;3614;0;0;0;
22.08.2024;05:32:13;15,9;15,8;0;31,2;8,0;21,9;8,0;0;0;0,0;8;45,6;45,6;25,0;0;8200;20,2;57,8;8,0;60,0;0;57,7;8,0;8,0;0,00;0,00;0;0;47,6;146,0;6000;0;99;-2147483648;0;0;0;0;0;0;0;0;0;0;0;31,2;45,6;1;1;0;107;0;0;0;0,0;3614;0;0;0;
22.08.2024;05:33:13;15,9;15,8;0;31,3;8,0;21,9;8,0;0;0;0,0;8;45,7;45,7;25,0;0;8200;20,1;57,8;8,0;60,0;0;57,6;8,0;8,0;0,00;0,00;0;0;47,6;146,0;6000;0;99;-2147483648;0;0;0;0;0;0;0;0;0;0;0;31,3;45,7;1;1;0;107;0;0;0;0,0;3614;0;0;0;
22.08.2024;05:34:13;15,9;15,8;0;31,2;8,0;21,9;8,0;0;0;0,0;8;45,6;45,6;25,0;0;8200;19,9;57,8;8,0;60,0;0;57,7;8,0;8,0;0,00;0,00;0;0;47,6;146,0;6000;0;99;-2147483648;0;0;0;0;0;0;0;0;0;0;0;31,2;45,6;1;1;0;107;0;0;0;0,0;3614;0;0;0;
22.08.2024;05:35:13;15,9;15,8;0;31,3;8,0;21,9;8,0;0;0;0,0;8;45,6;45,6;25,0;0;8200;19,8;57,8;8,0;60,0;0;57,7;8,0;8,0;0,00;0,00;0;0;47,6;146,0;6000;0;99;-2147483648;0;0;0;0;0;0;0;0;0;0;0;31,3;45,6;1;1;0;107;0;0;0;0,0;3614;0;0;0;
22.08.2024;05:36:13;15,9;15,7;0;31,2;8,0;21,9;8,0;0;0;0,0;8;45,6;45,6;25,0;0;8200;19,7;57,7;8,0;60,0;0;57,5;8,0;8,0;0,00;0,00;0;0;47,6;146,0;6000;0;99;-2147483648;0;0;0;0;0;0;0;0;0;0;0;31,2;45,6;1;1;0;107;0;0;0;0,0;3614;0;0;0;
22.08.2024;05:37:13;15,9;15,7;0;31,2;8,0;21,9;8,0;0;0;0,0;8;45,6;45,6;25,0;0;8200;19,9;57,7;8,0;60,0;0;57,7;8,0;8,0;0,00;0,00;0;0;47,6;146,0;6000;0;99;-2147483648;0;0;0;0;0;0;0;0;0;0;0;31,2;45,6;1;1;0;107;0;0;0;0,0;3614;0;0;0;
22.08.2024;05:38:13;15,9;15,7;0;31,2;8,0;21,8;8,0;0;0;0,0;8;45,6;45,6;25,0;0;8200;19,9;57,7;8,0;60,0;0;57,5;8,0;8,0;0,00;0,00;0;0;47,6;146,0;6000;0;99;-2147483648;0;0;0;0;0;0;0;0;0;0;0;31,2;45,6;1;1;0;107;0;0;0;0,0;3614;0;0;0;
22.08.2024;05:39:13;15,9;15,7;0;31,2;8,0;21,8;8,0;0;0;0,0;8;45,6;45,6;25,0;0;8200;20,1;57,7;8,0;60,0;0;57,5;8,0;8,0;0,00;0,00;0;0;47,6;146,0;6000;0;99;-2147483648;0;0;0;0;0;0;0;0;0;0;0;31,2;45,6;1;1;0;107;0;0;0;0,0;3614;0;0;0;
22.08.2024;05:40:13;15,9;15,6;0;31,2;8,0;21,8;8,0;0;0;0,0;8;45,6;45,6;25,0;0;8200;19,8;57,7;8,0;60,0;0;57,5;8,0;8,0;0,00;0,00;0;0;47,6;146,0;6000;0;99;-2147483648;0;0;0;0;0;0;0;0;0;0;0;31,2;45,6;1;1;0;107;0;0;0;0,0;3614;0;0;0;
22.08.2024;05:41:13;15,9;15,6;0;31,2;8,0;21,8;8,0;0;0;0,0;8;45,5;45,5;25,0;0;8200;20,0;57,7;8,0;60,0;0;57,4;8,0;8,0;0,00;0,00;0;0;47,6;146,0;6000;0;99;-2147483648;0;0;0;0;0;0;0;0;0;0;0;31,2;45,5;1;1;0;107;0;0;0;0,0;3614;0;0;0;
22.08.2024;05:42:13;15,9;15,6;0;31,2;8,0;21,8;8,0;0;0;0,0;8;45,5;45,5;25,0;0;8200;19,9;57,6;8,0;60,0;0;57,4;8,0;8,0;0,00;0,00;0;0;47,6;146,0;6000;0;99;-2147483648;0;0;0;0;0;0;0;0;0;0;0;31,2;45,5;1;1;0;107;0;0;0;0,0;3614;0;0;0;
22.08.2024;05:43:13;15,9;15,6;0;31,2;8,0;21,8;8,0;0;0;0,0;8;45,5;45,5;25,0;0;8200;19,9;57,6;8,0;60,0;0;57,5;8,0;8,0;0,00;0,00;0;0;47,6;146,0;6000;0;99;-2147483648;0;0;0;0;0;0;0;0;0;0;0;31,2;45,5;1;1;0;107;0;0;0;0,0;3614;0;0;0;
22.08.2024;05:44:13;15,9;15,5;0;31,2;8,0;21,9;8,0;0;0;0,0;8;45,5;45,5;25,0;0;8200;19,8;57,6;8,0;60,0;0;57,4;8,0;8,0;0,00;0,00;0;0;47,6;146,0;6000;0;99;-2147483648;0;0;0;0;0;0;0;0;0;0;0;31,2;45,5;1;1;0;107;0;0;0;0,0;3614;0;0;0;
22.08.2024;05:45:13;15,9;15,5;0;31,2;8,0;21,8;8,0;0;0;0,0;8;45,5;45,5;25,0;0;8200;19,9;57,6;8,0;60,0;0;57,5;8,0;8,0;0,00;0,00;0;0;47,6;146,0;6000;0;99;-2147483648;0;0;0;0;0;0;0;0;0;0;0;31,2;45,5;1;1;0;107;0;0;0;0,0;3614;0;0;0;
22.08.2024;05:46:13;15,8;15,5;0;31,2;8,0;21,8;8,0;0;0;0,0;8;45,5;45,5;25,0;0;8200;19,8;57,6;8,0;60,0;0;57,4;8,0;8,0;0,00;0,00;0;0;47,5;146,0;6000;0;99;-2147483648;0;0;0;0;0;0;0;0;0;0;0;31,2;45,5;1;1;0;107;0;0;0;0,0;3614;0;0;0;
22.08.2024;05:47:13;15,8;15,5;0;31,2;8,0;21,8;8,0;0;0;0,0;8;45,5;45,5;25,0;0;8200;19,9;57,6;8,0;60,0;0;57,4;8,0;8,0;0,00;0,00;0;0;47,6;146,0;6000;0;99;-2147483648;0;0;0;0;0;0;0;0;0;0;0;31,2;45,5;1;1;0;107;0;0;0;0,0;3614;0;0;0;
22.08.2024;05:48:13;15,8;15,5;0;31,2;8,0;21,8;8,0;0;0;0,0;8;45,5;45,5;25,0;0;8200;19,8;57,5;8,0;60,0;0;57,4;8,0;8,0;0,00;0,00;0;0;47,5;146,0;6000;0;99;-2147483648;0;0;0;0;0;0;0;0;0;0;0;31,2;45,5;1;1;0;107;0;0;0;0,0;3614;0;0;0;
22.08.2024;05:49:13;15,8;15,5;0;31,1;8,0;21,8;8,0;0;0;0,0;8;45,5;45,5;25,0;0;8200;19,9;57,5;8,0;60,0;0;57,4;8,0;8,0;0,00;0,00;0;0;47,6;146,0;6000;0;99;-2147483648;0;0;0;0;0;0;0;0;0;0;0;31,1;45,5;1;1;0;107;0;0;0;0,0;3614;0;0;0;
22.08.2024;05:50:13;15,8;15,5;0;31,2;8,0;21,8;8,0;0;0;0,0;8;45,5;45,5;25,0;0;8200;19,8;57,5;8,0;60,0;0;57,4;8,0;8,0;0,00;0,00;0;0;47,6;146,0;6000;0;99;-2147483648;0;0;0;0;0;0;0;0;0;0;0;31,2;45,5;1;1;0;107;0;0;0;0,0;3614;0;0;0;
22.08.2024;05:51:13;15,8;15,4;0;31,2;8,0;21,8;8,0;0;0;0,0;8;45,5;45,5;25,0;0;8200;19,9;57,5;8,0;60,0;0;57,4;8,0;8,0;0,00;0,00;0;0;47,6;146,0;6000;0;99;-2147483648;0;0;0;0;0;0;0;0;0;0;0;31,2;45,5;1;1;0;107;0;0;0;0,0;3614;0;0;0;
22.08.2024;05:52:13;15,8;15,4;0;31,1;8,0;21,9;8,0;0;0;0,0;8;45,5;45,5;25,0;0;8200;19,9;57,5;8,0;60,0;0;57,4;8,0;8,0;0,00;0,00;0;0;47,6;146,0;6000;0;99;-2147483648;0;0;0;0;0;0;0;0;0;0;0;31,1;45,5;1;1;0;107;0;0;0;0,0;3614;0;0;0;
22.08.2024;05:53:13;15,8;15,4;0;31,1;8,0;21,9;8,0;0;0;0,0;8;45,4;45,4;25,0;0;8200;19,9;57,5;8,0;60,0;0;57,3;8,0;8,0;0,00;0,00;0;0;47,5;146,0;6000;0;99;-2147483648;0;0;0;0;0;0;0;0;0;0;0;31,1;45,4;1;1;0;107;0;0;0;0,0;3614;0;0;0;
22.08.2024;05:54:13;15,8;15,4;0;31,2;8,0;21,9;8,0;0;0;0,0;8;45,4;45,4;25,0;0;8200;20,0;57,4;8,0;60,0;0;57,3;8,0;8,0;0,00;0,00;0;0;47,6;146,0;6000;0;99;-2147483648;0;0;0;0;0;0;0;0;0;0;0;31,2;45,4;1;1;0;107;0;0;0;0,0;3614;0;0;0;
22.08.2024;05:55:13;15,8;15,4;0;31,1;8,0;21,9;8,0;0;0;0,0;8;45,4;45,4;25,0;0;8200;19,9;57,4;8,0;60,0;0;57,3;8,0;8,0;0,00;0,00;0;0;47,6;146,0;6000;0;99;-2147483648;0;0;0;0;0;0;0;0;0;0;0;31,1;45,4;1;1;0;107;0;0;0;0,0;3614;0;0;0;
22.08.2024;05:56:13;15,7;15,4;0;31,1;8,0;21,9;8,0;0;0;0,0;8;45,4;45,4;25,0;0;8200;19,8;57,4;8,0;60,0;0;57,2;8,0;8,0;0,00;0,00;0;0;47,6;146,0;6000;0;99;-2147483648;0;0;0;0;0;0;0;0;0;0;0;31,1;45,4;1;1;0;107;0;0;0;0,0;3614;0;0;0;
22.08.2024;05:57:13;15,7;15,4;0;31,1;8,0;21,8;8,0;0;0;0,0;8;45,4;45,4;25,0;0;8200;19,9;57,4;8,0;60,0;0;57,3;8,0;8,0;0,00;0,00;0;0;47,5;146,0;6000;0;99;-2147483648;0;0;0;0;0;0;0;0;0;0;0;31,1;45,4;1;1;0;107;0;0;0;0,0;3614;0;0;0;
22.08.2024;05:58:13;15,7;15,3;0;31,1;8,0;21,8;8,0;0;0;0,0;8;45,4;45,4;25,0;0;8200;19,8;57,4;8,0;60,0;0;57,2;8,0;8,0;0,00;0,00;0;0;47,6;146,0;6000;0;99;-2147483648;0;0;0;0;0;0;0;0;0;0;0;31,1;45,4;1;1;0;107;0;0;0;0,0;3614;0;0;0;
22.08.2024;05:59:13;15,7;15,3;0;31,1;8,0;21,8;8,0;0;0;0,0;8;45,4;45,4;25,0;0;8200;19,8;57,3;8,0;60,0;0;57,2;8,0;8,0;0,00;0,00;0;0;47,6;146,0;6000;0;99;-2147483648;0;0;0;0;0;0;0;0;0;0;0;31,1;45,4;1;1;0;107;0;0;0;0,0;3614;0;0;0;
22.08.2024;06:00:13;15,7;15,2;0;31,1;8,0;21,8;8,0;0;0;0,0;8;45,4;45,4;25,0;0;8200;19,8;57,3;8,0;60,0;0;57,1;8,0;8,0;0,00;0,00;0;0;47,6;146,0;6000;0;99;-2147483648;0;0;0;0;0;0;0;0;0;0;0;31,1;45,4;1;1;0;107;0;0;0;0,0;3614;0;0;0;
22.08.2024;06:01:13;15,7;15,3;0;31,1;8,0;21,8;8,0;0;0;0,0;8;45,4;45,4;55,0;0;16656;19,9;57,3;70,0;60,0;0;57,3;138,8;138,8;0,00;0,00;30;71;47,8;125,0;6000;0;1;2;0;0;0;0;0;0;0;0;0;0;0;31,1;45,4;1;1;0;107;0;0;0;0,0;3614;0;0;0;
22.08.2024;06:02:13;15,7;15,2;0;31,1;8,0;21,8;8,0;0;0;0,0;8;45,3;45,3;55,0;0;16656;19,9;57,2;70,0;60,0;0;57,1;120,0;120,0;70,00;30,00;60;39;130,3;125,0;6000;0;2;4;0;0;0;0;1;0;0;0;0;0;0;31,1;45,3;1;1;0;106;0;0;0;0,0;3614;0;0;0;
22.08.2024;06:03:13;15,7;15,2;0;31,1;8,0;21,8;8,0;0;0;0,0;8;45,4;45,4;55,0;0;16656;19,9;57,2;70,0;60,0;0;56,0;120,0;120,0;70,00;30,00;60;37;125,4;125,0;6000;0;2;4;0;0;0;0;1;0;0;0;0;0;0;31,1;45,4;1;1;0;106;0;0;0;0,0;3614;0;0;0;
22.08.2024;06:04:13;15,6;15,2;0;31,0;8,0;21,8;8,0;0;0;0,0;8;45,3;45,3;55,0;0;16656;19,9;57,2;70,0;60,0;0;55,2;120,0;120,0;0,00;0,00;60;37;125,0;125,0;6000;0;2;4;0;0;0;0;1;0;0;0;0;0;0;31,0;45,3;1;1;0;106;0;0;0;0,0;3614;0;0;0;
22.08.2024;06:05:13;15,6;15,2;0;31,1;8,0;21,8;8,0;0;0;0,0;8;45,3;45,3;55,0;0;16656;19,9;57,2;70,0;60,0;0;54,4;120,0;120,0;0,00;0,00;60;38;125,8;125,0;6000;0;2;4;0;0;0;0;1;0;0;0;0;0;0;31,1;45,3;1;1;0;106;0;0;0;0,0;3614;0;0;0;
22.08.2024;06:06:13;15,6;15,2;0;31,1;8,0;21,8;8,0;0;0;0,0;8;45,3;45,3;55,0;0;16656;19,8;57,2;70,0;60,0;0;54,0;120,0;120,0;0,00;0,00;60;38;124,5;125,0;6000;0;2;4;0;0;0;0;1;0;0;0;0;0;0;31,1;45,3;1;1;0;106;0;0;0;0,0;3614;0;0;0;
22.08.2024;06:07:13;15,6;15,2;0;31,1;8,0;21,8;8,0;0;0;0,0;8;45,3;45,3;55,0;0;16656;20,3;57,2;70,0;60,0;0;53,8;120,0;120,0;0,00;0,00;60;38;125,4;125,0;6000;0;2;4;0;0;0;0;1;0;0;0;0;0;0;31,1;45,3;1;1;0;106;0;0;0;0,0;3614;0;0;0;
22.08.2024;06:08:13;15,6;15,1;0;31,0;8,0;21,8;8,0;0;0;0,0;8;45,3;45,3;55,0;0;16656;19,8;57,1;70,0;60,0;0;53,7;120,0;120,0;0,00;0,00;60;37;126,2;125,0;6000;0;2;4;0;0;0;0;1;0;0;0;0;0;0;31,0;45,3;1;1;0;106;0;0;0;0,0;3614;0;0;0;
22.08.2024;06:09:13;15,6;15,1;0;31,0;8,0;21,8;8,0;0;0;0,0;8;45,3;45,3;55,0;0;16656;19,8;57,1;70,0;60,0;0;53,6;120,0;120,0;0,00;0,00;60;38;125,4;125,0;6000;0;2;4;0;0;0;0;1;0;0;0;0;0;0;31,0;45,3;1;1;0;106;0;0;0;0,0;3614;0;0;0;
22.08.2024;06:10:13;15,6;15,1;0;31,0;8,0;21,8;8,0;0;0;0,0;8;45,3;45,3;55,0;0;16656;20,2;57,1;70,0;60,0;0;53,7;120,0;120,0;0,00;0,00;60;38;125,5;125,0;6000;0;2;4;0;0;0;0;1;0;0;0;0;0;0;31,0;45,3;1;1;0;106;0;0;0;0,0;3614;0;0;0;
22.08.2024;06:11:13;15,6;15,1;0;31,0;8,0;21,8;8,0;0;0;0,0;8;45,3;45,3;55,0;0;16656;19,8;57,1;70,0;60,0;0;53,8;120,0;120,0;0,00;0,00;60;38;125,3;125,0;6000;0;2;4;0;0;0;0;1;0;0;0;0;0;0;31,0;45,3;1;1;0;106;0;0;0;0,0;3614;0;0;0;
22.08.2024;06:12:13;15,5;15,1;0;31,0;8,0;21,8;8,0;0;0;0,0;8;45,3;45,3;55,0;0;16656;19,8;57,0;70,0;60,0;0;54,1;120,0;120,0;0,00;0,00;60;38;125,7;125,0;6000;0;2;4;0;0;0;0;1;0;0;0;0;0;0;31,0;45,3;1;1;0;106;0;0;0;0,0;3614;0;0;0;
22.08.2024;06:13:13;15,5;15,1;0;31,0;8,0;21,8;8,0;0;0;0,0;8;45,2;45,2;55,0;0;16656;19,8;57,0;70,0;60,0;0;54,3;120,0;120,0;0,00;0,00;60;38;125,4;125,0;6000;0;2;4;0;0;0;0;1;0;0;0;0;0;0;31,0;45,2;1;1;0;106;0;0;0;0,0;3614;0;0;0;
22.08.2024;06:14:13;15,5;15,1;0;31,0;8,0;21,8;8,0;0;0;0,0;8;45,2;45,2;55,0;0;16656;19,9;56,9;70,0;60,0;0;54,6;120,0;120,0;0,00;0,00;60;38;125,0;125,0;6000;0;2;4;0;0;0;0;1;0;0;0;0;0;0;31,0;45,2;1;1;0;106;0;0;0;0,0;3614;0;0;0;
22.08.2024;06:15:13;15,5;15,1;0;31,0;8,0;21,8;8,0;0;0;0,0;8;45,2;45,2;55,0;0;16656;19,9;56,9;70,0;60,0;0;54,7;120,0;120,0;0,00;0,00;60;38;125,4;125,0;6000;0;2;4;0;0;0;0;1;0;0;0;0;0;0;31,0;45,2;1;1;0;106;0;0;0;0,0;3614;0;0;0;
22.08.2024;06:16:13;15,5;15,1;0;31,0;8,0;21,8;8,0;0;0;0,0;8;45,2;45,2;55,0;0;16656;20,1;56,9;70,0;60,0;0;54,8;120,0;120,0;0,00;0,00;60;38;125,7;125,0;6000;0;2;4;0;0;0;0;1;0;0;0;0;0;0;31,0;45,2;1;1;0;106;0;0;0;0,0;3614;0;0;0;
22.08.2024;06:17:13;15,5;15,0;0;31,0;8,0;21,8;8,0;0;0;0,0;8;45,2;45,2;55,0;0;16656;19,8;56,8;70,0;60,0;0;55,0;120,0;120,0;0,00;0,00;60;38;125,4;125,0;6000;0;2;4;0;0;0;0;1;0;0;0;0;0;0;31,0;45,2;1;1;0;106;0;0;0;0,0;3614;0;0;0;
22.08.2024;06:18:13;15,5;15,0;0;31,0;8,0;21,8;8,0;0;0;0,0;8;45,2;45,2;55,0;0;16656;19,8;56,8;70,0;60,0;0;55,3;120,0;120,0;0,00;0,00;60;38;125,3;125,0;6000;0;2;4;0;0;0;0;1;0;0;0;0;0;0;31,0;45,2;1;1;0;106;0;0;0;0,0;3614;0;0;0;
22.08.2024;06:19:13;15,4;15,1;0;31,0;8,0;21,8;8,0;0;0;0,0;8;45,2;45,2;55,0;0;16656;19,8;56,8;70,0;60,0;0;55,4;120,0;120,0;0,00;0,00;60;38;125,6;125,0;6000;0;2;4;0;0;0;0;1;0;0;0;0;0;0;31,0;45,2;1;1;0;106;0;0;0;0,0;3614;0;0;0;
22.08.2024;06:20:13;15,4;15,0;0;31,0;8,0;21,8;8,0;0;0;0,0;8;45,2;45,2;55,0;0;16656;19,9;56,7;70,0;60,0;0;55,6;120,0;120,0;0,00;0,00;60;38;125,7;125,0;6000;0;2;4;0;0;0;0;1;0;0;0;0;0;0;31,0;45,2;1;1;0;106;0;0;0;0,0;3614;0;0;0;
22.08.2024;06:21:13;15,4;15,0;0;31,0;8,0;21,8;8,0;0;0;0,0;8;45,2;45,2;55,0;0;16656;19,9;56,7;70,0;60,0;0;55,7;120,0;120,0;0,00;0,00;60;38;125,0;125,0;6000;0;2;4;0;0;0;0;1;0;0;0;0;0;0;31,0;45,2;1;1;0;105;0;0;0;0,0;3614;0;0;0;
22.08.2024;06:22:13;15,4;15,0;0;31,0;8,0;21,8;8,0;0;0;0,0;8;45,2;45,2;55,0;0;16656;19,8;56,8;70,0;60,0;0;58,5;120,0;120,0;0,00;0,00;60;38;125,3;125,0;6000;0;2;4;0;0;0;0;1;0;1;0;0;0;0;31,0;45,2;1;1;0;105;0;0;0;0,0;3615;0;0;0;
22.08.2024;06:23:13;15,4;15,0;0;31,0;8,0;21,8;8,0;0;0;0,0;8;45,2;45,2;55,0;0;16656;19,8;56,7;70,0;60,0;0;84,2;120,0;120,0;0,00;0,00;60;39;125,5;125,0;6000;0;2;4;0;0;0;0;1;0;1;0;0;0;0;31,0;45,2;1;1;0;105;0;0;0;0,0;3615;0;0;0;
22.08.2024;06:24:13;15,4;15,0;0;31,0;8,0;21,8;8,0;0;0;0,0;8;45,1;45,1;55,0;0;16656;19,8;57,1;70,0;60,0;0;127,4;120,0;120,0;0,00;0,00;65;38;126,2;125,0;6000;0;3;8;0;0;0;0;0;0;1;0;0;0;0;31,0;45,1;1;1;0;105;0;0;0;0,0;3615;0;0;0;
22.08.2024;06:25:13;15,4;15,0;0;31,1;8,0;21,9;8,0;0;0;0,0;8;45,1;45,1;55,0;0;16656;19,7;57,8;70,0;60,0;0;182,3;120,0;120,0;0,00;0,00;65;39;125,0;125,0;6000;0;3;8;0;0;0;0;0;0;1;0;0;0;0;31,1;45,1;1;1;0;105;0;0;0;0,0;3615;0;0;0;
22.08.2024;06:26:13;15,3;15,0;0;31,3;8,0;21,9;8,0;0;0;0,0;8;45,2;45,2;55,0;0;16656;19,8;58,8;70,0;60,0;0;250,5;120,0;120,0;0,00;0,00;65;39;125,5;125,0;6000;0;3;8;0;0;0;0;0;0;1;0;0;0;0;31,3;45,2;1;1;0;105;0;0;0;0,0;3615;0;0;0;
22.08.2024;06:27:13;15,3;15,0;0;31,5;8,0;21,9;8,0;0;0;0,0;8;45,1;45,1;55,0;1;16400;19,9;60,1;70,0;60,0;0;320,7;120,0;120,0;0,00;0,00;65;39;125,6;125,0;6000;0;3;8;0;0;0;0;0;0;0;0;0;0;0;31,5;45,1;1;1;0;105;0;0;0;0,0;3615;0;0;0;
22.08.2024;06:28:13;15,3;14,9;0;31,6;8,0;21,8;8,0;0;0;0,0;8;45,1;45,1;55,0;1;16400;19,8;62,0;70,0;60,0;0;375,4;120,0;120,0;0,00;0,00;65;39;125,7;125,0;6000;0;3;8;0;0;0;0;0;0;0;0;0;0;0;31,6;45,1;1;1;0;105;0;0;0;0,0;3615;0;0;0;
22.08.2024;06:29:13;15,3;15,0;0;31,9;8,0;21,8;8,0;0;0;0,0;8;45,1;45,1;55,0;1;16400;19,9;64,1;70,0;60,0;0;433,7;120,0;120,0;0,00;0,00;65;40;124,7;125,0;6000;0;3;8;0;0;0;0;0;0;0;0;0;0;0;31,9;45,1;1;1;0;105;0;0;0;0,0;3615;0;0;0;
22.08.2024;06:30:13;15,3;14,9;0;32,4;8,0;21,8;8,0;0;0;0,0;8;45,2;45,2;55,0;1;16400;19,8;65,9;70,0;60,0;0;481,0;120,0;120,0;0,00;0,00;65;40;125,5;125,0;6000;0;3;8;0;0;0;0;0;0;0;0;0;0;0;32,4;45,2;1;1;0;105;0;0;0;0,0;3615;0;0;0;
22.08.2024;06:31:13;15,3;14,9;0;32,9;8,0;21,8;8,0;0;0;0,0;8;45,3;45,3;55,0;1;16400;19,9;67,8;70,0;60,0;0;497,1;120,0;120,0;0,00;0,00;65;40;125,4;125,0;6000;0;3;268435464;0;0;0;0;0;0;0;0;0;0;0;32,9;45,3;1;1;0;105;0;0;0;0,0;3615;0;0;0;
22.08.2024;06:32:13;15,2;14,9;0;33,3;8,0;21,8;8,0;0;0;0,0;8;45,3;45,3;55,0;1;16400;19,9;69,3;70,0;60,0;0;490,1;120,0;120,0;0,00;0,00;65;39;125,2;125,0;6000;0;3;268435464;0;0;0;0;0;0;0;0;0;0;0;33,3;45,3;1;1;0;105;0;0;0;0,0;3615;0;0;0;
22.08.2024;06:33:13;15,2;14,9;0;33,6;8,0;21,8;8,0;0;0;0,0;8;45,4;45,4;55,0;1;16400;19,8;70,6;70,0;60,0;46;447,2;462,5;610,0;9,06;80,00;40;44;120,7;121,7;6000;0;4;268435472;0;0;0;0;0;0;0;0;0;0;0;33,6;45,4;1;1;0;105;0;0;0;0,0;3615;0;0;0;
22.08.2024;06:34:13;15,2;14,9;0;33,8;8,0;21,8;8,0;0;0;0,0;8;45,5;45,5;55,0;1;16400;19,8;71,5;70,0;60,0;42;403,9;473,0;600,0;11,70;80,00;39;40;113,4;112,2;6000;0;4;268435472;0;0;0;0;0;0;0;0;0;0;0;33,8;45,5;1;1;0;105;0;0;0;0,0;3615;0;0;0;
22.08.2024;06:35:13;15,2;14,9;0;33,9;8,0;21,8;8,0;0;0;0,0;8;45,6;45,6;55,0;1;16400;19,7;71,9;70,0;60,0;42;390,9;482,4;600,0;10,91;80,00;38;36;108,4;107,2;6000;0;4;268435472;0;0;0;0;0;0;0;0;0;0;0;33,9;45,6;1;1;0;105;0;0;0;0,0;3615;0;0;0;
22.08.2024;06:36:13;15,2;14,9;0;34,1;8,0;21,9;8,0;0;0;0,0;8;45,7;45,7;55,0;1;16400;19,8;72,5;70,0;60,0;38;398,8;490,4;590,0;10,40;80,00;38;33;104,2;103,4;6000;0;4;268435472;0;0;0;0;0;0;0;0;0;0;0;34,1;45,7;1;1;0;105;0;0;0;0,0;3615;0;0;0;
22.08.2024;06:37:13;15,2;14,9;0;34,3;8,0;21,8;8,0;0;0;0,0;8;45,8;45,8;55,0;1;16400;19,9;73,2;70,0;60,0;34;421,4;497,4;580,0;10,40;80,00;36;35;98,4;101,3;6000;0;4;268435472;1;0;0;0;0;0;0;0;0;0;0;34,3;45,8;1;1;0;105;0;0;0;0,0;3615;0;0;0;
22.08.2024;06:38:13;15,2;14,8;0;34,6;8,0;21,9;8,0;0;0;0,0;8;45,9;45,9;55,0;1;16400;19,7;74,1;70,0;60,0;30;456,6;503,5;570,0;10,09;80,00;35;36;99,5;99,3;6000;0;4;268435472;0;0;0;0;0;0;0;0;0;0;0;34,6;45,9;1;1;0;105;0;0;0;0,0;3615;0;0;0;
22.08.2024;06:39:13;15,1;14,8;0;34,9;8,0;21,9;8,0;0;0;0,0;8;45,9;45,9;55,0;1;16400;19,8;75,2;70,0;60,0;30;485,4;508,4;570,0;9,61;80,00;35;35;97,4;97,0;6000;0;4;268435472;0;0;0;0;0;0;0;0;0;0;0;34,9;45,9;1;1;0;105;0;0;0;0,0;3615;0;0;0;
22.08.2024;06:40:13;15,1;14,8;0;35,2;8,0;21,9;8,0;0;0;0,0;8;46,0;46,0;55,0;1;16400;19,7;76,5;8,0;60,0;0;505,0;8,0;8,0;0,00;0,00;53;26;103,5;96,3;6000;0;5;268435488;0;0;0;0;0;0;0;0;0;0;0;35,2;46,0;1;1;0;105;0;0;0;0,0;3615;0;0;0;
22.08.2024;06:41:13;15,1;14,8;0;35,5;8,0;21,8;8,0;0;0;0,0;8;46,0;46,0;55,0;1;16400;19,9;78,0;8,0;60,0;0;489,9;8,0;8,0;0,00;0,00;49;25;96,4;96,3;6000;0;5;268435488;0;0;0;0;0;0;0;0;0;0;0;35,5;46,0;1;1;0;105;0;0;0;0,0;3615;0;0;0;
22.08.2024;06:42:13;15,1;14,9;0;35,7;8,0;21,8;8,0;0;0;0,0;8;46,1;46,1;55,0;1;16400;19,9;79,2;8,0;60,0;0;454,8;8,0;8,0;0,00;0,00;46;25;96,6;96,3;6000;0;5;268435488;0;0;0;0;0;0;0;0;0;0;0;35,7;46,1;1;1;0;105;0;0;0;0,0;3615;0;0;0;
22.08.2024;06:43:13;15,1;14,9;0;35,8;8,0;21,8;8,0;0;0;0,0;8;46,2;46,2;55,0;1;16400;19,9;80,1;8,0;60,0;0;415,0;8,0;8,0;0,00;0,00;42;25;96,3;96,3;6000;0;5;268435488;0;0;0;0;0;0;0;0;0;0;0;35,8;46,2;1;1;0;105;0;0;0;0,0;3615;0;0;0;
22.08.2024;06:44:13;15,1;14,9;0;35,9;8,0;21,8;8,0;0;0;0,0;8;46,3;46,3;55,0;1;16400;19,9;80,7;8,0;60,0;0;378,5;8,0;8,0;0,00;0,00;39;25;96,1;96,3;6000;0;5;268435488;0;0;0;0;0;0;0;0;0;0;0;35,9;46,3;1;1;0;105;0;0;0;0,0;3615;0;0;0;
22.08.2024;06:45:13;15,1;14,8;0;35,9;8,0;21,8;8,0;0;0;0,0;8;46,4;46,4;55,0;1;16400;19,8;81,2;8,0;60,0;0;346,0;8,0;8,0;0,00;0,00;35;31;95,0;96,3;6000;0;5;268435488;0;0;0;0;0;0;0;0;0;0;0;35,9;46,4;1;1;0;105;0;0;0;0,0;3615;0;0;0;
22.08.2024;06:46:13;15,0;14,8;0;35,9;8,0;21,7;8,0;0;0;0,0;8;46,4;46,4;55,0;1;16400;19,7;81,4;8,0;60,0;0;318,7;8,0;8,0;0,00;0,00;32;33;95,7;96,3;6000;0;5;268435488;0;0;0;0;0;0;0;0;0;0;0;35,9;46,4;1;1;0;105;0;0;0;0,0;3615;0;0;0;
22.08.2024;06:47:13;15,0;14,8;0;35,9;8,0;21,7;8,0;0;0;0,0;8;46,5;46,5;55,0;1;16400;19,9;81,6;8,0;60,0;0;295,3;8,0;8,0;0,00;0,00;0;19;54,2;96,3;6000;0;5;268435488;0;0;0;0;0;0;0;0;0;0;0;35,9;46,5;1;1;0;105;0;0;0;0,0;3615;0;0;0;
22.08.2024;06:48:13;15,0;14,8;0;35,9;8,0;21,7;8,0;0;0;0,0;8;46,6;46,6;55,0;1;16400;19,8;81,7;8,0;60,0;0;273,1;8,0;8,0;0,00;0,00;0;18;52,6;96,3;6000;0;5;268435488;0;0;0;0;0;0;0;0;0;0;0;35,9;46,6;1;1;0;105;0;0;0;0,0;3615;0;0;0;
22.08.2024;06:49:13;15,0;14,8;0;35,8;8,0;21,7;8,0;0;0;0,0;8;46,7;46,7;55,0;1;16400;19,8;81,7;8,0;60,0;0;253,0;8,0;8,0;0,00;0,00;0;18;52,6;96,3;6000;0;5;268435488;0;0;0;0;0;0;0;0;0;0;0;35,8;46,7;1;1;0;105;0;0;0;0,0;3615;0;0;0;
22.08.2024;06:50:13;15,0;14,8;0;35,7;8,0;21,8;8,0;0;0;0,0;8;46,7;46,7;55,0;1;16400;19,7;81,7;8,0;60,0;0;234,2;8,0;8,0;0,00;0,00;0;18;52,6;96,3;6000;0;5;268435488;0;0;0;0;0;0;0;0;0;0;0;35,7;46,7;1;1;0;105;0;0;0;0,0;3615;0;0;0;
22.08.2024;06:51:13;15,0;14,8;0;35,6;8,0;21,7;8,0;0;0;0,0;8;46,9;46,9;55,0;1;16400;19,8;81,6;8,0;60,0;0;218,0;8,0;8,0;0,00;0,00;0;18;52,6;96,3;6000;0;5;268435488;0;0;0;0;0;0;0;0;0;0;0;35,6;46,9;1;1;0;105;0;0;0;0,0;3615;0;0;0;
22.08.2024;06:52:13;15,0;14,8;0;35,5;8,0;21,7;8,0;0;0;0,0;8;46,9;46,9;55,0;1;16400;19,8;81,5;8,0;60,0;0;204,0;8,0;8,0;0,00;0,00;0;18;52,7;96,3;6000;0;5;268435488;0;0;0;0;0;0;0;0;0;0;0;35,5;46,9;1;1;0;105;0;0;0;0,0;3615;0;0;0;
22.08.2024;06:53:13;15,0;14,8;0;35,4;8,0;21,8;8,0;0;0;0,0;8;47,0;47,0;55,0;1;16400;19,7;81,4;8,0;60,0;0;192,0;8,0;8,0;0,00;0,00;0;18;52,7;96,3;6000;0;5;268435488;0;0;0;0;0;0;0;0;0;0;0;35,4;47,0;1;1;0;105;0;0;0;0,0;3615;0;0;0;
22.08.2024;06:54:13;15,0;14,8;0;35,3;8,0;21,8;8,0;0;0;0,0;8;47,1;47,1;55,0;1;16400;19,8;81,2;8,0;60,0;0;181,7;8,0;8,0;0,00;0,00;0;0;48,2;146,0;6000;0;99;1879048192;0;0;0;0;0;0;0;0;0;0;0;35,3;47,1;1;1;0;105;0;0;0;0,0;3615;0;0;0;
22.08.2024;06:55:13;15,0;14,8;0;35,2;8,0;21,7;8,0;0;0;0,0;8;47,1;47,1;55,0;1;16400;19,7;80,9;8,0;60,0;0;173,2;8,0;8,0;0,00;0,00;0;0;48,3;146,0;6000;0;99;1879048192;0;0;0;0;0;0;0;0;0;0;0;35,2;47,1;1;1;0;105;0;0;0;0,0;3615;0;0;0;
22.08.2024;06:56:13;14,9;14,8;0;35,1;8,0;21,8;8,0;0;0;0,0;8;47,2;47,2;55,0;1;16400;19,7;80,7;8,0;60,0;0;165,9;8,0;8,0;0,00;0,00;0;0;48,2;146,0;6000;0;99;1879048192;0;0;0;0;0;0;0;0;0;0;0;35,1;47,2;1;1;0;105;0;0;0;0,0;3615;0;0;0;
22.08.2024;06:57:13;14,9;14,8;0;35,0;8,0;21,9;8,0;0;0;0,0;8;47,3;47,3;55,0;1;16400;19,8;80,4;8,0;60,0;0;159,4;8,0;8,0;0,00;0,00;0;0;48,3;146,0;6000;0;99;1879048192;0;0;0;0;0;0;0;0;0;0;0;35,0;47,3;1;1;0;105;0;0;0;0,0;3615;0;0;0;
22.08.2024;06:58:13;14,9;14,8;0;34,9;8,0;21,9;8,0;0;0;0,0;8;47,4;47,4;55,0;1;16400;19,9;80,2;8,0;60,0;0;153,4;8,0;8,0;0,00;0,00;0;0;48,3;146,0;6000;0;99;1879048192;0;0;0;0;0;0;0;0;0;0;0;34,9;47,4;1;1;0;105;0;0;0;0,0;3615;0;0;0;
22.08.2024;06:59:13;14,9;14,8;0;34,8;8,0;21,9;8,0;0;0;0,0;8;47,5;47,5;55,0;1;16400;19,9;79,9;8,0;60,0;0;148,2;8,0;8,0;0,00;0,00;0;0;48,2;146,0;6000;0;99;1879048192;0;0;0;0;0;0;0;0;0;0;0;34,8;47,5;1;1;0;105;0;0;0;0,0;3615;0;0;0;
22.08.2024;07:00:13;14,9;14,8;0;34,7;8,0;21,9;8,0;0;0;0,0;8;47,5;47,5;55,0;1;16400;19,8;79,6;8,0;60,0;0;143,7;8,0;8,0;0,00;0,00;0;0;48,3;146,0;6000;0;99;1879048192;0;0;0;0;0;0;0;0;0;0;0;34,7;47,5;1;1;0;105;0;0;0;0,0;3615;0;0;0;
22.08.2024;07:01:13;14,9;14,8;0;34,6;8,0;21,8;8,0;0;0;0,0;8;47,6;47,6;55,0;1;16400;19,8;79,3;8,0;60,0;0;139,5;8,0;8,0;0,00;0,00;0;0;48,2;146,0;6000;0;99;1879048192;0;0;0;0;0;0;0;0;0;0;0;34,6;47,6;1;1;0;105;0;0;0;0,0;3615;0;0;0;
22.08.2024;07:02:13;14,9;14,8;0;34,5;8,0;21,8;8,0;0;0;0,0;8;47,7;47,7;55,0;1;16400;19,8;79,1;8,0;60,0;0;135,8;8,0;8,0;0,00;0,00;0;0;48,3;146,0;6000;0;99;1879048192;0;0;0;0;0;0;0;0;0;0;0;34,5;47,7;1;1;0;105;0;0;0;0,0;3615;0;0;0;
22.08.2024;07:03:13;14,9;14,8;0;34,5;8,0;21,7;8,0;0;0;0,0;8;47,8;47,8;55,0;1;16400;19,7;78,8;8,0;60,0;0;132,4;8,0;8,0;0,00;0,00;0;0;48,2;146,0;6000;0;99;1879048192;0;0;0;0;0;0;0;0;0;0;0;34,5;47,8;1;1;0;105;0;0;0;0,0;3615;0;0;0;
22.08.2024;07:04:13;14,9;14,8;0;34,3;8,0;21,7;8,0;0;0;0,0;8;47,9;47,9;55,0;1;16400;19,8;78,4;8,0;60,0;0;129,2;8,0;8,0;0,00;0,00;0;0;48,2;146,0;6000;0;99;1879048192;0;0;0;0;0;0;0;0;0;0;0;34,3;47,9;1;1;0;105;0;0;0;0,0;3615;0;0;0;
22.08.2024;07:05:13;14,9;14,8;0;34,3;8,0;21,7;8,0;0;0;0,0;8;48,0;48,0;55,0;1;16400;19,8;78,1;8,0;60,0;0;126,3;8,0;8,0;0,00;0,00;0;0;48,2;146,0;6000;0;99;1879048192;0;0;0;0;0;0;0;0;0;0;0;34,3;48,0;1;1;0;105;0;0;0;0,0;3615;0;0;0;
22.08.2024;07:06:13;14,9;14,8;0;34,2;8,0;21,7;8,0;0;0;0,0;8;48,0;48,0;55,0;1;16400;19,7;77,8;8,0;60,0;0;123,8;8,0;8,0;0,00;0,00;0;0;48,2;146,0;6000;0;99;1879048192;0;0;0;0;0;0;0;0;0;0;0;34,2;48,0;1;1;0;105;0;0;0;0,0;3615;0;0;0;
22.08.2024;07:07:13;14,9;14,8;0;34,1;8,0;21,7;8,0;0;0;0,0;8;48,1;48,1;55,0;1;16400;19,8;77,4;8,0;60,0;0;121,3;8,0;8,0;0,00;0,00;0;0;48,2;146,0;6000;0;99;1879048192;0;0;0;0;0;0;0;0;0;0;0;34,1;48,1;1;1;0;105;0;0;0;0,0;3615;0;0;0;
22.08.2024;07:08:13;14,9;14,8;0;34,1;8,0;21,8;8,0;0;0;0,0;8;48,2;48,2;55,0;1;16400;19,7;77,2;8,0;60,0;0;119,1;8,0;8,0;0,00;0,00;0;0;48,2;146,0;6000;0;99;1879048192;0;0;0;0;0;0;0;0;0;0;0;34,1;48,2;1;1;0;105;0;0;0;0,0;3615;0;0;0;
22.08.2024;07:09:13;14,8;14,7;0;34,0;8,0;21,8;8,0;0;0;0,0;8;48,2;48,2;55,0;1;16400;19,7;76,8;8,0;60,0;0;117,1;8,0;8,0;0,00;0,00;0;0;48,3;146,0;6000;0;99;1879048192;0;0;0;0;0;0;0;0;0;0;0;34,0;48,3;1;1;0;105;0;0;0;0,0;3615;0;0;0;
22.08.2024;07:10:13;14,8;14,7;0;33,9;8,0;21,8;8,0;0;0;0,0;8;48,3;48,3;55,0;1;16400;19,7;76,5;8,0;60,0;0;115,2;8,0;8,0;0,00;0,00;0;0;48,2;146,0;6000;0;99;1879048192;0;0;0;0;0;0;0;0;0;0;0;33,9;48,3;1;1;0;105;0;0;0;0,0;3615;0;0;0;
22.08.2024;07:11:13;14,8;14,7;0;33,9;8,0;21,8;8,0;0;0;0,0;8;48,5;48,5;55,0;1;16400;19,8;76,2;8,0;60,0;0;113,3;8,0;8,0;0,00;0,00;0;0;48,2;146,0;6000;0;99;1879048192;0;0;0;0;0;0;0;0;0;0;0;33,9;48,5;1;1;0;105;0;0;0;0,0;3615;0;0;0;
22.08.2024;07:12:13;14,8;14,7;0;33,8;8,0;21,8;8,0;0;0;0,0;8;48,5;48,5;55,0;1;16400;19,7;75,9;70,0;60,0;0;111,7;8,0;8,0;0,00;0,00;0;0;48,1;146,0;6000;0;99;1879048192;0;0;0;0;0;0;0;0;0;0;0;33,8;48,5;1;1;0;105;0;0;0;0,0;3615;0;0;0;
22.08.2024;07:13:13;14,8;14,7;0;33,7;8,0;21,7;8,0;0;0;0,0;8;48,6;48,6;55,0;1;16400;19,7;75,6;70,0;60,0;0;110,3;8,0;8,0;0,00;0,00;0;0;48,2;146,0;6000;0;99;1879048192;0;0;0;0;0;0;0;0;0;0;0;33,7;48,6;1;1;0;105;0;0;0;0,0;3615;0;0;0;
22.08.2024;07:14:13;14,8;14,7;0;33,6;8,0;21,7;8,0;0;0;0,0;8;48,6;48,6;55,0;1;16400;19,8;75,2;70,0;60,0;0;108,8;8,0;8,0;0,00;0,00;0;0;48,2;146,0;6000;0;99;1879048192;0;0;0;0;0;0;0;0;0;0;0;33,6;48,6;1;1;0;105;0;0;0;0,0;3615;0;0;0;
22.08.2024;07:15:13;14,8;14,7;0;33,6;8,0;21,7;8,0;0;0;0,0;8;48,8;48,8;55,0;1;16400;19,7;74,9;70,0;60,0;0;107,3;8,0;8,0;0,00;0,00;0;0;48,2;146,0;6000;0;99;1879048192;0;0;0;0;0;0;0;0;0;0;0;33,6;48,8;1;1;0;105;0;0;0;0,0;3615;0;0;0;
22.08.2024;07:16:13;14,8;14,7;0;33,6;8,0;21,7;8,0;0;0;0,0;8;48,8;48,8;55,0;1;16400;19,8;74,7;70,0;60,0;0;106,0;8,0;8,0;0,00;0,00;0;0;48,1;146,0;6000;0;99;1879048192;0;0;0;0;0;0;0;0;0;0;0;33,6;48,8;1;1;0;105;0;0;0;0,0;3615;0;0;0;
22.08.2024;07:17:13;14,8;14,7;0;33,5;8,0;21,7;8,0;0;0;0,0;8;48,9;48,9;55,0;1;16400;19,8;74,3;70,0;60,0;0;104,8;8,0;8,0;0,00;0,00;0;0;48,2;146,0;6000;0;99;1879048192;0;0;0;0;0;0;0;0;0;0;0;33,5;48,9;1;1;0;105;0;0;0;0,0;3615;0;0;0;
22.08.2024;07:18:13;14,8;14,7;0;33,5;8,0;21,7;8,0;0;0;0,0;8;49,0;49,0;55,0;1;16400;19,7;74,0;70,0;60,0;0;103,8;8,0;8,0;0,00;0,00;0;0;48,2;146,0;6000;0;99;1879048192;0;0;0;0;0;0;0;0;0;0;0;33,5;49,0;1;1;0;105;0;0;0;0,0;3615;0;0;0;
22.08.2024;07:19:13;14,8;14,7;0;33,4;8,0;21,7;8,0;0;0;0,0;8;49,1;49,1;55,0;1;16400;19,7;73,7;70,0;60,0;0;102,5;8,0;8,0;0,00;0,00;0;0;48,2;146,0;6000;0;99;1879048192;0;0;0;0;0;0;0;0;0;0;0;33,4;49,1;1;1;0;105;0;0;0;0,0;3615;0;0;0;
22.08.2024;07:20:13;14,8;14,7;0;33,4;8,0;21,7;8,0;0;0;0,0;8;49,1;49,1;55,0;1;16400;19,7;73,4;70,0;60,0;0;101,5;8,0;8,0;0,00;0,00;0;0;48,2;146,0;6000;0;99;1879048192;0;0;0;0;0;0;0;0;0;0;0;33,4;49,1;1;1;0;105;0;0;0;0,0;3615;0;0;0;
22.08.2024;07:21:13;14,8;14,7;0;33,4;8,0;21,7;8,0;0;0;0,0;8;49,2;49,2;55,0;1;16400;19,7;73,1;70,0;60,0;0;100,5;8,0;8,0;0,00;0,00;0;0;48,3;146,0;6000;0;99;1879048192;0;0;0;0;0;0;0;0;0;0;0;33,4;49,2;1;1;0;105;0;0;0;0,0;3615;0;0;0;
22.08.2024;07:22:13;14,8;14,7;0;33,3;8,0;21,7;8,0;0;0;0,0;8;49,3;49,3;55,0;1;16400;19,8;72,8;70,0;60,0;0;99,6;8,0;8,0;0,00;0,00;0;0;48,2;146,0;6000;0;99;1879048192;0;0;0;0;0;0;0;0;0;0;0;33,3;49,3;1;1;0;105;0;0;0;0,0;3615;0;0;0;
22.08.2024;07:23:13;14,8;14,7;0;33,3;8,0;21,7;8,0;0;0;0,0;8;49,4;49,4;55,0;1;16400;19,8;72,5;70,0;60,0;0;98,6;8,0;8,0;0,00;0,00;0;0;48,2;146,0;6000;0;99;1879048192;0;0;0;0;0;0;0;0;0;0;0;33,3;49,4;1;1;0;105;0;0;0;0,0;3615;0;0;0;
22.08.2024;07:24:13;14,8;14,7;0;33,2;8,0;21,7;8,0;0;0;0,0;8;49,5;49,5;55,0;1;16400;19,7;72,2;70,0;60,0;0;97,9;8,0;8,0;0,00;0,00;0;0;48,2;146,0;6000;0;99;1879048192;0;0;0;0;0;0;0;0;0;0;0;33,2;49,5;1;1;0;105;0;0;0;0,0;3615;0;0;0;
22.08.2024;07:25:13;14,8;14,7;0;33,2;8,0;21,7;8,0;0;0;0,0;8;49,5;49,5;55,0;1;16400;19,8;71,9;70,0;60,0;0;96,9;8,0;8,0;0,00;0,00;0;0;48,3;146,0;6000;0;99;1879048192;0;0;0;0;0;0;0;0;0;0;0;33,2;49,5;1;1;0;105;0;0;0;0,0;3615;0;0;0;
22.08.2024;07:26:13;14,7;14,7;0;33,2;8,0;21,7;8,0;0;0;0,0;8;49,7;49,7;55,0;1;16400;19,7;71,6;70,0;60,0;0;96,1;8,0;8,0;0,00;0,00;0;0;48,2;146,0;6000;0;99;1879048192;0;0;0;0;0;0;0;0;0;0;0;33,2;49,7;1;1;0;105;0;0;0;0,0;3615;0;0;0;
22.08.2024;07:27:13;14,7;14,7;0;33,2;8,0;21,7;8,0;0;0;0,0;8;49,8;49,8;55,0;1;16400;19,8;71,3;70,0;60,0;0;95,4;8,0;8,0;0,00;0,00;0;0;48,1;146,0;6000;0;99;1879048192;0;0;0;0;0;0;0;0;0;0;0;33,2;49,8;1;1;0;105;0;0;0;0,0;3615;0;0;0;
22.08.2024;07:28:13;14,7;14,7;0;33,1;8,0;21,8;8,0;0;0;0,0;8;49,8;49,8;55,0;1;16400;19,8;71,0;70,0;60,0;0;94,7;8,0;8,0;0,00;0,00;0;0;48,2;146,0;6000;0;99;1879048192;0;0;0;0;0;0;0;0;0;0;0;33,1;49,8;1;1;0;105;0;0;0;0,0;3615;0;0;0;
22.08.2024;07:29:13;14,7;14,7;0;33,1;8,0;21,7;8,0;0;0;0,0;8;49,9;49,9;55,0;1;16400;19,7;70,7;70,0;60,0;0;93,7;8,0;8,0;0,00;0,00;0;0;48,2;146,0;6000;0;99;1879048192;0;0;0;0;0;0;0;0;0;0;0;33,1;49,9;1;1;0;105;0;0;0;0,0;3615;0;0;0;
22.08.2024;07:30:13;14,7;14,7;0;33,1;8,0;21,8;8,0;0;0;0,0;8;50,0;50,0;55,0;1;16400;19,7;70,4;70,0;60,0;0;93,2;8,0;8,0;0,00;0,00;0;0;48,2;146,0;6000;0;99;1879048192;0;0;0;0;0;0;0;0;0;0;0;33,1;50,0;1;1;0;105;0;0;0;0,0;3615;0;0;0;
22.08.2024;07:31:13;14,7;14,7;0;33,0;8,0;21,8;8,0;0;0;0,0;8;50,0;50,0;55,0;1;16400;19,7;70,1;70,0;60,0;0;92,6;8,0;8,0;0,00;0,00;0;0;48,2;146,0;6000;0;99;1879048192;0;0;0;0;0;0;0;0;0;0;0;33,0;50,0;1;1;0;105;0;0;0;0,0;3615;0;0;0;
22.08.2024;07:32:13;14,7;14,7;0;33,0;8,0;21,8;8,0;0;0;0,0;8;50,1;50,1;55,0;1;16400;19,8;69,8;70,0;60,0;0;91,9;8,0;8,0;0,00;0,00;0;0;48,2;146,0;6000;0;99;1879048192;0;0;0;0;0;0;0;0;0;0;0;33,0;50,1;1;1;0;105;0;0;0;0,0;3615;0;0;0;
22.08.2024;07:33:13;14,7;14,7;0;33,0;8,0;21,8;8,0;0;0;0,0;8;50,2;50,2;55,0;1;16400;19,7;69,5;70,0;60,0;0;91,1;8,0;8,0;0,00;0,00;0;0;48,0;146,0;6000;0;99;1879048192;0;0;0;0;0;0;0;0;0;0;0;33,0;50,2;1;1;0;105;0;0;0;0,0;3615;0;0;0;
22.08.2024;07:34:13;14,7;14,7;0;33,0;8,0;21,8;8,0;0;0;0,0;8;50,3;50,3;55,0;1;16400;19,7;69,2;70,0;60,0;0;90,5;8,0;8,0;0,00;0,00;0;0;48,2;146,0;6000;0;99;1879048192;0;0;0;0;0;0;0;0;0;0;0;33,0;50,3;1;1;0;105;0;0;0;0,0;3615;0;0;0;
22.08.2024;07:35:13;14,7;14,6;0;32,9;8,0;21,7;8,0;0;0;0,0;8;50,3;50,3;55,0;1;16400;19,7;69,0;70,0;60,0;0;90,1;8,0;8,0;0,00;0,00;0;0;48,1;146,0;6000;0;99;1879048192;0;0;0;0;0;0;0;0;0;0;0;32,9;50,3;1;1;0;105;0;0;0;0,0;3615;0;0;0;
22.08.2024;07:36:13;14,7;14,7;0;32,9;8,0;21,8;8,0;0;0;0,0;8;50,5;50,5;55,0;1;16400;19,7;68,5;70,0;60,0;0;89,4;8,0;8,0;0,00;0,00;0;0;48,3;146,0;6000;0;99;1879048192;0;0;0;0;0;0;0;0;0;0;0;32,9;50,5;1;1;0;105;0;0;0;0,0;3615;0;0;0;
22.08.2024;07:37:13;14,7;14,7;0;32,8;8,0;21,7;8,0;0;0;0,0;8;50,4;50,4;55,0;1;16400;19,7;68,3;70,0;60,0;0;88,7;8,0;8,0;0,00;0,00;0;0;48,2;146,0;6000;0;99;1879048192;0;0;0;0;0;0;0;0;0;0;0;32,8;50,4;1;1;0;105;0;0;0;0,0;3615;0;0;0;
22.08.2024;07:38:13;14,7;14,7;0;32,8;8,0;21,7;8,0;0;0;0,0;8;50,6;50,6;55,0;1;16400;19,7;67,9;70,0;60,0;0;88,2;8,0;8,0;0,00;0,00;0;0;48,3;146,0;6000;0;99;1879048192;0;0;0;0;0;0;0;0;0;0;0;32,8;50,6;1;1;0;105;0;0;0;0,0;3615;0;0;0;
22.08.2024;07:39:13;14,7;14,6;0;32,9;8,0;21,7;8,0;0;0;0,0;8;50,7;50,7;55,0;1;16400;19,7;67,7;70,0;60,0;0;87,4;8,0;8,0;0,00;0,00;0;0;48,2;146,0;6000;0;99;1879048192;0;0;0;0;0;0;0;0;0;0;0;32,9;50,7;1;1;0;105;0;0;0;0,0;3615;0;0;0;
22.08.2024;07:40:13;14,7;14,7;0;32,9;8,0;21,7;8,0;0;0;0,0;8;50,8;50,8;55,0;1;16400;19,7;67,4;70,0;60,0;0;87,0;8,0;8,0;0,00;0,00;0;0;48,2;146,0;6000;0;99;1879048192;0;0;0;0;0;0;0;0;0;0;0;32,9;50,8;1;1;0;105;0;0;0;0,0;3615;0;0;0;
22.08.2024;07:41:13;14,7;14,7;0;32,8;8,0;21,6;8,0;0;0;0,0;8;50,8;50,8;55,0;1;16400;19,7;67,1;70,0;60,0;0;86,5;8,0;8,0;0,00;0,00;0;0;48,2;146,0;6000;0;99;1879048192;0;0;0;0;0;0;0;0;0;0;0;32,8;50,8;1;1;0;105;0;0;0;0,0;3615;0;0;0;
22.08.2024;07:42:13;14,7;14,6;0;32,8;8,0;21,7;8,0;0;0;0,0;8;50,9;50,9;55,0;1;16400;19,8;66,8;70,0;60,0;0;86,1;8,0;8,0;0,00;0,00;0;0;48,1;146,0;6000;0;99;1879048192;0;0;0;0;0;0;0;0;0;0;0;32,8;50,9;1;1;0;105;0;0;0;0,0;3615;0;0;0;
22.08.2024;07:43:13;14,7;14,7;0;32,8;8,0;21,7;8,0;0;0;0,0;8;51,1;51,1;55,0;1;16400;19,7;66,5;70,0;60,0;0;85,5;8,0;8,0;0,00;0,00;0;0;48,2;146,0;6000;0;99;1879048192;0;0;0;0;0;0;0;0;0;0;0;32,8;51,1;1;1;0;105;0;0;0;0,0;3615;0;0;0;
22.08.2024;07:44:13;14,7;14,7;0;32,8;8,0;21,7;8,0;0;0;0,0;8;51,1;51,1;55,0;1;16400;19,7;66,3;70,0;60,0;0;85,1;8,0;8,0;0,00;0,00;0;0;48,1;146,0;6000;0;99;1879048192;0;0;0;0;0;0;0;0;0;0;0;32,8;51,1;1;1;0;105;0;0;0;0,0;3615;0;0;0;
22.08.2024;07:45:13;14,7;14,7;0;32,7;8,0;21,7;8,0;0;0;0,0;8;51,2;51,2;55,0;1;16400;19,8;66,0;70,0;60,0;0;84,7;120,0;120,0;0,00;0,00;30;50;48,3;125,0;6000;0;1;2;0;0;0;0;0;0;0;0;0;0;0;32,7;51,2;1;1;0;105;0;0;0;0,0;3615;0;0;0;
22.08.2024;07:46:13;14,7;14,7;0;32,7;8,0;21,7;8,0;0;0;0,0;8;51,3;51,3;55,0;1;16400;19,9;65,8;70,0;60,0;0;84,2;120,0;120,0;70,00;30,00;60;39;131,1;125,0;6000;0;2;4;1;0;0;0;1;0;0;0;0;0;0;32,7;51,3;1;1;0;104;0;0;0;0,0;3615;0;0;0;
22.08.2024;07:47:13;14,7;14,7;0;32,8;8,0;21,7;8,0;0;0;0,0;8;51,4;51,4;55,0;1;16400;19,7;65,5;70,0;60,0;0;147,7;120,0;120,0;0,00;0,00;65;40;124,1;125,0;6000;0;3;8;0;0;0;0;0;0;0;0;0;0;0;32,8;51,4;1;1;0;104;0;0;0;0,0;3615;0;0;0;
22.08.2024;07:48:13;14,7;14,7;0;33,1;8,0;21,7;8,0;0;0;0,0;8;51,5;51,5;55,0;1;16400;19,7;66,0;70,0;60,0;0;401,9;120,0;120,0;0,00;0,00;65;40;125,0;125,0;6000;0;3;8;0;0;0;0;0;0;0;0;0;0;0;33,1;51,5;1;1;0;104;0;0;0;0,0;3615;0;0;0;
22.08.2024;07:49:13;14,7;14,7;0;33,5;8,0;21,7;8,0;0;0;0,0;8;51,6;51,6;55,0;1;16400;19,8;67,9;70,0;60,0;0;479,0;120,0;120,0;0,00;0,00;65;40;125,1;125,0;6000;0;3;268435464;0;0;0;0;0;0;0;0;0;0;0;33,5;51,6;1;1;0;104;0;0;0;0,0;3615;0;0;0;
22.08.2024;07:50:13;14,7;14,7;0;33,9;8,0;21,7;8,0;0;0;0,0;8;51,7;51,7;55,0;1;16400;19,7;70,0;70,0;60,0;0;445,3;120,0;120,0;0,00;0,00;65;40;125,7;125,0;6000;0;3;268435464;0;0;0;0;0;0;0;0;0;0;0;33,9;51,7;1;1;0;104;0;0;0;0,0;3615;0;0;0;
22.08.2024;07:51:13;14,7;14,7;0;34,3;8,0;21,7;8,0;0;0;0,0;8;51,7;51,7;55,0;1;16400;19,7;71,3;70,0;60,0;42;410,8;450,5;600,0;11,18;80,00;39;42;117,4;115,2;6000;0;4;1342177296;0;0;0;0;0;0;0;0;0;0;0;34,3;51,7;1;1;0;104;0;0;0;0,0;3615;0;0;0;
22.08.2024;07:52:13;14,7;14,7;0;34,7;8,0;21,7;8,0;0;0;0,0;8;51,8;51,8;55,0;1;16400;19,9;72,1;70,0;60,0;38;426,5;461,6;590,0;10,31;80,00;38;38;109,4;108,2;6000;0;4;1342177296;0;0;0;0;0;0;0;0;0;0;0;34,7;51,8;1;1;0;104;0;0;0;0,0;3615;0;0;0;
22.08.2024;07:53:13;14,7;14,7;0;35,3;8,0;21,7;8,0;0;0;0,0;8;51,9;51,9;55,0;1;16400;19,7;73,0;70,0;60,0;34;467,7;471,0;580,0;9,29;80,00;36;35;103,4;103,8;6000;0;4;1342177296;1;0;0;0;0;0;0;0;0;0;0;35,3;51,9;1;1;0;103;0;0;0;0,0;3615;0;0;0;
22.08.2024;07:54:13;14,7;14,7;0;36,1;8,0;21,7;8,0;0;0;0,0;8;52,0;52,0;55,0;1;16400;19,7;74,0;70,0;60,0;30;504,4;479,0;570,0;8,00;80,00;35;37;100,3;100,6;6000;0;4;1342177296;0;0;0;0;0;0;0;0;0;0;0;36,1;52,0;1;1;0;103;0;0;0;0,0;3615;0;0;0;
22.08.2024;07:55:13;14,7;14,7;0;36,9;8,0;21,7;8,0;0;0;0,0;8;52,2;52,2;55,0;1;16400;19,7;75,1;70,0;60,0;30;540,1;485,7;570,0;6,24;80,00;35;35;98,2;97,6;6000;0;4;268435472;0;0;0;0;0;0;0;0;0;0;0;36,9;52,2;1;1;0;103;0;0;0;0,0;3615;0;0;0;
22.08.2024;07:56:13;14,7;14,6;0;38,0;8,0;21,7;8,0;0;0;0,0;8;52,5;52,5;55,0;1;16400;19,7;75,5;70,0;60,0;30;546,4;492,0;570,0;5,42;80,00;35;34;96,8;96,3;6000;0;4;268435472;0;0;0;0;0;0;0;0;0;0;0;38,0;52,5;1;1;0;103;0;0;0;0,0;3615;0;0;0;
22.08.2024;07:57:13;14,7;14,6;0;38,6;8,0;21,7;8,0;0;0;0,0;8;52,7;52,7;55,0;1;16400;19,7;76,1;8,0;60,0;0;524,3;8,0;8,0;0,00;0,00;40;32;99,2;95,6;6000;0;5;268435488;0;0;0;0;0;0;0;0;0;0;0;38,6;52,7;1;1;0;103;0;0;0;0,0;3615;0;0;0;
22.08.2024;07:58:13;14,7;14,6;0;39,1;8,0;21,7;8,0;0;0;0,0;8;52,8;52,8;55,0;1;16400;19,7;77,5;8,0;60,0;0;494,7;8,0;8,0;0,00;0,00;51;24;95,6;95,6;6000;0;5;268435488;0;0;0;0;0;0;0;0;0;0;0;39,1;52,8;1;1;0;103;0;0;0;0,0;3615;0;0;0;
22.08.2024;07:59:13;14,7;14,6;0;39,5;8,0;21,7;8,0;0;0;0,0;8;52,9;52,9;55,0;1;16400;19,6;78,6;8,0;60,0;0;451,0;8,0;8,0;0,00;0,00;47;25;95,2;95,6;6000;0;5;268435488;0;0;0;0;0;0;0;0;0;0;0;39,5;52,9;1;1;0;103;0;0;0;0,0;3615;0;0;0;
22.08.2024;08:00:13;14,7;14,6;0;39,7;8,0;21,7;8,0;0;0;0,0;8;53,0;53,0;55,0;1;16400;19,8;79,6;8,0;60,0;0;411,3;8,0;8,0;0,00;0,00;44;25;94,9;95,6;6000;0;5;268435488;0;0;0;0;0;0;0;0;0;0;0;39,7;53,0;1;1;0;103;0;0;0;0,0;3615;0;0;0;
22.08.2024;08:01:13;14,7;14,6;0;39,9;8,0;21,7;8,0;0;0;0,0;8;53,0;53,0;25,0;1;8328;19,7;80,3;8,0;60,0;0;375,5;8,0;8,0;0,00;0,00;40;25;94,8;95,6;6000;0;5;268435488;0;0;0;0;0;0;0;0;0;1;0;39,9;53,0;1;1;0;103;0;0;0;0,0;3615;0;0;0;
22.08.2024;08:02:13;14,7;14,6;0;39,9;8,0;21,8;8,0;0;0;0,0;8;53,0;53,0;25,0;1;8328;19,9;80,9;8,0;60,0;0;344,8;8,0;8,0;0,00;0,00;36;27;93,5;95,6;6000;0;5;268435488;0;0;0;0;0;0;0;0;0;1;0;39,9;53,0;1;1;0;103;0;0;0;0,0;3615;0;0;0;
22.08.2024;08:03:13;14,6;14,6;0;40,1;8,0;21,8;8,0;0;0;0,0;8;53,2;53,2;25,0;1;8328;20,0;81,4;8,0;60,0;0;319,8;8,0;8,0;0,00;0,00;33;31;94,6;95,6;6000;0;5;268435488;0;0;0;0;0;0;0;0;0;1;0;40,1;53,2;1;1;0;103;0;0;0;0,0;3615;0;0;0;
22.08.2024;08:04:13;14,6;14,5;0;40,1;8,0;21,7;8,0;0;0;0,0;8;53,2;53,2;25,0;1;8328;19,8;81,7;8,0;60,0;0;297,5;8,0;8,0;0,00;0,00;0;20;76,4;95,6;6000;0;5;268435488;0;0;0;0;0;0;0;0;0;1;0;40,1;53,2;1;1;0;103;0;0;0;0,0;3615;0;0;0;
22.08.2024;08:05:13;14,6;14,5;0;40,1;8,0;21,7;8,0;0;0;0,0;8;53,3;53,3;25,0;1;8328;19,8;82,0;8,0;60,0;0;278,0;8,0;8,0;0,00;0,00;0;18;52,7;95,6;6000;0;5;268435488;0;0;0;0;0;0;0;0;0;1;0;40,1;53,3;1;1;0;103;0;0;0;0,0;3615;0;0;0;
22.08.2024;08:06:13;14,6;14,6;0;40,0;8,0;21,7;8,0;0;0;0,0;8;53,4;53,4;25,0;1;8328;19,8;82,2;8,0;60,0;0;257,4;8,0;8,0;0,00;0,00;0;18;52,9;95,6;6000;0;5;268435488;0;0;0;0;0;0;0;0;0;0;0;40,0;53,4;1;1;0;103;0;0;0;0,0;3615;0;0;0;
22.08.2024;08:07:13;14,6;14,6;0;40,0;8,0;21,7;8,0;0;0;0,0;8;53,4;53,4;25,0;1;8328;19,8;82,4;8,0;60,0;0;238,5;8,0;8,0;0,00;0,00;0;18;52,8;95,6;6000;0;5;268435488;0;0;0;0;0;0;0;0;0;0;0;40,0;53,4;1;1;0;103;0;0;0;0,0;3615;0;0;0;
22.08.2024;08:08:13;14,6;14,6;0;39,9;8,0;21,8;8,0;0;0;0,0;8;53,5;53,5;25,0;1;8328;19,8;82,5;8,0;60,0;0;222,4;8,0;8,0;0,00;0,00;0;18;52,9;95,6;6000;0;5;268435488;0;0;0;0;0;0;0;0;0;0;0;39,9;53,5;1;1;0;103;0;0;0;0,0;3615;0;0;0;
22.08.2024;08:09:13;14,6;14,6;0;39,8;8,0;21,8;8,0;0;0;0,0;8;53,6;53,6;25,0;1;8328;19,7;82,5;8,0;60,0;0;208,7;8,0;8,0;0,00;0,00;0;18;52,9;95,6;6000;0;5;268435488;0;0;0;0;0;0;0;0;0;0;0;39,8;53,6;1;1;0;103;0;0;0;0,0;3615;0;0;0;
22.08.2024;08:10:13;14,6;14,6;0;39,6;8,0;21,8;8,0;0;0;0,0;8;53,6;53,6;25,0;1;8328;19,7;82,5;8,0;60,0;0;197,2;8,0;8,0;0,00;0,00;0;18;52,9;95,6;6000;0;5;268435488;0;0;0;0;0;0;0;0;0;0;0;39,6;53,6;1;1;0;103;0;0;0;0,0;3615;0;0;0;
22.08.2024;08:11:13;14,6;14,6;0;39,5;8,0;21,8;8,0;0;0;0,0;8;53,7;53,7;25,0;0;8200;19,7;82,4;8,0;60,0;0;187,3;8,0;8,0;0,00;0,00;0;0;50,3;146,0;6000;0;99;1879048192;0;0;0;0;0;0;0;0;0;0;0;39,5;53,7;1;1;0;103;0;0;0;0,0;3615;0;0;0;
22.08.2024;08:12:13;14,6;14,7;0;39,3;8,0;21,8;8,0;0;0;0,0;8;53,8;53,8;25,0;0;8200;19,8;82,2;8,0;60,0;0;178,8;8,0;8,0;0,00;0,00;0;0;48,8;146,0;6000;0;99;1879048192;0;0;0;0;0;0;0;0;0;0;0;39,3;53,8;1;1;0;103;0;0;0;0,0;3615;0;0;0;
22.08.2024;08:13:13;14,6;14,6;0;39,1;8,0;21,7;8,0;0;0;0,0;8;53,9;53,9;25,0;0;8200;19,7;82,1;8,0;60,0;0;171,7;8,0;8,0;0,00;0,00;0;0;48,8;146,0;6000;0;99;1879048192;0;0;0;0;0;0;0;0;0;0;0;39,1;53,9;1;1;0;103;0;0;0;0,0;3615;0;0;0;
22.08.2024;08:14:13;14,6;14,7;0;39,0;8,0;21,7;8,0;0;0;0,0;8;54,0;54,0;25,0;0;8200;19,7;82,1;8,0;60,0;0;165,4;8,0;8,0;0,00;0,00;0;0;48,8;146,0;6000;0;99;1879048192;0;0;0;0;0;0;0;0;0;0;0;39,0;54,0;1;1;0;103;0;0;0;0,0;3615;0;0;0;
22.08.2024;08:15:13;14,6;14,7;0;38,8;8,0;21,8;8,0;0;0;0,0;8;54,0;54,0;25,0;0;8200;19,9;82,0;8,0;60,0;0;159,8;8,0;8,0;0,00;0,00;0;0;48,8;146,0;6000;0;99;1879048192;0;0;0;0;0;0;0;0;0;0;0;38,8;54,0;1;1;0;103;0;0;0;0,0;3615;0;0;0;
22.08.2024;08:16:13;14,6;14,7;0;38,7;8,0;21,8;8,0;0;0;0,0;8;54,0;54,0;25,0;0;8200;19,8;81,9;8,0;60,0;0;154,7;8,0;8,0;0,00;0,00;0;0;48,8;146,0;6000;0;99;1879048192;0;0;0;0;0;0;0;0;0;0;0;38,7;54,0;1;1;0;103;0;0;0;0,0;3615;0;0;0;
22.08.2024;08:17:13;14,6;14,7;0;38,6;8,0;21,7;8,0;0;0;0,0;8;54,0;54,0;25,0;0;8200;19,7;81,8;8,0;60,0;0;150,2;8,0;8,0;0,00;0,00;0;0;48,8;146,0;6000;0;99;1879048192;0;0;0;0;0;0;0;0;0;0;0;38,6;54,0;1;1;0;103;0;0;0;0,0;3615;0;0;0;
22.08.2024;08:18:13;14,6;14,7;0;38,5;8,0;21,7;8,0;0;0;0,0;8;54,0;54,0;25,0;0;8200;19,9;81,7;8,0;60,0;0;146,2;8,0;8,0;0,00;0,00;0;0;48,8;146,0;6000;0;99;1879048192;0;0;0;0;0;0;0;0;0;0;0;38,5;54,0;1;1;0;103;0;0;0;0,0;3615;0;0;0;
22.08.2024;08:19:13;14,6;14,7;0;38,4;8,0;21,8;8,0;0;0;0,0;8;54,1;54,1;25,0;0;8200;19,7;81,7;8,0;60,0;0;142,6;8,0;8,0;0,00;0,00;0;0;48,8;146,0;6000;0;99;1879048192;0;0;0;0;0;0;0;0;0;0;0;38,4;54,1;1;1;0;103;0;0;0;0,0;3615;0;0;0;
22.08.2024;08:20:13;14,6;14,7;0;38,4;8,0;21,8;8,0;0;0;0,0;8;54,1;54,1;25,0;0;8200;19,8;81,5;8,0;60,0;0;139,3;8,0;8,0;0,00;0,00;0;0;48,7;146,0;6000;0;99;1879048192;0;0;0;0;0;0;0;0;0;0;0;38,4;54,1;1;1;0;103;0;0;0;0,0;3615;0;0;0;
22.08.2024;08:21:13;14,6;14,7;0;38,3;8,0;21,8;8,0;0;0;0,0;8;54,1;54,1;25,0;0;8200;19,9;81,4;8,0;60,0;0;136,3;8,0;8,0;0,00;0,00;0;0;48,8;146,0;6000;0;99;1879048192;0;0;0;0;0;0;0;0;0;0;0;38,3;54,1;1;1;0;103;0;0;0;0,0;3615;0;0;0;
22.08.2024;08:22:13;14,6;14,8;0;38,2;8,0;21,8;8,0;0;0;0,0;8;54,1;54,1;25,0;0;8200;19,7;81,3;8,0;60,0;0;133,7;8,0;8,0;0,00;0,00;0;0;48,8;146,0;6000;0;99;1879048192;0;0;0;0;0;0;0;0;0;0;0;38,2;54,1;1;1;0;103;0;0;0;0,0;3615;0;0;0;
22.08.2024;08:23:13;14,6;14,8;0;38,1;8,0;21,8;8,0;0;0;0,0;8;54,1;54,1;25,0;0;8200;19,9;81,2;8,0;60,0;0;131,2;8,0;8,0;0,00;0,00;0;0;48,7;146,0;6000;0;99;1879048192;0;0;0;0;0;0;0;0;0;0;0;38,1;54,1;1;1;0;103;0;0;0;0,0;3615;0;0;0;
22.08.2024;08:24:13;14,6;14,8;0;38,0;8,0;21,8;8,0;0;0;0,0;8;54,1;54,1;25,0;0;8200;19,9;81,1;8,0;60,0;0;129,0;8,0;8,0;0,00;0,00;0;0;48,7;146,0;6000;0;99;1879048192;0;0;0;0;0;0;0;0;0;0;0;38,0;54,1;1;1;0;103;0;0;0;0,0;3615;0;0;0;
22.08.2024;08:25:13;14,6;14,8;0;37,9;8,0;21,8;8,0;0;0;0,0;8;54,1;54,1;25,0;0;8200;19,7;81,0;8,0;60,0;0;127,0;8,0;8,0;0,00;0,00;0;0;48,7;146,0;6000;0;99;1879048192;0;0;0;0;0;0;0;0;0;0;0;37,9;54,1;1;1;0;103;0;0;0;0,0;3615;0;0;0;
22.08.2024;08:26:13;14,6;14,8;0;37,9;8,0;21,8;8,0;0;0;0,0;8;54,1;54,1;25,0;0;8200;19,8;80,9;8,0;60,0;0;125,1;8,0;8,0;0,00;0,00;0;0;48,7;146,0;6000;0;99;1879048192;0;0;0;0;0;0;0;0;0;0;0;37,9;54,1;1;1;0;103;0;0;0;0,0;3615;0;0;0;
22.08.2024;08:27:13;14,6;14,9;0;37,8;8,0;21,8;8,0;0;0;0,0;8;54,1;54,1;25,0;0;8200;19,7;80,7;8,0;60,0;0;123,4;8,0;8,0;0,00;0,00;0;0;48,8;146,0;6000;0;99;1879048192;0;0;0;0;0;0;0;0;0;0;0;37,8;54,1;1;1;0;103;0;0;0;0,0;3615;0;0;0;
22.08.2024;08:28:13;14,6;14,9;0;37,7;8,0;21,8;8,0;0;0;0,0;8;54,2;54,2;25,0;0;8200;19,7;80,6;8,0;60,0;0;121,9;8,0;8,0;0,00;0,00;0;0;48,6;146,0;6000;0;99;1879048192;0;0;0;0;0;0;0;0;0;0;0;37,7;54,2;1;1;0;103;0;0;0;0,0;3615;0;0;0;
22.08.2024;08:29:13;14,6;14,8;0;37,7;8,0;21,8;8,0;0;0;0,0;8;54,2;54,2;25,0;0;8200;19,8;80,6;8,0;60,0;0;120,2;8,0;8,0;0,00;0,00;0;0;48,7;146,0;6000;0;99;1879048192;0;0;0;0;0;0;0;0;0;0;0;37,7;54,2;1;1;0;103;0;0;0;0,0;3615;0;0;0;
22.08.2024;08:30:13;14,6;15,0;0;37,6;8,0;21,8;8,0;0;0;0,0;8;54,2;54,2;25,0;0;8200;19,8;80,4;8,0;60,0;0;118,6;8,0;8,0;0,00;0,00;0;0;48,7;146,0;6000;0;99;1879048192;0;0;0;0;0;0;0;0;0;0;0;37,6;54,2;1;1;0;103;0;0;0;0,0;3615;0;0;0;
22.08.2024;08:31:13;14,6;14,8;0;37,5;8,0;21,8;8,0;0;0;0,0;8;54,1;54,1;25,0;0;8200;19,8;80,3;8,0;60,0;0;117,4;8,0;8,0;0,00;0,00;0;0;48,7;146,0;6000;0;99;1879048192;0;0;0;0;0;0;0;0;0;0;0;37,5;54,1;1;1;0;103;0;0;0;0,0;3615;0;0;0;
22.08.2024;08:32:13;14,6;14,9;0;37,4;8,0;21,8;8,0;0;0;0,0;8;54,1;54,1;25,0;0;8200;19,6;80,2;8,0;60,0;0;116,1;8,0;8,0;0,00;0,00;0;0;48,7;146,0;6000;0;99;1879048192;0;0;0;0;0;0;0;0;0;0;0;37,4;54,1;1;1;0;103;0;0;0;0,0;3615;0;0;0;
22.08.2024;08:33:13;14,6;14,9;0;37,4;8,0;21,8;8,0;0;0;0,0;8;54,2;54,2;25,0;0;8200;19,7;80,1;8,0;60,0;0;114,9;8,0;8,0;0,00;0,00;0;0;48,7;146,0;6000;0;99;1879048192;0;0;0;0;0;0;0;0;0;0;0;37,4;54,2;1;1;0;103;0;0;0;0,0;3615;0;0;0;
22.08.2024;08:34:13;14,7;15,0;0;37,4;8,0;21,9;8,0;0;0;0,0;8;54,2;54,2;25,0;0;8200;19,9;80,0;8,0;60,0;0;113,6;8,0;8,0;0,00;0,00;0;0;48,7;146,0;6000;0;99;1879048192;0;0;0;0;0;0;0;0;0;0;0;37,4;54,2;1;1;0;103;0;0;0;0,0;3615;0;0;0;
22.08.2024;08:35:13;14,7;15,0;0;37,3;8,0;21,9;8,0;0;0;0,0;8;54,2;54,2;25,0;0;8200;19,8;79,9;8,0;60,0;0;112,5;8,0;8,0;0,00;0,00;0;0;48,7;146,0;6000;0;99;1879048192;0;0;0;0;0;0;0;0;0;0;0;37,3;54,2;1;1;0;103;0;0;0;0,0;3615;0;0;0;
22.08.2024;08:36:13;14,7;15,0;0;37,3;8,0;21,8;8,0;0;0;0,0;8;54,2;54,2;25,0;0;8200;19,7;79,9;8,0;60,0;0;111,4;8,0;8,0;0,00;0,00;0;0;48,7;146,0;6000;0;99;1879048192;0;0;0;0;0;0;0;0;0;0;0;37,3;54,2;1;1;0;103;0;0;0;0,0;3615;0;0;0;
22.08.2024;08:37:13;14,7;15,0;0;37,2;8,0;21,8;8,0;0;0;0,0;8;54,2;54,2;25,0;0;8200;19,8;79,7;8,0;60,0;0;110,4;8,0;8,0;0,00;0,00;0;0;48,7;146,0;6000;0;99;1879048192;0;0;0;0;0;0;0;0;0;0;0;37,2;54,2;1;1;0;103;0;0;0;0,0;3615;0;0;0;
22.08.2024;08:38:13;14,7;15,0;0;37,1;8,0;21,8;8,0;0;0;0,0;8;54,2;54,2;25,0;0;8200;19,7;79,6;8,0;60,0;0;109,5;8,0;8,0;0,00;0,00;0;0;48,7;146,0;6000;0;99;1879048192;0;0;0;0;0;0;0;0;0;0;0;37,1;54,2;1;1;0;103;0;0;0;0,0;3615;0;0;0;
22.08.2024;08:39:13;14,7;15,1;0;37,1;8,0;21,7;8,0;0;0;0,0;8;54,3;54,3;25,0;0;8200;19,7;79,6;8,0;60,0;0;108,5;8,0;8,0;0,00;0,00;0;0;48,6;146,0;6000;0;99;1879048192;0;0;0;0;0;0;0;0;0;0;0;37,1;54,3;1;1;0;103;0;0;0;0,0;3615;0;0;0;
22.08.2024;08:40:13;14,7;15,1;0;37,0;8,0;21,7;8,0;0;0;0,0;8;54,2;54,2;25,0;0;8200;19,8;79,5;8,0;60,0;0;107,6;8,0;8,0;0,00;0,00;0;0;48,7;146,0;6000;0;99;1879048192;0;0;0;0;0;0;0;0;0;0;0;37,0;54,2;1;1;0;103;0;0;0;0,0;3615;0;0;0;
22.08.2024;08:41:13;14,7;15,1;0;37,0;8,0;21,7;8,0;0;0;0,0;8;54,3;54,3;25,0;0;8200;19,7;79,4;8,0;60,0;0;106,8;8,0;8,0;0,00;0,00;0;0;48,6;146,0;6000;0;99;1879048192;0;0;0;0;0;0;0;0;0;0;0;37,0;54,3;1;1;0;103;0;0;0;0,0;3615;0;0;0;
22.08.2024;08:42:13;14,7;15,1;0;36,9;8,0;21,7;8,0;0;0;0,0;8;54,2;54,2;25,0;0;8200;19,7;79,3;8,0;60,0;0;105,9;8,0;8,0;0,00;0,00;0;0;48,7;146,0;6000;0;99;1879048192;0;0;0;0;0;0;0;0;0;0;0;36,9;54,2;1;1;0;103;0;0;0;0,0;3615;0;0;0;
22.08.2024;08:43:13;14,7;15,1;0;36,9;8,0;21,7;8,0;0;0;0,0;8;54,2;54,2;25,0;0;8200;19,7;79,1;8,0;60,0;0;105,1;8,0;8,0;0,00;0,00;0;0;48,7;146,0;6000;0;99;1879048192;0;0;0;0;0;0;0;0;0;0;0;36,9;54,2;1;1;0;103;0;0;0;0,0;3615;0;0;0;
22.08.2024;08:44:13;14,7;15,1;0;36,8;8,0;21,7;8,0;0;0;0,0;8;54,2;54,2;25,0;0;8200;19,6;79,0;8,0;60,0;0;104,6;8,0;8,0;0,00;0,00;0;0;48,6;146,0;6000;0;99;1879048192;0;0;0;0;0;0;0;0;0;0;0;36,8;54,2;1;1;0;103;0;0;0;0,0;3615;0;0;0;
22.08.2024;08:45:13;14,7;15,2;0;36,8;8,0;21,7;8,0;0;0;0,0;8;54,2;54,2;25,0;0;8200;19,9;78,9;8,0;60,0;0;103,7;8,0;8,0;0,00;0,00;0;0;48,7;146,0;6000;0;99;1879048192;0;0;0;0;0;0;0;0;0;0;0;36,8;54,2;1;1;0;103;0;0;0;0,0;3615;0;0;0;
22.08.2024;08:46:13;14,7;15,2;0;36,8;8,0;21,7;8,0;0;0;0,0;8;54,2;54,2;25,0;0;8200;19,7;78,8;8,0;60,0;0;103,0;8,0;8,0;0,00;0,00;0;0;48,6;146,0;6000;0;99;1879048192;0;0;0;0;0;0;0;0;0;0;0;36,8;54,2;1;1;0;103;0;0;0;0,0;3615;0;0;0;
22.08.2024;08:47:13;14,7;15,2;0;36,8;8,0;21,7;8,0;0;0;0,0;8;54,2;54,2;25,0;0;8200;19,7;78,7;8,0;60,0;0;102,5;8,0;8,0;0,00;0,00;0;0;48,6;146,0;6000;0;99;1879048192;0;0;0;0;0;0;0;0;0;0;0;36,8;54,2;1;1;0;103;0;0;0;0,0;3615;0;0;0;
22.08.2024;08:48:13;14,8;15,2;0;36,7;8,0;21,6;8,0;0;0;0,0;8;54,2;54,2;25,0;0;8200;19,6;78,7;8,0;60,0;0;101,7;8,0;8,0;0,00;0,00;0;0;48,6;146,0;6000;0;99;1879048192;0;0;0;0;0;0;0;0;0;0;0;36,7;54,2;1;1;0;103;0;0;0;0,0;3615;0;0;0;
22.08.2024;08:49:13;14,8;15,3;0;36,6;8,0;21,7;8,0;0;0;0,0;8;54,2;54,2;25,0;0;8200;19,7;78,5;8,0;60,0;0;101,2;8,0;8,0;0,00;0,00;0;0;48,6;146,0;6000;0;99;1879048192;0;0;0;0;0;0;0;0;0;0;0;36,6;54,2;1;1;0;103;0;0;0;0,0;3615;0;0;0;
22.08.2024;08:50:13;14,8;15,3;0;36,6;8,0;21,7;8,0;0;0;0,0;8;54,2;54,2;25,0;0;8200;19,6;78,4;8,0;60,0;0;100,5;8,0;8,0;0,00;0,00;0;0;48,6;146,0;6000;0;99;1879048192;0;0;0;0;0;0;0;0;0;0;0;36,6;54,2;1;1;0;103;0;0;0;0,0;3615;0;0;0;
22.08.2024;08:51:13;14,8;15,3;0;36,6;8,0;21,7;8,0;0;0;0,0;8;54,2;54,2;25,0;0;8200;19,8;78,3;8,0;60,0;0;99,8;8,0;8,0;0,00;0,00;0;0;48,6;146,0;6000;0;99;1879048192;0;0;0;0;0;0;0;0;0;0;0;36,6;54,2;1;1;0;103;0;0;0;0,0;3615;0;0;0;
22.08.2024;08:52:13;14,8;15,3;0;36,6;8,0;21,7;8,0;0;0;0,0;8;54,2;54,2;25,0;0;8200;19,7;78,3;8,0;60,0;0;99,3;8,0;8,0;0,00;0,00;0;0;48,6;146,0;6000;0;99;1879048192;0;0;0;0;0;0;0;0;0;0;0;36,6;54,2;1;1;0;103;0;0;0;0,0;3615;0;0;0;
22.08.2024;08:53:13;14,8;15,3;0;36,5;8,0;21,8;8,0;0;0;0,0;8;54,1;54,1;25,0;0;8200;19,7;78,2;8,0;60,0;0;98,7;8,0;8,0;0,00;0,00;0;0;48,6;146,0;6000;0;99;1879048192;0;0;0;0;0;0;0;0;0;0;0;36,5;54,1;1;1;0;103;0;0;0;0,0;3615;0;0;0;
22.08.2024;08:54:13;14,8;15,4;0;36,5;8,0;21,7;8,0;0;0;0,0;8;54,2;54,2;25,0;0;8200;19,8;78,1;8,0;60,0;0;98,2;8,0;8,0;0,00;0,00;0;0;48,6;146,0;6000;0;99;1879048192;0;0;0;0;0;0;0;0;0;0;0;36,5;54,2;1;1;0;103;0;0;0;0,0;3615;0;0;0;
22.08.2024;08:55:13;14,8;15,4;0;36,5;8,0;21,7;8,0;0;0;0,0;8;54,2;54,2;25,0;0;8200;19,7;78,0;8,0;60,0;0;97,7;8,0;8,0;0,00;0,00;0;0;48,5;146,0;6000;0;99;1879048192;0;0;0;0;0;0;0;0;0;0;0;36,5;54,2;1;1;0;103;0;0;0;0,0;3615;0;0;0;
22.08.2024;08:56:13;14,8;15,4;0;36,4;8,0;21,7;8,0;0;0;0,0;8;54,2;54,2;25,0;0;8200;19,7;77,9;8,0;60,0;0;97,2;8,0;8,0;0,00;0,00;0;0;48,6;146,0;6000;0;99;1879048192;0;0;0;0;0;0;0;0;0;0;0;36,4;54,2;1;1;0;103;0;0;0;0,0;3615;0;0;0;
22.08.2024;08:57:13;14,8;15,4;0;36,4;8,0;21,7;8,0;0;0;0,0;8;54,2;54,2;25,0;0;8200;19,6;77,8;8,0;60,0;0;96,7;8,0;8,0;0,00;0,00;0;0;48,5;146,0;6000;0;99;1879048192;0;0;0;0;0;0;0;0;0;0;0;36,4;54,2;1;1;0;103;0;0;0;0,0;3615;0;0;0;
22.08.2024;08:58:13;14,9;15,4;0;36,4;8,0;21,7;8,0;0;0;0,0;8;54,2;54,2;25,0;0;8200;19,6;77,7;8,0;60,0;0;96,2;8,0;8,0;0,00;0,00;0;0;48,6;146,0;6000;0;99;1879048192;0;0;0;0;0;0;0;0;0;0;0;36,4;54,2;1;1;0;103;0;0;0;0,0;3615;0;0;0;
22.08.2024;08:59:13;14,9;15,5;0;36,3;8,0;21,7;8,0;0;0;0,0;8;54,2;54,2;25,0;0;8200;19,7;77,6;8,0;60,0;0;95,8;8,0;8,0;0,00;0,00;0;0;48,7;146,0;6000;0;99;1879048192;0;0;0;0;0;0;0;0;0;0;0;36,3;54,2;1;1;0;103;0;0;0;0,0;3615;0;0;0;
22.08.2024;09:00:13;14,9;15,5;0;36,3;8,0;21,7;8,0;0;0;0,0;8;54,1;54,1;25,0;0;8200;19,7;77,5;8,0;60,0;0;95,3;8,0;8,0;0,00;0,00;0;0;48,5;146,0;6000;0;99;1879048192;0;0;0;0;0;0;0;0;0;0;0;36,3;54,1;1;1;0;103;0;0;0;0,0;3615;0;0;0;
22.08.2024;09:01:13;14,9;15,5;0;36,3;8,0;21,7;8,0;0;0;0,0;8;54,1;54,1;25,0;0;8200;19,7;77,4;8,0;60,0;0;94,7;8,0;8,0;0,00;0,00;0;0;48,6;146,0;6000;0;99;1879048192;0;0;0;0;0;0;0;0;0;0;0;36,3;54,1;1;1;0;103;0;0;0;0,0;3615;0;0;0;
22.08.2024;09:02:13;14,9;15,5;0;36,3;8,0;21,7;8,0;0;0;0,0;8;54,2;54,2;25,0;0;8200;19,7;77,3;8,0;60,0;0;94,4;8,0;8,0;0,00;0,00;0;0;48,5;146,0;6000;0;99;1879048192;0;0;0;0;0;0;0;0;0;0;0;36,3;54,2;1;1;0;103;0;0;0;0,0;3615;0;0;0;
22.08.2024;09:03:13;14,9;15,6;0;36,2;8,0;21,6;8,0;0;0;0,0;8;54,1;54,1;25,0;0;8200;19,7;77,2;8,0;60,0;0;93,9;8,0;8,0;0,00;0,00;0;0;48,5;146,0;6000;0;99;1879048192;0;0;0;0;0;0;0;0;0;0;0;36,2;54,1;1;1;0;103;0;0;0;0,0;3615;0;0;0;
22.08.2024;09:04:13;15,0;15,6;0;36,2;8,0;21,6;8,0;0;0;0,0;8;54,1;54,1;25,0;0;8200;19,9;77,1;8,0;60,0;0;93,5;8,0;8,0;0,00;0,00;0;0;48,6;146,0;6000;0;99;1879048192;0;0;0;0;0;0;0;0;0;0;0;36,2;54,1;1;1;0;103;0;0;0;0,0;3615;0;0;0;
22.08.2024;09:05:13;15,0;15,7;0;36,2;8,0;21,6;8,0;0;0;0,0;8;54,1;54,1;25,0;0;8200;19,7;77,0;8,0;60,0;0;93,0;8,0;8,0;0,00;0,00;0;0;48,6;146,0;6000;0;99;1879048192;0;0;0;0;0;0;0;0;0;0;0;36,2;54,1;1;1;0;103;0;0;0;0,0;3615;0;0;0;
22.08.2024;09:06:13;15,0;15,7;0;36,1;8,0;21,6;8,0;0;0;0,0;8;54,1;54,1;25,0;0;8200;19,7;77,0;8,0;60,0;0;92,7;8,0;8,0;0,00;0,00;0;0;48,6;146,0;6000;0;99;1879048192;0;0;0;0;0;0;0;0;0;0;0;36,1;54,1;1;1;0;103;0;0;0;0,0;3615;0;0;0;
22.08.2024;09:07:13;15,0;15,7;0;36,1;8,0;21,6;8,0;0;0;0,0;8;54,1;54,1;25,0;0;8200;19,7;76,9;8,0;60,0;0;92,4;8,0;8,0;0,00;0,00;0;0;48,5;146,0;6000;0;99;1879048192;0;0;0;0;0;0;0;0;0;0;0;36,1;54,1;1;1;0;103;0;0;0;0,0;3615;0;0;0;
22.08.2024;09:08:13;15,0;15,7;0;36,1;8,0;21,6;8,0;0;0;0,0;8;54,1;54,1;25,0;0;8200;19,7;76,8;8,0;60,0;0;92,0;8,0;8,0;0,00;0,00;0;0;48,5;146,0;6000;0;99;1879048192;0;0;0;0;0;0;0;0;0;0;0;36,1;54,1;1;1;0;103;0;0;0;0,0;3615;0;0;0;
22.08.2024;09:09:13;15,0;15,8;0;36,1;8,0;21,6;8,0;0;0;0,0;8;54,1;54,1;25,0;0;8200;19,7;76,7;8,0;60,0;0;91,6;8,0;8,0;0,00;0,00;0;0;48,5;146,0;6000;0;99;1879048192;0;0;0;0;0;0;0;0;0;0;0;36,1;54,1;1;1;0;103;0;0;0;0,0;3615;0;0;0;
22.08.2024;09:10:13;15,1;15,8;0;36,0;8,0;21,6;8,0;0;0;0,0;8;54,1;54,1;25,0;0;8200;19,7;76,6;8,0;60,0;0;91,2;8,0;8,0;0,00;0,00;0;0;48,5;146,0;6000;0;99;1879048192;0;0;0;0;0;0;0;0;0;0;0;36,0;54,1;1;1;0;103;0;0;0;0,0;3615;0;0;0;
22.08.2024;09:11:13;15,1;15,8;0;36,0;8,0;21,6;8,0;0;0;0,0;8;54,1;54,1;25,0;0;8200;19,6;76,5;8,0;60,0;0;90,9;8,0;8,0;0,00;0,00;0;0;48,6;146,0;6000;0;99;1879048192;0;0;0;0;0;0;0;0;0;0;0;36,0;54,1;1;1;0;103;0;0;0;0,0;3615;0;0;0;
22.08.2024;09:12:13;15,1;15,9;0;36,0;8,0;21,6;8,0;0;0;0,0;8;54,1;54,1;25,0;0;8200;19,6;76,5;8,0;60,0;0;90,6;8,0;8,0;0,00;0,00;0;0;48,5;146,0;6000;0;99;1879048192;0;0;0;0;0;0;0;0;0;0;0;36,0;54,1;1;1;0;103;0;0;0;0,0;3615;0;0;0;
22.08.2024;09:13:13;15,1;15,9;0;36,0;8,0;21,6;8,0;0;0;0,0;8;54,1;54,1;25,0;0;8200;19,7;76,4;8,0;60,0;0;90,3;8,0;8,0;0,00;0,00;0;0;48,5;146,0;6000;0;99;1879048192;0;0;0;0;0;0;0;0;0;0;0;36,0;54,1;1;1;0;103;0;0;0;0,0;3615;0;0;0;
22.08.2024;09:14:13;15,2;15,9;0;36,0;8,0;21,6;8,0;0;0;0,0;8;54,1;54,1;25,0;0;8200;19,7;76,3;8,0;60,0;0;89,9;8,0;8,0;0,00;0,00;0;0;48,5;146,0;6000;0;99;1879048192;0;0;0;0;0;0;0;0;0;0;0;36,0;54,1;1;1;0;103;0;0;0;0,0;3615;0;0;0;
22.08.2024;09:15:13;15,2;15,9;0;35,9;8,0;21,6;8,0;0;0;0,0;8;54,0;54,0;25,0;0;8200;19,7;76,3;8,0;60,0;0;89,7;8,0;8,0;0,00;0,00;0;0;48,5;146,0;6000;0;99;1879048192;0;0;0;0;0;0;0;0;0;0;0;35,9;54,0;1;1;0;103;0;0;0;0,0;3615;0;0;0;
22.08.2024;09:16:13;15,2;16,0;0;35,9;8,0;21,6;8,0;0;0;0,0;8;54,0;54,0;25,0;0;8200;19,6;76,1;8,0;60,0;0;89,3;8,0;8,0;0,00;0,00;0;0;48,5;146,0;6000;0;99;1879048192;0;0;0;0;0;0;0;0;0;0;0;35,9;54,0;1;1;0;103;0;0;0;0,0;3615;0;0;0;
22.08.2024;09:17:13;15,2;16,0;0;35,9;8,0;21,6;8,0;0;0;0,0;8;54,0;54,0;25,0;0;8200;19,6;76,1;8,0;60,0;0;89,0;8,0;8,0;0,00;0,00;0;0;48,5;146,0;6000;0;99;1879048192;0;0;0;0;0;0;0;0;0;0;0;35,9;54,0;1;1;0;103;0;0;0;0,0;3615;0;0;0;
22.08.2024;09:18:13;15,2;16,0;0;35,9;8,0;21,6;8,0;0;0;0,0;8;54,0;54,0;25,0;0;8200;19,7;76,0;8,0;60,0;0;88,8;8,0;8,0;0,00;0,00;0;0;48,5;146,0;6000;0;99;1879048192;0;0;0;0;0;0;0;0;0;0;0;35,9;54,0;1;1;0;103;0;0;0;0,0;3615;0;0;0;
22.08.2024;09:19:13;15,3;16,1;0;35,8;8,0;21,6;8,0;0;0;0,0;8;54,0;54,0;25,0;0;8200;20,0;75,9;8,0;60,0;0;88,5;8,0;8,0;0,00;0,00;0;0;48,5;146,0;6000;0;99;1879048192;0;0;0;0;0;0;0;0;0;0;0;35,8;54,0;1;1;0;103;0;0;0;0,0;3615;0;0;0;
22.08.2024;09:20:13;15,3;16,1;0;35,8;8,0;21,6;8,0;0;0;0,0;8;54,0;54,0;25,0;0;8200;19,7;75,8;8,0;60,0;0;88,1;8,0;8,0;0,00;0,00;0;0;48,5;146,0;6000;0;99;1879048192;0;0;0;0;0;0;0;0;0;0;0;35,8;54,0;1;1;0;103;0;0;0;0,0;3615;0;0;0;
22.08.2024;09:21:13;15,3;16,1;0;35,8;8,0;21,6;8,0;0;0;0,0;8;54,0;54,0;25,0;0;8200;19,7;75,8;8,0;60,0;0;87,9;8,0;8,0;0,00;0,00;0;0;48,4;146,0;6000;0;99;1879048192;0;0;0;0;0;0;0;0;0;0;0;35,8;54,0;1;1;0;103;0;0;0;0,0;3615;0;0;0;
22.08.2024;09:22:13;15,3;16,2;0;35,7;8,0;21,6;8,0;0;0;0,0;8;54,0;54,0;25,0;0;8200;19,7;75,7;8,0;60,0;0;87,6;8,0;8,0;0,00;0,00;0;0;48,4;146,0;6000;0;99;1879048192;0;0;0;0;0;0;0;0;0;0;0;35,7;54,0;1;1;0;103;0;0;0;0,0;3615;0;0;0;
22.08.2024;09:23:13;15,4;16,2;0;35,7;8,0;21,6;8,0;0;0;0,0;8;54,0;54,0;25,0;0;8200;19,7;75,6;8,0;60,0;0;87,4;8,0;8,0;0,00;0,00;0;0;48,5;146,0;6000;0;99;1879048192;0;0;0;0;0;0;0;0;0;0;0;35,7;54,0;1;1;0;103;0;0;0;0,0;3615;0;0;0;
22.08.2024;09:24:13;15,4;16,2;0;35,7;8,0;21,6;8,0;0;0;0,0;8;53,9;53,9;25,0;0;8200;19,7;75,6;8,0;60,0;0;87,1;8,0;8,0;0,00;0,00;0;0;48,5;146,0;6000;0;99;1879048192;0;0;0;0;0;0;0;0;0;0;0;35,7;53,9;1;1;0;103;0;0;0;0,0;3615;0;0;0;
22.08.2024;09:25:13;15,4;16,3;0;35,7;8,0;21,6;8,0;0;0;0,0;8;53,9;53,9;25,0;0;8200;19,7;75,5;8,0;60,0;0;86,9;8,0;8,0;0,00;0,00;0;0;48,5;146,0;6000;0;99;1879048192;0;0;0;0;0;0;0;0;0;0;0;35,7;53,9;1;1;0;103;0;0;0;0,0;3615;0;0;0;
22.08.2024;09:26:13;15,4;16,3;0;35,7;8,0;21,6;8,0;0;0;0,0;8;54,0;54,0;25,0;0;8200;19,6;75,4;8,0;60,0;0;86,6;8,0;8,0;0,00;0,00;0;0;48,5;146,0;6000;0;99;1879048192;0;0;0;0;0;0;0;0;0;0;0;35,7;54,0;1;1;0;103;0;0;0;0,0;3615;0;0;0;
22.08.2024;09:27:13;15,4;16,4;0;35,6;8,0;21,6;8,0;0;0;0,0;8;53,9;53,9;25,0;0;8200;19,7;75,3;8,0;60,0;0;86,3;8,0;8,0;0,00;0,00;0;0;48,5;146,0;6000;0;99;1879048192;0;0;0;0;0;0;0;0;0;0;0;35,6;53,9;1;1;0;103;0;0;0;0,0;3615;0;0;0;
22.08.2024;09:28:13;15,5;16,4;0;35,7;8,0;21,6;8,0;0;0;0,0;8;53,9;53,9;25,0;0;8200;19,7;75,2;8,0;60,0;0;86,0;8,0;8,0;0,00;0,00;0;0;48,3;146,0;6000;0;99;1879048192;0;0;0;0;0;0;0;0;0;0;0;35,7;53,9;1;1;0;103;0;0;0;0,0;3615;0;0;0;
22.08.2024;09:29:13;15,5;16,4;0;35,6;8,0;21,6;8,0;0;0;0,0;8;53,9;53,9;25,0;0;8200;19,7;75,2;8,0;60,0;0;85,8;8,0;8,0;0,00;0,00;0;0;48,5;146,0;6000;0;99;1879048192;0;0;0;0;0;0;0;0;0;0;0;35,6;53,9;1;1;0;103;0;0;0;0,0;3615;0;0;0;
22.08.2024;09:30:13;15,5;16,4;0;35,6;8,0;21,6;8,0;0;0;0,0;8;53,9;53,9;25,0;0;8200;19,6;75,1;8,0;60,0;0;85,7;8,0;8,0;0,00;0,00;0;0;48,4;146,0;6000;0;99;1879048192;0;0;0;0;0;0;0;0;0;0;0;35,6;53,9;1;1;0;103;0;0;0;0,0;3615;0;0;0;
22.08.2024;09:31:13;15,5;16,5;0;35,6;8,0;21,6;8,0;0;0;0,0;8;53,9;53,9;25,0;0;8200;19,9;75,1;8,0;60,0;0;85,3;8,0;8,0;0,00;0,00;0;0;48,4;146,0;6000;0;99;1879048192;0;0;0;0;0;0;0;0;0;0;0;35,6;53,9;1;1;0;103;0;0;0;0,0;3615;0;0;0;
22.08.2024;09:32:13;15,6;16,5;0;35,6;8,0;21,6;8,0;0;0;0,0;8;53,8;53,8;25,0;0;8200;19,7;75,0;8,0;60,0;0;85,1;8,0;8,0;0,00;0,00;0;0;48,5;146,0;6000;0;99;1879048192;0;0;0;0;0;0;0;0;0;0;0;35,6;53,8;1;1;0;103;0;0;0;0,0;3615;0;0;0;
22.08.2024;09:33:13;15,6;16,5;0;35,5;8,0;21,6;8,0;0;0;0,0;8;53,9;53,9;25,0;0;8200;19,7;74,9;8,0;60,0;0;84,8;8,0;8,0;0,00;0,00;0;0;48,5;146,0;6000;0;99;1879048192;0;0;0;0;0;0;0;0;0;0;0;35,5;53,9;1;1;0;103;0;0;0;0,0;3615;0;0;0;
22.08.2024;09:34:13;15,6;16,6;0;35,5;8,0;21,6;8,0;0;0;0,0;8;53,9;53,9;25,0;0;8200;19,6;74,9;8,0;60,0;0;84,7;8,0;8,0;0,00;0,00;0;0;48,4;146,0;6000;0;99;1879048192;0;0;0;0;0;0;0;0;0;0;0;35,5;53,9;1;1;0;103;0;0;0;0,0;3615;0;0;0;
22.08.2024;09:35:13;15,7;16,6;0;35,5;8,0;21,6;8,0;0;0;0,0;8;53,8;53,8;25,0;0;8200;19,9;74,8;8,0;60,0;0;84,5;8,0;8,0;0,00;0,00;0;0;48,4;146,0;6000;0;99;1879048192;0;0;0;0;0;0;0;0;0;0;0;35,5;53,8;1;1;0;103;0;0;0;0,0;3615;0;0;0;
22.08.2024;09:36:13;15,7;16,6;0;35,5;8,0;21,6;8,0;0;0;0,0;8;53,8;53,8;25,0;0;8200;19,7;74,7;8,0;60,0;0;84,2;8,0;8,0;0,00;0,00;0;0;48,4;146,0;6000;0;99;1879048192;0;0;0;0;0;0;0;0;0;0;0;35,5;53,8;1;1;0;103;0;0;0;0,0;3615;0;0;0;
22.08.2024;09:37:13;15,7;16,6;0;35,5;8,0;21,6;8,0;0;0;0,0;8;53,8;53,8;25,0;0;8200;19,6;74,7;8,0;60,0;0;84,1;8,0;8,0;0,00;0,00;0;0;48,4;146,0;6000;0;99;1879048192;0;0;0;0;0;0;0;0;0;0;0;35,5;53,8;1;1;0;103;0;0;0;0,0;3615;0;0;0;
22.08.2024;09:38:13;15,7;16,6;0;35,4;8,0;21,6;8,0;0;0;0,0;8;53,8;53,8;25,0;0;8200;19,6;74,6;8,0;60,0;0;83,9;8,0;8,0;0,00;0,00;0;0;48,4;146,0;6000;0;99;1879048192;0;0;0;0;0;0;0;0;0;0;0;35,4;53,8;1;1;0;103;0;0;0;0,0;3615;0;0;0;
22.08.2024;09:39:13;15,8;16,7;0;35,4;8,0;21,6;8,0;0;0;0,0;8;53,7;53,7;25,0;0;8200;19,5;74,5;8,0;60,0;0;83,7;8,0;8,0;0,00;0,00;0;0;48,5;146,0;6000;0;99;1879048192;0;0;0;0;0;0;0;0;0;0;0;35,4;53,7;1;1;0;103;0;0;0;0,0;3615;0;0;0;
22.08.2024;09:40:13;15,8;16,7;0;35,4;8,0;21,6;8,0;0;0;0,0;8;53,8;53,8;25,0;0;8200;19,6;74,5;8,0;60,0;0;83,4;8,0;8,0;0,00;0,00;0;0;48,4;146,0;6000;0;99;1879048192;0;0;0;0;0;0;0;0;0;0;0;35,4;53,8;1;1;0;103;0;0;0;0,0;3615;0;0;0;
22.08.2024;09:41:13;15,8;16,7;0;35,4;8,0;21,6;8,0;0;0;0,0;8;53,7;53,7;25,0;0;8200;19,9;74,4;8,0;60,0;0;83,3;8,0;8,0;0,00;0,00;0;0;48,4;146,0;6000;0;99;1879048192;0;0;0;0;0;0;0;0;0;0;0;35,4;53,7;1;1;0;103;0;0;0;0,0;3615;0;0;0;
22.08.2024;09:42:13;15,8;16,7;0;35,4;8,0;21,6;8,0;0;0;0,0;8;53,7;53,7;25,0;0;8200;19,6;74,4;8,0;60,0;0;83,2;8,0;8,0;0,00;0,00;0;0;48,3;146,0;6000;0;99;1879048192;0;0;0;0;0;0;0;0;0;0;0;35,4;53,7;1;1;0;103;0;0;0;0,0;3615;0;0;0;
22.08.2024;09:43:13;15,9;16,8;0;35,4;8,0;21,7;8,0;0;0;0,0;8;53,8;53,8;25,0;0;8200;19,7;74,3;8,0;60,0;0;82,9;8,0;8,0;0,00;0,00;0;0;48,3;146,0;6000;0;99;1879048192;0;0;0;0;0;0;0;0;0;0;0;35,3;53,7;1;1;0;103;0;0;0;0,0;3615;0;0;0;
22.08.2024;09:44:13;15,9;16,8;0;35,3;8,0;21,7;8,0;0;0;0,0;8;53,7;53,7;25,0;0;8200;19,5;74,2;8,0;60,0;0;82,7;8,0;8,0;0,00;0,00;0;0;48,3;146,0;6000;0;99;1879048192;0;0;0;0;0;0;0;0;0;0;0;35,3;53,7;1;1;0;103;0;0;0;0,0;3615;0;0;0;
22.08.2024;09:45:13;15,9;16,8;0;35,2;8,0;21,7;8,0;0;0;0,0;8;53,6;53,6;25,0;0;8200;19,6;74,1;8,0;60,0;0;82,5;8,0;8,0;0,00;0,00;0;0;48,5;146,0;6000;0;99;1879048192;0;0;0;0;0;0;0;0;0;0;0;35,2;53,6;1;1;0;103;0;0;0;0,0;3615;0;0;0;
22.08.2024;09:46:13;16,0;16,9;0;35,2;8,0;21,6;8,0;0;0;0,0;8;53,7;53,7;25,0;0;8200;19,6;74,0;8,0;60,0;0;82,4;8,0;8,0;0,00;0,00;0;0;48,5;146,0;6000;0;99;1879048192;0;0;0;0;0;0;0;0;0;0;0;35,2;53,6;1;1;0;103;0;0;0;0,0;3615;0;0;0;
22.08.2024;09:47:13;16,0;16,8;0;35,3;8,0;21,6;8,0;0;0;0,0;8;53,6;53,6;25,0;0;8200;19,5;74,1;8,0;60,0;0;82,2;8,0;8,0;0,00;0,00;0;0;48,3;146,0;6000;0;99;1879048192;0;0;0;0;0;0;0;0;0;0;0;35,3;53,6;1;1;0;103;0;0;0;0,0;3615;0;0;0;
22.08.2024;09:48:13;16,0;16,9;0;35,2;8,0;21,6;8,0;0;0;0,0;8;53,6;53,6;25,0;0;8200;19,5;74,0;8,0;60,0;0;82,0;8,0;8,0;0,00;0,00;0;0;48,3;146,0;6000;0;99;1879048192;0;0;0;0;0;0;0;0;0;0;0;35,2;53,7;1;1;0;103;0;0;0;0,0;3615;0;0;0;
22.08.2024;09:49:13;16,0;17,0;0;35,2;8,0;21,5;8,0;0;0;0,0;8;53,6;53,6;25,0;0;8200;19,7;73,9;8,0;60,0;0;81,8;8,0;8,0;0,00;0,00;0;0;48,5;146,0;6000;0;99;1879048192;0;0;0;0;0;0;0;0;0;0;0;35,2;53,6;1;1;0;103;0;0;0;0,0;3615;0;0;0;
22.08.2024;09:50:13;16,1;17,0;0;35,2;8,0;21,5;8,0;0;0;0,0;8;53,6;53,6;25,0;0;8200;19,7;73,8;8,0;60,0;0;81,6;8,0;8,0;0,00;0,00;0;0;48,3;146,0;6000;0;99;1879048192;0;0;0;0;0;0;0;0;0;0;0;35,2;53,6;1;1;0;103;0;0;0;0,0;3615;0;0;0;
22.08.2024;09:51:13;16,1;17,0;0;35,2;8,0;21,5;8,0;0;0;0,0;8;53,6;53,6;25,0;0;8200;19,5;73,8;8,0;60,0;0;81,3;8,0;8,0;0,00;0,00;0;0;48,4;146,0;6000;0;99;1879048192;0;0;0;0;0;0;0;0;0;0;0;35,2;53,6;1;1;0;103;0;0;0;0,0;3615;0;0;0;
22.08.2024;09:52:13;16,1;17,0;0;35,2;8,0;21,5;8,0;0;0;0,0;8;53,6;53,6;25,0;0;8200;19,6;73,7;8,0;60,0;0;81,1;8,0;8,0;0,00;0,00;0;0;48,3;146,0;6000;0;99;1879048192;0;0;0;0;0;0;0;0;0;0;0;35,2;53,6;1;1;0;103;0;0;0;0,0;3615;0;0;0;
22.08.2024;09:53:13;16,2;17,0;0;35,2;8,0;21,5;8,0;0;0;0,0;8;53,6;53,6;25,0;0;8200;19,6;73,7;8,0;60,0;0;81,0;8,0;8,0;0,00;0,00;0;0;48,2;146,0;6000;0;99;1879048192;0;0;0;0;0;0;0;0;0;0;0;35,2;53,6;1;1;0;103;0;0;0;0,0;3615;0;0;0;
22.08.2024;09:54:13;16,2;17,0;0;35,1;8,0;21,5;8,0;0;0;0,0;8;53,5;53,5;25,0;0;8200;19,6;73,6;8,0;60,0;0;80,9;8,0;8,0;0,00;0,00;0;0;48,3;146,0;6000;0;99;1879048192;0;0;0;0;0;0;0;0;0;0;0;35,1;53,5;1;1;0;103;0;0;0;0,0;3615;0;0;0;
22.08.2024;09:55:13;16,2;17,1;0;35,1;8,0;21,6;8,0;0;0;0,0;8;53,6;53,6;25,0;0;8200;19,7;73,5;8,0;60,0;0;80,6;8,0;8,0;0,00;0,00;0;0;48,3;146,0;6000;0;99;1879048192;0;0;0;0;0;0;0;0;0;0;0;35,1;53,6;1;1;0;103;0;0;0;0,0;3615;0;0;0;
22.08.2024;09:56:13;16,2;17,1;0;35,1;8,0;21,6;8,0;0;0;0,0;8;53,6;53,6;25,0;0;8200;19,5;73,5;8,0;60,0;0;80,5;8,0;8,0;0,00;0,00;0;0;48,3;146,0;6000;0;99;1879048192;0;0;0;0;0;0;0;0;0;0;0;35,1;53,6;1;1;0;103;0;0;0;0,0;3615;0;0;0;
22.08.2024;09:57:13;16,3;17,1;0;35,1;8,0;21,6;8,0;0;0;0,0;8;53,6;53,6;25,0;0;8200;19,7;73,5;8,0;60,0;0;80,3;8,0;8,0;0,00;0,00;0;0;48,3;146,0;6000;0;99;1879048192;0;0;0;0;0;0;0;0;0;0;0;35,1;53,6;1;1;0;103;0;0;0;0,0;3615;0;0;0;
22.08.2024;09:58:13;16,3;17,2;0;35,1;8,0;21,6;8,0;0;0;0,0;8;53,6;53,6;25,0;0;8200;19,5;73,4;8,0;60,0;0;80,2;8,0;8,0;0,00;0,00;0;0;48,3;146,0;6000;0;99;1879048192;0;0;0;0;0;0;0;0;0;0;0;35,1;53,6;1;1;0;103;0;0;0;0,0;3615;0;0;0;
22.08.2024;09:59:13;16,3;17,2;0;35,1;8,0;21,6;8,0;0;0;0,0;8;53,5;53,5;25,0;0;8200;19,6;73,4;8,0;60,0;0;80,1;8,0;8,0;0,00;0,00;0;0;48,3;146,0;6000;0;99;1879048192;0;0;0;0;0;0;0;0;0;0;0;35,1;53,5;1;1;0;103;0;0;0;0,0;3615;0;0;0;
22.08.2024;10:00:13;16,4;17,2;0;35,0;8,0;21,6;8,0;0;0;0,0;8;53,5;53,5;25,0;0;8200;19,5;73,3;8,0;60,0;0;79,9;8,0;8,0;0,00;0,00;0;0;48,4;146,0;6000;0;99;1879048192;0;0;0;0;0;0;0;0;0;0;0;35,0;53,5;1;1;0;103;0;0;0;0,0;3615;0;0;0;
22.08.2024;10:01:13;16,4;17,2;0;35,0;8,0;21,5;8,0;0;0;0,0;8;53,5;53,5;25,0;0;8200;19,6;73,2;8,0;60,0;0;80,2;8,0;8,0;0,00;0,00;36;85;149,9;125,0;6000;0;7;268435584;0;0;0;0;0;0;0;0;0;0;0;35,0;53,5;1;1;0;0;0;0;0;0,0;3615;0;0;0;
22.08.2024;10:02:13;16,4;17,3;0;35,0;8,0;21,5;8,0;0;0;0,0;8;53,5;53,5;25,0;0;8200;19,7;73,2;8,0;60,0;0;79,2;8,0;8,0;0,00;0,00;0;0;48,3;146,0;6000;0;99;1879048192;0;0;0;0;0;0;0;0;0;0;0;35,0;53,5;1;0;0;110;0;0;0;0,0;3615;0;0;0;
22.08.2024;10:03:13;16,5;17,3;0;35,0;8,0;21,5;8,0;0;0;0,0;8;53,4;53,4;25,0;0;8200;19,6;73,1;8,0;60,0;0;78,8;8,0;8,0;0,00;0,00;0;0;48,4;146,0;6000;0;99;1879048192;0;0;0;0;0;0;0;0;0;0;0;35,0;53,4;1;0;0;110;0;0;0;0,0;3615;0;0;0;
22.08.2024;10:04:13;16,5;17,3;0;34,9;8,0;21,5;8,0;0;0;0,0;8;53,4;53,4;25,0;0;8200;19,6;73,1;8,0;60,0;0;78,6;8,0;8,0;0,00;0,00;0;0;48,3;146,0;6000;0;99;1879048192;0;0;0;0;0;0;0;0;0;0;0;34,9;53,4;1;0;0;110;0;0;0;0,0;3615;0;0;0;
22.08.2024;10:05:13;16,5;17,3;0;35,0;8,0;21,5;8,0;0;0;0,0;8;53,4;53,4;25,0;0;8200;19,7;73,0;8,0;60,0;0;78,5;8,0;8,0;0,00;0,00;0;0;48,3;146,0;6000;0;99;1879048192;0;0;0;0;0;0;0;0;0;0;0;35,0;53,4;1;0;0;110;0;0;0;0,0;3615;0;0;0;
22.08.2024;10:06:13;16,5;17,4;0;34,9;8,0;21,5;8,0;0;0;0,0;8;53,5;53,5;25,0;0;8200;19,5;73,0;8,0;60,0;0;78,5;8,0;8,0;0,00;0,00;0;0;48,4;146,0;6000;0;99;1879048192;0;0;0;0;0;0;0;0;0;0;0;34,9;53,5;1;0;0;110;0;0;0;0,0;3615;0;0;0;
22.08.2024;10:07:13;16,6;17,4;0;34,9;8,0;21,5;8,0;0;0;0,0;8;53,4;53,4;25,0;0;8200;19,5;72,9;8,0;60,0;0;78,4;8,0;8,0;0,00;0,00;0;0;48,4;146,0;6000;0;99;1879048192;0;0;0;0;0;0;0;0;0;0;0;34,9;53,4;1;0;0;110;0;0;0;0,0;3615;0;0;0;
22.08.2024;10:08:13;16,6;17,4;0;34,9;8,0;21,5;8,0;0;0;0,0;8;53,5;53,5;25,0;0;8200;19,6;72,9;8,0;60,0;0;78,2;8,0;8,0;0,00;0,00;0;0;48,4;146,0;6000;0;99;1879048192;0;0;0;0;0;0;0;0;0;0;0;34,9;53,5;1;0;0;110;0;0;0;0,0;3615;0;0;0;
22.08.2024;10:09:13;16,6;17,4;0;34,9;8,0;21,5;8,0;0;0;0,0;8;53,4;53,4;25,0;0;8200;19,6;72,8;8,0;60,0;0;78,2;8,0;8,0;0,00;0,00;0;0;48,4;146,0;6000;0;99;1879048192;0;0;0;0;0;0;0;0;0;0;0;34,9;53,4;1;0;0;110;0;0;0;0,0;3615;0;0;0;
22.08.2024;10:10:13;16,6;17,5;0;34,9;8,0;21,6;8,0;0;0;0,0;8;53,4;53,4;25,0;0;8200;19,6;72,8;8,0;60,0;0;78,1;8,0;8,0;0,00;0,00;0;0;48,3;146,0;6000;0;99;1879048192;0;0;0;0;0;0;0;0;0;0;0;34,9;53,4;1;0;0;110;0;0;0;0,0;3615;0;0;0;
22.08.2024;10:11:13;16,7;17,5;0;34,8;8,0;21,6;8,0;0;0;0,0;8;53,4;53,4;25,0;0;8200;19,6;72,7;8,0;60,0;0;78,1;8,0;8,0;0,00;0,00;0;0;48,4;146,0;6000;0;99;1879048192;0;0;0;0;0;0;0;0;0;0;0;34,8;53,4;1;0;0;110;0;0;0;0,0;3615;0;0;0;
22.08.2024;10:12:13;16,7;17,5;0;34,8;8,0;21,6;8,0;0;0;0,0;8;53,3;53,3;25,0;0;8200;19,6;72,7;8,0;60,0;0;77,9;8,0;8,0;0,00;0,00;0;0;48,3;146,0;6000;0;99;1879048192;0;0;0;0;0;0;0;0;0;0;0;34,8;53,3;1;0;0;110;0;0;0;0,0;3615;0;0;0;
22.08.2024;10:13:13;16,7;17,6;0;34,8;8,0;21,6;8,0;0;0;0,0;8;53,3;53,3;25,0;0;8200;19,7;72,6;8,0;60,0;0;77,7;8,0;8,0;0,00;0,00;0;0;48,4;146,0;6000;0;99;1879048192;0;0;0;0;0;0;0;0;0;0;0;34,8;53,3;1;0;0;110;0;0;0;0,0;3615;0;0;0;
22.08.2024;10:14:13;16,8;17,6;0;34,8;8,0;21,6;8,0;0;0;0,0;8;53,3;53,3;25,0;0;8200;19,5;72,6;8,0;60,0;0;77,7;8,0;8,0;0,00;0,00;0;0;48,3;146,0;6000;0;99;1879048192;0;0;0;0;0;0;0;0;0;0;0;34,8;53,3;1;0;0;110;0;0;0;0,0;3615;0;0;0;
22.08.2024;10:15:13;16,8;17,6;0;34,8;8,0;21,6;8,0;0;0;0,0;8;53,3;53,3;25,0;0;8200;19,7;72,5;8,0;60,0;0;77,6;8,0;8,0;0,00;0,00;0;0;48,3;146,0;6000;0;99;1879048192;0;0;0;0;0;0;0;0;0;0;0;34,8;53,3;1;0;0;110;0;0;0;0,0;3615;0;0;0;
22.08.2024;10:16:13;16,8;17,6;0;34,7;8,0;21,6;8,0;0;0;0,0;8;53,3;53,3;25,0;0;8200;19,7;72,5;8,0;60,0;0;77,5;8,0;8,0;0,00;0,00;0;0;48,3;146,0;6000;0;99;1879048192;0;0;0;0;0;0;0;0;0;0;0;34,7;53,3;1;0;0;110;0;0;0;0,0;3615;0;0;0;
22.08.2024;10:17:13;16,8;17,7;0;34,7;8,0;21,6;8,0;0;0;0,0;8;53,2;53,2;25,0;0;8200;19,7;72,4;8,0;60,0;0;77,4;8,0;8,0;0,00;0,00;0;0;48,4;146,0;6000;0;99;1879048192;0;0;0;0;0;0;0;0;0;0;0;34,7;53,2;1;0;0;110;0;0;0;0,0;3615;0;0;0;
22.08.2024;10:18:13;16,9;17,7;0;34,7;8,0;21,6;8,0;0;0;0,0;8;53,2;53,2;25,0;0;8200;19,6;72,4;8,0;60,0;0;77,3;8,0;8,0;0,00;0,00;0;0;48,4;146,0;6000;0;99;1879048192;0;0;0;0;0;0;0;0;0;0;0;34,7;53,2;1;0;0;110;0;0;0;0,0;3615;0;0;0;
22.08.2024;10:19:13;16,9;17,7;0;34,7;8,0;21,7;8,0;0;0;0,0;8;53,2;53,2;25,0;0;8200;19,5;72,3;8,0;60,0;0;77,2;8,0;8,0;0,00;0,00;0;0;48,3;146,0;6000;0;99;1879048192;0;0;0;0;0;0;0;0;0;0;0;34,7;53,2;1;0;0;110;0;0;0;0,0;3615;0;0;0;
22.08.2024;10:20:13;16,9;17,7;0;34,7;8,0;21,7;8,0;0;0;0,0;8;53,2;53,2;25,0;0;8200;19,6;72,3;8,0;60,0;0;77,2;8,0;8,0;0,00;0,00;0;0;48,3;146,0;6000;0;99;1879048192;0;0;0;0;0;0;0;0;0;0;0;34,7;53,2;1;0;0;110;0;0;0;0,0;3615;0;0;0;
22.08.2024;10:21:13;16,9;17,8;0;34,7;8,0;21,7;8,0;0;0;0,0;8;53,2;53,2;25,0;0;8200;19,7;72,2;8,0;60,0;0;77,0;8,0;8,0;0,00;0,00;0;0;48,3;146,0;6000;0;99;1879048192;0;0;0;0;0;0;0;0;0;0;0;34,7;53,2;1;0;0;110;0;0;0;0,0;3615;0;0;0;
22.08.2024;10:22:13;17,0;17,8;0;34,7;8,0;21,7;8,0;0;0;0,0;8;53,2;53,2;25,0;0;8200;19,7;72,2;8,0;60,0;0;76,9;8,0;8,0;0,00;0,00;0;0;48,3;146,0;6000;0;99;1879048192;0;0;0;0;0;0;0;0;0;0;0;34,7;53,2;1;0;0;110;0;0;0;0,0;3615;0;0;0;
22.08.2024;10:23:13;17,0;17,8;0;34,6;8,0;21,7;8,0;0;0;0,0;8;53,2;53,2;25,0;0;8200;19,6;72,1;8,0;60,0;0;76,9;8,0;8,0;0,00;0,00;0;0;48,3;146,0;6000;0;99;1879048192;0;0;0;0;0;0;0;0;0;0;0;34,6;53,2;1;0;0;110;0;0;0;0,0;3615;0;0;0;
22.08.2024;10:24:13;17,0;17,9;0;34,6;8,0;21,6;8,0;0;0;0,0;8;53,1;53,1;25,0;0;8200;19,7;72,2;8,0;60,0;0;76,7;8,0;8,0;0,00;0,00;0;0;48,4;146,0;6000;0;99;1879048192;0;0;0;0;0;0;0;0;0;0;0;34,6;53,2;1;0;0;110;0;0;0;0,0;3615;0;0;0;
22.08.2024;10:25:13;17,0;17,9;0;34,6;8,0;21,6;8,0;0;0;0,0;8;53,2;53,2;25,0;0;8200;19,8;72,1;8,0;60,0;0;76,5;8,0;8,0;0,00;0,00;0;0;48,2;146,0;6000;0;99;1879048192;0;0;0;0;0;0;0;0;0;0;0;34,6;53,2;1;0;0;110;0;0;0;0,0;3615;0;0;0;
22.08.2024;10:26:13;17,1;18,0;0;34,6;8,0;21,6;8,0;0;0;0,0;8;53,1;53,1;25,0;0;8200;19,6;72,0;8,0;60,0;0;76,4;8,0;8,0;0,00;0,00;0;0;48,3;146,0;6000;0;99;1879048192;0;0;0;0;0;0;0;0;0;0;0;34,6;53,1;1;0;0;110;0;0;0;0,0;3615;0;0;0;
22.08.2024;10:27:13;17,1;18,1;0;34,6;8,0;21,6;8,0;0;0;0,0;8;53,1;53,1;25,0;0;8200;19,7;72,0;8,0;60,0;0;76,4;8,0;8,0;0,00;0,00;0;0;48,3;146,0;6000;0;99;1879048192;0;0;0;0;0;0;0;0;0;0;0;34,6;53,1;1;0;0;110;0;0;0;0,0;3615;0;0;0;
22.08.2024;10:28:13;17,1;18,1;0;34,5;8,0;21,6;8,0;0;0;0,0;8;53,2;53,2;25,0;0;8200;19,7;72,0;8,0;60,0;0;76,3;8,0;8,0;0,00;0,00;0;0;48,3;146,0;6000;0;99;1879048192;0;0;0;0;0;0;0;0;0;0;0;34,5;53,2;1;0;0;110;0;0;0;0,0;3615;0;0;0;
22.08.2024;10:29:13;17,1;18,2;0;34,5;8,0;21,7;8,0;0;0;0,0;8;53,1;53,1;25,0;0;8200;19,7;71,9;8,0;60,0;0;76,2;8,0;8,0;0,00;0,00;0;0;48,4;146,0;6000;0;99;1879048192;0;0;0;0;0;0;0;0;0;0;0;34,5;53,1;1;0;0;110;0;0;0;0,0;3615;0;0;0;
22.08.2024;10:30:13;17,2;18,2;0;34,5;8,0;21,7;8,0;0;0;0,0;8;53,1;53,1;25,0;0;8200;19,7;71,9;8,0;60,0;0;76,1;8,0;8,0;0,00;0,00;0;0;48,2;146,0;6000;0;99;1879048192;0;0;0;0;0;0;0;0;0;0;0;34,5;53,1;1;0;0;110;0;0;0;0,0;3615;0;0;0;
22.08.2024;10:31:13;17,2;18,3;0;34,5;8,0;21,7;8,0;0;0;0,0;8;53,1;53,1;25,0;0;8200;19,7;71,8;8,0;60,0;0;76,0;8,0;8,0;0,00;0,00;0;0;48,3;146,0;6000;0;99;1879048192;0;0;0;0;0;0;0;0;0;0;0;34,5;53,1;1;0;0;110;0;0;0;0,0;3615;0;0;0;
22.08.2024;10:32:13;17,2;18,3;0;34,4;8,0;21,6;8,0;0;0;0,0;8;53,1;53,1;25,0;0;8200;19,5;71,7;8,0;60,0;0;76,0;8,0;8,0;0,00;0,00;0;0;48,4;146,0;6000;0;99;1879048192;0;0;0;0;0;0;0;0;0;0;0;34,4;53,1;1;0;0;110;0;0;0;0,0;3615;0;0;0;
22.08.2024;10:33:13;17,3;18,4;0;34,5;8,0;21,6;8,0;0;0;0,0;8;53,1;53,1;25,0;0;8200;19,7;71,7;8,0;60,0;0;75,9;8,0;8,0;0,00;0,00;0;0;48,3;146,0;6000;0;99;1879048192;0;0;0;0;0;0;0;0;0;0;0;34,5;53,1;1;0;0;110;0;0;0;0,0;3615;0;0;0;
22.08.2024;10:34:13;17,3;18,4;0;34,4;8,0;21,6;8,0;0;0;0,0;8;53,0;53,0;25,0;0;8200;19,7;71,7;8,0;60,0;0;75,9;8,0;8,0;0,00;0,00;0;0;48,3;146,0;6000;0;99;1879048192;0;0;0;0;0;0;0;0;0;0;0;34,4;53,0;1;0;0;110;0;0;0;0,0;3615;0;0;0;
22.08.2024;10:35:13;17,3;18,4;0;34,4;8,0;21,6;8,0;0;0;0,0;8;53,0;53,0;25,0;0;8200;19,7;71,7;8,0;60,0;0;75,7;8,0;8,0;0,00;0,00;0;0;48,4;146,0;6000;0;99;1879048192;0;0;0;0;0;0;0;0;0;0;0;34,4;53,0;1;0;0;110;0;0;0;0,0;3615;0;0;0;
22.08.2024;10:36:13;17,4;18,5;0;34,4;8,0;21,6;8,0;0;0;0,0;8;53,0;53,0;25,0;0;8200;19,5;71,6;8,0;60,0;0;75,5;8,0;8,0;0,00;0,00;0;0;48,2;146,0;6000;0;99;1879048192;0;0;0;0;0;0;0;0;0;0;0;34,4;53,0;1;0;0;110;0;0;0;0,0;3615;0;0;0;
22.08.2024;10:37:13;17,4;18,5;0;34,4;8,0;21,6;8,0;0;0;0,0;8;52,9;52,9;25,0;0;8200;19,7;71,6;8,0;60,0;0;75,4;8,0;8,0;0,00;0,00;0;0;48,3;146,0;6000;0;99;1879048192;0;0;0;0;0;0;0;0;0;0;0;34,4;52,9;1;0;0;110;0;0;0;0,0;3615;0;0;0;
22.08.2024;10:38:13;17,4;18,6;0;34,3;8,0;21,6;8,0;0;0;0,0;8;52,9;52,9;25,0;0;8200;19,6;71,5;8,0;60,0;0;75,3;8,0;8,0;0,00;0,00;0;0;48,2;146,0;6000;0;99;1879048192;0;0;0;0;0;0;0;0;0;0;0;34,3;52,9;1;0;0;110;0;0;0;0,0;3615;0;0;0;
22.08.2024;10:39:13;17,5;18,6;0;34,3;8,0;21,6;8,0;0;0;0,0;8;52,9;52,9;25,0;0;8200;19,6;71,5;8,0;60,0;0;75,2;8,0;8,0;0,00;0,00;0;0;48,4;146,0;6000;0;99;1879048192;0;0;0;0;0;0;0;0;0;0;0;34,3;52,9;1;0;0;110;0;0;0;0,0;3615;0;0;0;
22.08.2024;10:40:13;17,5;18,6;0;34,3;8,0;21,6;8,0;0;0;0,0;8;52,9;52,9;25,0;0;8200;19,7;71,5;8,0;60,0;0;75,2;8,0;8,0;0,00;0,00;0;0;48,2;146,0;6000;0;99;1879048192;0;0;0;0;0;0;0;0;0;0;0;34,3;52,9;1;0;0;110;0;0;0;0,0;3615;0;0;0;
22.08.2024;10:41:13;17,5;18,7;0;34,2;8,0;21,6;8,0;0;0;0,0;8;52,8;52,8;25,0;0;8200;19,6;71,4;8,0;60,0;0;75,2;8,0;8,0;0,00;0,00;0;0;48,4;146,0;6000;0;99;1879048192;0;0;0;0;0;0;0;0;0;0;0;34,2;52,8;1;0;0;110;0;0;0;0,0;3615;0;0;0;
22.08.2024;10:42:13;17,5;18,7;0;34,2;8,0;21,6;8,0;0;0;0,0;8;52,8;52,8;25,0;0;8200;19,7;71,3;8,0;60,0;0;75,1;8,0;8,0;0,00;0,00;0;0;48,4;146,0;6000;0;99;1879048192;0;0;0;0;0;0;0;0;0;0;0;34,2;52,8;1;0;0;110;0;0;0;0,0;3615;0;0;0;
22.08.2024;10:43:13;17,6;18,8;0;34,2;8,0;21,6;8,0;0;0;0,0;8;52,8;52,8;25,0;0;8200;19,6;71,3;8,0;60,0;0;74,9;8,0;8,0;0,00;0,00;0;0;48,3;146,0;6000;0;99;1879048192;0;0;0;0;0;0;0;0;0;0;0;34,2;52,8;1;0;0;110;0;0;0;0,0;3615;0;0;0;
22.08.2024;10:44:13;17,6;18,7;0;34,2;8,0;21,6;8,0;0;0;0,0;8;52,8;52,8;25,0;0;8200;19,6;71,3;8,0;60,0;0;74,9;8,0;8,0;0,00;0,00;0;0;48,2;146,0;6000;0;99;1879048192;0;0;0;0;0;0;0;0;0;0;0;34,2;52,8;1;0;0;110;0;0;0;0,0;3615;0;0;0;
22.08.2024;10:45:13;17,6;18,8;0;34,2;8,0;21,5;8,0;0;0;0,0;8;52,8;52,8;25,0;0;8200;19,5;71,2;8,0;60,0;0;74,8;8,0;8,0;0,00;0,00;0;0;48,4;146,0;6000;0;99;1879048192;0;0;0;0;0;0;0;0;0;0;0;34,2;52,8;1;0;0;110;0;0;0;0,0;3615;0;0;0;
22.08.2024;10:46:13;17,7;18,8;0;34,2;8,0;21,6;8,0;0;0;0,0;8;52,8;52,8;25,0;0;8200;19,9;71,2;8,0;60,0;0;74,6;8,0;8,0;0,00;0,00;0;0;48,4;146,0;6000;0;99;1879048192;0;0;0;0;0;0;0;0;0;0;0;34,2;52,8;1;0;0;110;0;0;0;0,0;3615;0;0;0;
22.08.2024;10:47:13;17,7;18,9;0;34,1;8,0;21,6;8,0;0;0;0,0;8;52,8;52,8;25,0;0;8200;19,5;71,2;8,0;60,0;0;74,5;8,0;8,0;0,00;0,00;0;0;48,1;146,0;6000;0;99;1879048192;0;0;0;0;0;0;0;0;0;0;0;34,1;52,8;1;0;0;110;0;0;0;0,0;3615;0;0;0;
22.08.2024;10:48:13;17,7;18,9;0;34,1;8,0;21,6;8,0;0;0;0,0;8;52,2;52,2;25,0;0;8200;19,5;71,2;8,0;60,0;0;74,4;8,0;8,0;0,00;0,00;0;0;48,1;146,0;6000;0;99;1879048192;0;0;0;0;0;0;0;0;0;0;0;34,1;52,2;1;0;0;110;0;0;0;0,0;3615;0;0;0;
22.08.2024;10:49:13;17,8;18,9;0;34,1;8,0;21,6;8,0;0;0;0,0;8;51,8;51,8;25,0;0;8200;19,6;71,1;8,0;60,0;0;74,4;8,0;8,0;0,00;0,00;0;0;48,1;146,0;6000;0;99;1879048192;0;0;0;0;0;0;0;0;0;0;0;34,1;51,8;1;0;0;110;0;0;0;0,0;3615;0;0;0;
22.08.2024;10:50:13;17,8;18,9;0;34,1;8,0;21,6;8,0;0;0;0,0;8;51,9;51,9;25,0;0;8200;19,6;71,1;8,0;60,0;0;74,3;8,0;8,0;0,00;0,00;0;0;48,1;146,0;6000;0;99;1879048192;0;0;0;0;0;0;0;0;0;0;0;34,1;51,9;1;0;0;110;0;0;0;0,0;3615;0;0;0;
22.08.2024;10:51:13;17,8;19,0;0;34,1;8,0;21,5;8,0;0;0;0,0;8;51,8;51,8;25,0;0;8200;19,6;71,1;8,0;60,0;0;74,3;8,0;8,0;0,00;0,00;0;0;48,0;146,0;6000;0;99;1879048192;0;0;0;0;0;0;0;0;0;0;0;34,1;51,8;1;0;0;110;0;0;0;0,0;3615;0;0;0;
22.08.2024;10:52:13;17,9;19,0;0;34,0;8,0;21,6;8,0;0;0;0,0;8;51,7;51,7;25,0;0;8200;19,7;71,0;8,0;60,0;0;74,1;8,0;8,0;0,00;0,00;0;0;48,2;146,0;6000;0;99;1879048192;0;0;0;0;0;0;0;0;0;0;0;34,0;51,7;1;0;0;110;0;0;0;0,0;3615;0;0;0;
22.08.2024;10:53:13;17,9;19,0;0;34,0;8,0;21,6;8,0;0;0;0,0;8;51,8;51,8;25,0;0;8200;19,6;71,0;8,0;60,0;0;74,1;8,0;8,0;0,00;0,00;0;0;48,3;146,0;6000;0;99;1879048192;0;0;0;0;0;0;0;0;0;0;0;34,0;51,8;1;0;0;110;0;0;0;0,0;3615;0;0;0;
22.08.2024;10:54:13;17,9;19,1;0;33,9;8,0;21,6;8,0;0;0;0,0;8;51,7;51,7;25,0;0;8200;19,5;70,9;8,0;60,0;0;74,1;8,0;8,0;0,00;0,00;0;0;48,4;146,0;6000;0;99;1879048192;0;0;0;0;0;0;0;0;0;0;0;33,9;51,7;1;0;0;110;0;0;0;0,0;3615;0;0;0;
22.08.2024;10:55:13;18,0;19,1;0;33,9;8,0;21,5;8,0;0;0;0,0;8;51,7;51,7;25,0;0;8200;19,5;70,9;8,0;60,0;0;73,8;8,0;8,0;0,00;0,00;0;0;48,3;146,0;6000;0;99;1879048192;0;0;0;0;0;0;0;0;0;0;0;34,0;51,7;1;0;0;110;0;0;0;0,0;3615;0;0;0;
22.08.2024;10:56:13;18,0;19,1;0;33,9;8,0;21,5;8,0;0;0;0,0;8;51,7;51,7;25,0;0;8200;19,5;70,9;8,0;60,0;0;73,8;8,0;8,0;0,00;0,00;0;0;48,1;146,0;6000;0;99;1879048192;0;0;0;0;0;0;0;0;0;0;0;33,9;51,7;1;0;0;110;0;0;0;0,0;3615;0;0;0;
22.08.2024;10:57:13;18,0;19,2;0;33,8;8,0;21,5;8,0;0;0;0,0;8;51,6;51,6;25,0;0;8200;19,5;70,8;8,0;60,0;0;73,8;8,0;8,0;0,00;0,00;0;0;48,2;146,0;6000;0;99;1879048192;0;0;0;0;0;0;0;0;0;0;0;33,8;51,6;1;0;0;110;0;0;0;0,0;3615;0;0;0;
22.08.2024;10:58:13;18,1;19,2;0;33,8;8,0;21,5;8,0;0;0;0,0;8;51,6;51,6;25,0;0;8200;19,3;70,8;8,0;60,0;0;73,7;8,0;8,0;0,00;0,00;0;0;48,2;146,0;6000;0;99;1879048192;0;0;0;0;0;0;0;0;0;0;0;33,8;51,6;1;0;0;110;0;0;0;0,0;3615;0;0;0;
22.08.2024;10:59:13;18,1;19,2;0;33,8;8,0;21,5;8,0;0;0;0,0;8;51,6;51,6;25,0;0;8200;19,5;70,8;8,0;60,0;0;73,6;8,0;8,0;0,00;0,00;0;0;48,3;146,0;6000;0;99;1879048192;0;0;0;0;0;0;0;0;0;0;0;33,8;51,6;1;0;0;110;0;0;0;0,0;3615;0;0;0;
22.08.2024;11:00:13;18,1;19,2;0;33,7;8,0;21,5;8,0;0;0;0,0;8;51,6;51,6;25,0;0;8200;19,5;70,8;8,0;60,0;0;73,6;8,0;8,0;0,00;0,00;0;0;48,2;146,0;6000;0;99;1879048192;0;0;0;0;0;0;0;0;0;0;0;33,7;51,6;1;0;0;110;0;0;0;0,0;3615;0;0;0;
22.08.2024;11:01:13;18,2;19,3;0;33,7;8,0;21,5;8,0;0;0;0,0;8;51,6;51,6;25,0;0;8200;19,5;70,7;8,0;60,0;0;73,5;8,0;8,0;0,00;0,00;0;0;48,1;146,0;6000;0;99;1879048192;0;0;0;0;0;0;0;0;0;0;0;33,7;51,6;1;0;0;110;0;0;0;0,0;3615;0;0;0;
22.08.2024;11:02:13;18,2;19,3;0;33,6;8,0;21,5;8,0;0;0;0,0;8;51,6;51,6;25,0;0;8200;19,6;70,7;8,0;60,0;0;73,4;8,0;8,0;0,00;0,00;0;0;48,2;146,0;6000;0;99;1879048192;0;0;0;0;0;0;0;0;0;0;0;33,6;51,6;1;0;0;110;0;0;0;0,0;3615;0;0;0;
22.08.2024;11:03:13;18,2;19,3;0;33,6;8,0;21,5;8,0;0;0;0,0;8;51,5;51,5;25,0;0;8200;19,7;70,7;8,0;60,0;0;73,5;8,0;8,0;0,00;0,00;0;0;48,2;146,0;6000;0;99;1879048192;0;0;0;0;0;0;0;0;0;0;0;33,6;51,5;1;0;0;110;0;0;0;0,0;3615;0;0;0;
22.08.2024;11:04:13;18,3;19,4;0;33,6;8,0;21,5;8,0;0;0;0,0;8;51,5;51,5;25,0;0;8200;19,5;70,6;8,0;60,0;0;73,3;8,0;8,0;0,00;0,00;0;0;48,2;146,0;6000;0;99;1879048192;0;0;0;0;0;0;0;0;0;0;0;33,6;51,5;1;0;0;110;0;0;0;0,0;3615;0;0;0;
22.08.2024;11:05:13;18,3;19,4;0;33,5;8,0;21,5;8,0;0;0;0,0;8;51,5;51,5;25,0;0;8200;19,6;70,6;8,0;60,0;0;73,2;8,0;8,0;0,00;0,00;0;0;48,2;146,0;6000;0;99;1879048192;0;0;0;0;0;0;0;0;0;0;0;33,5;51,5;1;0;0;110;0;0;0;0,0;3615;0;0;0;
22.08.2024;11:06:13;18,3;19,4;0;33,5;8,0;21,5;8,0;0;0;0,0;8;51,5;51,5;25,0;0;8200;19,5;70,6;8,0;60,0;0;73,2;8,0;8,0;0,00;0,00;0;0;48,0;146,0;6000;0;99;1879048192;0;0;0;0;0;0;0;0;0;0;0;33,5;51,5;1;0;0;110;0;0;0;0,0;3615;0;0;0;
22.08.2024;11:07:13;18,4;19,4;0;33,4;8,0;21,5;8,0;0;0;0,0;8;51,5;51,5;25,0;0;8200;19,5;70,6;8,0;60,0;0;73,2;8,0;8,0;0,00;0,00;0;0;48,1;146,0;6000;0;99;1879048192;0;0;0;0;0;0;0;0;0;0;0;33,4;51,5;1;0;0;110;0;0;0;0,0;3615;0;0;0;
22.08.2024;11:08:13;18,4;19,5;0;33,4;8,0;21,5;8,0;0;0;0,0;8;51,5;51,5;25,0;0;8200;19,5;70,6;8,0;60,0;0;73,1;8,0;8,0;0,00;0,00;0;0;48,1;146,0;6000;0;99;1879048192;0;0;0;0;0;0;0;0;0;0;0;33,4;51,5;1;0;0;110;0;0;0;0,0;3615;0;0;0;
22.08.2024;11:09:13;18,4;19,5;0;33,4;8,0;21,5;8,0;0;0;0,0;8;51,5;51,5;25,0;0;8200;19,5;70,5;8,0;60,0;0;73,1;8,0;8,0;0,00;0,00;0;0;48,0;146,0;6000;0;99;1879048192;0;0;0;0;0;0;0;0;0;0;0;33,4;51,5;1;0;0;110;0;0;0;0,0;3615;0;0;0;
22.08.2024;11:10:13;18,5;19,6;0;33,3;8,0;21,5;8,0;0;0;0,0;8;51,5;51,5;25,0;0;8200;19,5;70,5;8,0;60,0;0;72,9;8,0;8,0;0,00;0,00;0;0;48,1;146,0;6000;0;99;1879048192;0;0;0;0;0;0;0;0;0;0;0;33,4;51,5;1;0;0;110;0;0;0;0,0;3615;0;0;0;
22.08.2024;11:11:13;18,5;19,6;0;33,4;8,0;21,5;8,0;0;0;0,0;8;51,5;51,5;25,0;0;8200;19,9;70,5;8,0;60,0;0;72,8;8,0;8,0;0,00;0,00;0;0;48,0;146,0;6000;0;99;1879048192;0;0;0;0;0;0;0;0;0;0;0;33,4;51,5;1;0;0;110;0;0;0;0,0;3615;0;0;0;
22.08.2024;11:12:13;18,6;19,6;0;33,2;8,0;21,6;8,0;0;0;0,0;8;51,4;51,4;25,0;0;8200;19,6;70,4;8,0;60,0;0;72,8;8,0;8,0;0,00;0,00;0;0;48,4;146,0;6000;0;99;1879048192;0;0;0;0;0;0;0;0;0;0;0;33,2;51,4;1;0;0;110;0;0;0;0,0;3615;0;0;0;
22.08.2024;11:13:13;18,6;19,7;0;33,3;8,0;21,6;8,0;0;0;0,0;8;51,5;51,5;25,0;0;8200;19,7;70,4;8,0;60,0;0;72,6;8,0;8,0;0,00;0,00;0;0;48,1;146,0;6000;0;99;1879048192;0;0;0;0;0;0;0;0;0;0;0;33,3;51,5;1;0;0;110;0;0;0;0,0;3615;0;0;0;
22.08.2024;11:14:13;18,6;19,7;0;33,2;8,0;21,6;8,0;0;0;0,0;8;51,5;51,5;25,0;0;8200;19,5;70,3;8,0;60,0;0;72,6;8,0;8,0;0,00;0,00;0;0;48,1;146,0;6000;0;99;1879048192;0;0;0;0;0;0;0;0;0;0;0;33,2;51,5;1;0;0;110;0;0;0;0,0;3615;0;0;0;
22.08.2024;11:15:13;18,7;19,7;0;33,2;8,0;21,6;8,0;0;0;0,0;8;51,4;51,4;25,0;0;8200;19,5;70,4;8,0;60,0;0;72,6;8,0;8,0;0,00;0,00;0;0;48,1;146,0;6000;0;99;1879048192;0;0;0;0;0;0;0;0;0;0;0;33,2;51,4;1;0;0;110;0;0;0;0,0;3615;0;0;0;
22.08.2024;11:16:13;18,7;19,7;0;33,1;8,0;21,5;8,0;0;0;0,0;8;51,4;51,4;25,0;0;8200;19,5;70,3;8,0;60,0;0;72,5;8,0;8,0;0,00;0,00;0;0;48,1;146,0;6000;0;99;1879048192;0;0;0;0;0;0;0;0;0;0;0;33,1;51,4;1;0;0;110;0;0;0;0,0;3615;0;0;0;
22.08.2024;11:17:13;18,7;19,8;0;33,1;8,0;21,5;8,0;0;0;0,0;8;51,4;51,4;25,0;0;8200;19,5;70,3;8,0;60,0;0;72,5;8,0;8,0;0,00;0,00;0;0;48,1;146,0;6000;0;99;1879048192;0;0;0;0;0;0;0;0;0;0;0;33,1;51,4;1;0;0;110;0;0;0;0,0;3615;0;0;0;
22.08.2024;11:18:13;18,8;19,8;0;33,1;8,0;21,5;8,0;0;0;0,0;8;51,4;51,4;25,0;0;8200;19,6;70,3;8,0;60,0;0;72,4;8,0;8,0;0,00;0,00;0;0;48,0;146,0;6000;0;99;1879048192;0;0;0;0;0;0;0;0;0;0;0;33,1;51,4;1;0;0;110;0;0;0;0,0;3615;0;0;0;
22.08.2024;11:19:13;18,8;19,8;0;33,0;8,0;21,5;8,0;0;0;0,0;8;51,3;51,3;25,0;0;8200;19,7;70,2;8,0;60,0;0;72,3;8,0;8,0;0,00;0,00;0;0;48,1;146,0;6000;0;99;1879048192;0;0;0;0;0;0;0;0;0;0;0;33,0;51,3;1;0;0;110;0;0;0;0,0;3615;0;0;0;
22.08.2024;11:20:13;18,8;19,8;0;33,0;8,0;21,5;8,0;0;0;0,0;8;51,3;51,3;25,0;0;8200;19,5;70,2;8,0;60,0;0;72,4;8,0;8,0;0,00;0,00;0;0;48,0;146,0;6000;0;99;1879048192;0;0;0;0;0;0;0;0;0;0;0;33,0;51,3;1;0;0;110;0;0;0;0,0;3615;0;0;0;
22.08.2024;11:21:13;18,9;19,9;0;33,0;8,0;21,5;8,0;0;0;0,0;8;51,4;51,4;25,0;0;8200;19,6;70,2;8,0;60,0;0;72,3;8,0;8,0;0,00;0,00;0;0;48,1;146,0;6000;0;99;1879048192;0;0;0;0;0;0;0;0;0;0;0;33,0;51,4;1;0;0;110;0;0;0;0,0;3615;0;0;0;
22.08.2024;11:22:13;18,9;19,9;0;32,9;8,0;21,5;8,0;0;0;0,0;8;51,3;51,3;25,0;0;8200;19,5;70,2;8,0;60,0;0;72,2;8,0;8,0;0,00;0,00;0;0;48,0;146,0;6000;0;99;1879048192;0;0;0;0;0;0;0;0;0;0;0;32,9;51,3;1;0;0;110;0;0;0;0,0;3615;0;0;0;
22.08.2024;11:23:13;18,9;19,9;0;32,9;8,0;21,5;8,0;0;0;0,0;8;51,3;51,3;25,0;0;8200;19,5;70,2;8,0;60,0;0;72,2;8,0;8,0;0,00;0,00;0;0;48,0;146,0;6000;0;99;1879048192;0;0;0;0;0;0;0;0;0;0;0;32,9;51,3;1;0;0;110;0;0;0;0,0;3615;0;0;0;
22.08.2024;11:24:13;19,0;19,9;0;32,9;8,0;21,5;8,0;0;0;0,0;8;51,3;51,3;25,0;0;8200;19,4;70,1;8,0;60,0;0;72,1;8,0;8,0;0,00;0,00;0;0;47,9;146,0;6000;0;99;1879048192;0;0;0;0;0;0;0;0;0;0;0;32,9;51,3;1;0;0;110;0;0;0;0,0;3615;0;0;0;
22.08.2024;11:25:13;19,0;20,0;0;32,8;8,0;21,5;8,0;0;0;0,0;8;51,2;51,2;25,0;0;8200;19,6;70,1;8,0;60,0;0;72,1;8,0;8,0;0,00;0,00;0;0;48,0;146,0;6000;0;99;1879048192;0;0;0;0;0;0;0;0;0;0;0;32,8;51,2;1;0;0;110;0;0;0;0,0;3615;0;0;0;
22.08.2024;11:26:13;19,0;20,0;0;32,8;8,0;21,5;8,0;0;0;0,0;8;51,2;51,2;25,0;0;8200;19,7;70,1;8,0;60,0;0;72,0;8,0;8,0;0,00;0,00;0;0;48,0;146,0;6000;0;99;1879048192;0;0;0;0;0;0;0;0;0;0;0;32,8;51,2;1;0;0;110;0;0;0;0,0;3615;0;0;0;
22.08.2024;11:27:13;19,1;20,0;0;32,7;8,0;21,5;8,0;0;0;0,0;8;51,2;51,2;25,0;0;8200;19,5;70,0;8,0;60,0;0;71,9;8,0;8,0;0,00;0,00;0;0;47,9;146,0;6000;0;99;1879048192;0;0;0;0;0;0;0;0;0;0;0;32,7;51,2;1;0;0;110;0;0;0;0,0;3615;0;0;0;
22.08.2024;11:28:13;19,1;20,1;0;32,7;8,0;21,5;8,0;0;0;0,0;8;51,2;51,2;25,0;0;8200;19,6;70,1;8,0;60,0;0;71,9;8,0;8,0;0,00;0,00;0;0;48,0;146,0;6000;0;99;1879048192;0;0;0;0;0;0;0;0;0;0;0;32,7;51,2;1;0;0;110;0;0;0;0,0;3615;0;0;0;
22.08.2024;11:29:13;19,1;20,1;0;32,7;8,0;21,5;8,0;0;0;0,0;8;51,2;51,2;25,0;0;8200;19,5;70,0;8,0;60,0;0;71,9;8,0;8,0;0,00;0,00;0;0;48,0;146,0;6000;0;99;1879048192;0;0;0;0;0;0;0;0;0;0;0;32,7;51,2;1;0;0;110;0;0;0;0,0;3615;0;0;0;
22.08.2024;11:30:13;19,2;20,1;0;32,7;8,0;21,5;8,0;0;0;0,0;8;51,2;51,2;25,0;0;8200;19,5;70,0;8,0;60,0;0;71,8;8,0;8,0;0,00;0,00;0;0;47,8;146,0;6000;0;99;1879048192;0;0;0;0;0;0;0;0;0;0;0;32,7;51,2;1;0;0;110;0;0;0;0,0;3615;0;0;0;
22.08.2024;11:31:13;19,2;20,1;0;32,6;8,0;21,5;8,0;0;0;0,0;8;51,1;51,1;25,0;0;8200;19,6;70,0;8,0;60,0;0;71,8;8,0;8,0;0,00;0,00;0;0;48,0;146,0;6000;0;99;1879048192;0;0;0;0;0;0;0;0;0;0;0;32,6;51,1;1;0;0;110;0;0;0;0,0;3615;0;0;0;
22.08.2024;11:32:13;19,2;20,2;0;32,6;8,0;21,5;8,0;0;0;0,0;8;51,1;51,1;25,0;0;8200;19,5;69,9;8,0;60,0;0;71,8;8,0;8,0;0,00;0,00;0;0;47,9;146,0;6000;0;99;1879048192;0;0;0;0;0;0;0;0;0;0;0;32,6;51,1;1;0;0;110;0;0;0;0,0;3615;0;0;0;
22.08.2024;11:33:13;19,3;20,2;0;32,5;8,0;21,5;8,0;0;0;0,0;8;51,1;51,1;25,0;0;8200;19,6;69,9;8,0;60,0;0;71,7;8,0;8,0;0,00;0,00;0;0;48,0;146,0;6000;0;99;1879048192;0;0;0;0;0;0;0;0;0;0;0;32,5;51,1;1;0;0;110;0;0;0;0,0;3615;0;0;0;
22.08.2024;11:34:13;19,3;20,2;0;32,5;8,0;21,5;8,0;0;0;0,0;8;51,1;51,1;25,0;0;8200;19,6;69,9;8,0;60,0;0;71,6;8,0;8,0;0,00;0,00;0;0;48,0;146,0;6000;0;99;1879048192;0;0;0;0;0;0;0;0;0;0;0;32,5;51,1;1;0;0;110;0;0;0;0,0;3615;0;0;0;
22.08.2024;11:35:13;19,3;20,3;0;32,5;8,0;21,5;8,0;0;0;0,0;8;51,1;51,1;25,0;0;8200;19,5;69,9;8,0;60,0;0;71,6;8,0;8,0;0,00;0,00;0;0;47,9;146,0;6000;0;99;1879048192;0;0;0;0;0;0;0;0;0;0;0;32,5;51,1;1;0;0;110;0;0;0;0,0;3615;0;0;0;
22.08.2024;11:36:13;19,4;20,3;0;32,5;8,0;21,5;8,0;0;0;0,0;8;51,1;51,1;25,0;0;8200;19,6;69,9;8,0;60,0;0;71,5;8,0;8,0;0,00;0,00;0;0;47,9;146,0;6000;0;99;1879048192;0;0;0;0;0;0;0;0;0;0;0;32,5;51,1;1;0;0;110;0;0;0;0,0;3615;0;0;0;
22.08.2024;11:37:13;19,4;20,3;0;32,4;8,0;21,5;8,0;0;0;0,0;8;51,0;51,0;25,0;0;8200;19,5;69,8;8,0;60,0;0;71,5;8,0;8,0;0,00;0,00;0;0;47,9;146,0;6000;0;99;1879048192;0;0;0;0;0;0;0;0;0;0;0;32,4;51,0;1;0;0;110;0;0;0;0,0;3615;0;0;0;
22.08.2024;11:38:13;19,4;20,3;0;32,4;8,0;21,5;8,0;0;0;0,0;8;51,0;51,0;25,0;0;8200;19,7;69,8;8,0;60,0;0;71,4;8,0;8,0;0,00;0,00;0;0;47,8;146,0;6000;0;99;1879048192;0;0;0;0;0;0;0;0;0;0;0;32,4;51,0;1;0;0;110;0;0;0;0,0;3615;0;0;0;
22.08.2024;11:39:13;19,4;20,4;0;32,4;8,0;21,5;8,0;0;0;0,0;8;51,0;51,0;25,0;0;8200;19,6;69,8;8,0;60,0;0;71,3;8,0;8,0;0,00;0,00;0;0;47,8;146,0;6000;0;99;1879048192;0;0;0;0;0;0;0;0;0;0;0;32,4;51,0;1;0;0;110;0;0;0;0,0;3615;0;0;0;
22.08.2024;11:40:13;19,5;20,4;0;32,3;8,0;21,5;8,0;0;0;0,0;8;51,0;51,0;25,0;0;8200;19,7;69,8;8,0;60,0;0;71,4;8,0;8,0;0,00;0,00;0;0;47,8;146,0;6000;0;99;1879048192;0;0;0;0;0;0;0;0;0;0;0;32,3;51,0;1;0;0;110;0;0;0;0,0;3615;0;0;0;
22.08.2024;11:41:13;19,5;20,5;0;32,3;8,0;21,6;8,0;0;0;0,0;8;51,0;51,0;25,0;0;8200;19,7;69,7;8,0;60,0;0;71,4;8,0;8,0;0,00;0,00;0;0;47,9;146,0;6000;0;99;1879048192;0;0;0;0;0;0;0;0;0;0;0;32,3;51,0;1;0;0;110;0;0;0;0,0;3615;0;0;0;
22.08.2024;11:42:13;19,5;20,5;0;32,3;8,0;21,6;8,0;0;0;0,0;8;51,0;51,0;25,0;0;8200;19,7;69,7;8,0;60,0;0;71,3;8,0;8,0;0,00;0,00;0;0;47,8;146,0;6000;0;99;1879048192;0;0;0;0;0;0;0;0;0;0;0;32,3;51,0;1;0;0;110;0;0;0;0,0;3615;0;0;0;
22.08.2024;11:43:13;19,6;20,5;0;32,2;8,0;21,6;8,0;0;0;0,0;8;51,0;51,0;25,0;0;8200;19,5;69,7;8,0;60,0;0;71,3;8,0;8,0;0,00;0,00;0;0;47,9;146,0;6000;0;99;1879048192;0;0;0;0;0;0;0;0;0;0;0;32,2;51,0;1;0;0;110;0;0;0;0,0;3615;0;0;0;
22.08.2024;11:44:13;19,6;20,6;0;32,2;8,0;21,6;8,0;0;0;0,0;8;50,9;50,9;25,0;0;8200;19,5;69,7;8,0;60,0;0;71,2;8,0;8,0;0,00;0,00;0;0;47,8;146,0;6000;0;99;1879048192;0;0;0;0;0;0;0;0;0;0;0;32,2;50,9;1;0;0;110;0;0;0;0,0;3615;0;0;0;
22.08.2024;11:45:13;19,6;20,6;0;32,1;8,0;21,6;8,0;0;0;0,0;8;50,9;50,9;25,0;0;8200;19,6;69,7;8,0;60,0;0;71,2;8,0;8,0;0,00;0,00;0;0;47,8;146,0;6000;0;99;1879048192;0;0;0;0;0;0;0;0;0;0;0;32,1;50,9;1;0;0;110;0;0;0;0,0;3615;0;0;0;
22.08.2024;11:46:13;19,7;20,6;0;32,1;8,0;21,5;8,0;0;0;0,0;8;50,9;50,9;25,0;0;8200;19,6;69,6;8,0;60,0;0;71,0;8,0;8,0;0,00;0,00;0;0;47,8;146,0;6000;0;99;1879048192;0;0;0;0;0;0;0;0;0;0;0;32,1;50,9;1;0;0;110;0;0;0;0,0;3615;0;0;0;
22.08.2024;11:47:13;19,7;20,6;0;32,1;8,0;21,6;8,0;0;0;0,0;8;50,9;50,9;25,0;0;8200;19,6;69,6;8,0;60,0;0;71,0;8,0;8,0;0,00;0,00;0;0;47,9;146,0;6000;0;99;1879048192;0;0;0;0;0;0;0;0;0;0;0;32,1;50,9;1;0;0;110;0;0;0;0,0;3615;0;0;0;
22.08.2024;11:48:13;19,7;20,7;0;32,1;8,0;21,6;8,0;0;0;0,0;8;50,9;50,9;25,0;0;8200;19,5;69,6;8,0;60,0;0;71,0;8,0;8,0;0,00;0,00;0;0;47,9;146,0;6000;0;99;1879048192;0;0;0;0;0;0;0;0;0;0;0;32,1;50,9;1;0;0;110;0;0;0;0,0;3615;0;0;0;
22.08.2024;11:49:13;19,7;20,7;0;32,0;8,0;21,6;8,0;0;0;0,0;8;50,8;50,8;25,0;0;8200;19,6;69,6;8,0;60,0;0;70,9;8,0;8,0;0,00;0,00;0;0;48,0;146,0;6000;0;99;1879048192;0;0;0;0;0;0;0;0;0;0;0;32,0;50,9;1;0;0;110;0;0;0;0,0;3615;0;0;0;
22.08.2024;11:50:13;19,8;20,7;0;32,0;8,0;21,6;8,0;0;0;0,0;8;50,8;50,8;25,0;0;8200;19,6;69,6;8,0;60,0;0;70,8;8,0;8,0;0,00;0,00;0;0;47,9;146,0;6000;0;99;1879048192;0;0;0;0;0;0;0;0;0;0;0;32,0;50,8;1;0;0;110;0;0;0;0,0;3615;0;0;0;
22.08.2024;11:51:13;19,8;20,7;0;32,0;8,0;21,6;8,0;0;0;0,0;8;50,8;50,8;25,0;0;8200;19,8;69,5;8,0;60,0;0;70,9;8,0;8,0;0,00;0,00;0;0;48,0;146,0;6000;0;99;1879048192;0;0;0;0;0;0;0;0;0;0;0;32,0;50,8;1;0;0;110;0;0;0;0,0;3615;0;0;0;
22.08.2024;11:52:13;19,8;20,7;0;31,9;8,0;21,6;8,0;0;0;0,0;8;50,8;50,8;25,0;0;8200;19,7;69,5;8,0;60,0;0;70,6;8,0;8,0;0,00;0,00;0;0;47,9;146,0;6000;0;99;1879048192;0;0;0;0;0;0;0;0;0;0;0;31,9;50,8;1;0;0;110;0;0;0;0,0;3615;0;0;0;
22.08.2024;11:53:13;19,9;20,8;0;31,9;8,0;21,6;8,0;0;0;0,0;8;50,8;50,8;25,0;0;8200;19,7;69,5;8,0;60,0;0;70,6;8,0;8,0;0,00;0,00;0;0;47,8;146,0;6000;0;99;1879048192;0;0;0;0;0;0;0;0;0;0;0;31,9;50,8;1;0;0;110;0;0;0;0,0;3615;0;0;0;
22.08.2024;11:54:13;19,9;20,8;0;31,9;8,0;21,6;8,0;0;0;0,0;8;50,8;50,8;25,0;0;8200;19,5;69,5;8,0;60,0;0;70,6;8,0;8,0;0,00;0,00;0;0;47,8;146,0;6000;0;99;1879048192;0;0;0;0;0;0;0;0;0;0;0;31,9;50,8;1;0;0;110;0;0;0;0,0;3615;0;0;0;
22.08.2024;11:55:13;19,9;20,8;0;31,8;8,0;21,6;8,0;0;0;0,0;8;50,8;50,8;25,0;0;8200;19,7;69,4;8,0;60,0;0;70,5;8,0;8,0;0,00;0,00;0;0;47,8;146,0;6000;0;99;1879048192;0;0;0;0;0;0;0;0;0;0;0;31,8;50,8;1;0;0;110;0;0;0;0,0;3615;0;0;0;
22.08.2024;11:56:13;19,9;20,8;0;31,9;8,0;21,6;8,0;0;0;0,0;8;50,8;50,8;25,0;0;8200;19,5;69,4;8,0;60,0;0;70,4;8,0;8,0;0,00;0,00;0;0;47,8;146,0;6000;0;99;1879048192;0;0;0;0;0;0;0;0;0;0;0;31,9;50,8;1;0;0;110;0;0;0;0,0;3615;0;0;0;
22.08.2024;11:57:13;20,0;20,8;0;31,8;8,0;21,6;8,0;0;0;0,0;8;50,8;50,8;25,0;0;8200;19,6;69,4;8,0;60,0;0;70,4;8,0;8,0;0,00;0,00;0;0;47,8;146,0;6000;0;99;1879048192;0;0;0;0;0;0;0;0;0;0;0;31,8;50,8;1;0;0;110;0;0;0;0,0;3615;0;0;0;
22.08.2024;11:58:13;20,0;20,8;0;31,8;8,0;21,6;8,0;0;0;0,0;8;50,7;50,7;25,0;0;8200;19,6;69,4;8,0;60,0;0;70,4;8,0;8,0;0,00;0,00;0;0;47,8;146,0;6000;0;99;1879048192;0;0;0;0;0;0;0;0;0;0;0;31,8;50,7;1;0;0;110;0;0;0;0,0;3615;0;0;0;
22.08.2024;11:59:13;20,0;20,8;0;31,7;8,0;21,5;8,0;0;0;0,0;8;50,7;50,7;25,0;0;8200;19,6;69,3;8,0;60,0;0;70,3;8,0;8,0;0,00;0,00;0;0;47,9;146,0;6000;0;99;1879048192;0;0;0;0;0;0;0;0;0;0;0;31,7;50,7;1;0;0;110;0;0;0;0,0;3615;0;0;0;
22.08.2024;12:00:13;20,1;20,8;0;31,7;8,0;21,6;8,0;0;0;0,0;8;50,7;50,7;25,0;0;8200;19,6;69,3;8,0;60,0;0;70,3;8,0;8,0;0,00;0,00;0;0;47,8;146,0;6000;0;99;1879048192;0;0;0;0;0;0;0;0;0;0;0;31,7;50,7;1;0;0;110;0;0;0;0,0;3615;0;0;0;
22.08.2024;12:01:13;20,1;20,8;0;31,7;8,0;21,5;8,0;0;0;0,0;8;50,7;50,7;25,0;0;8200;19,6;69,3;8,0;60,0;0;70,3;8,0;8,0;0,00;0,00;0;0;47,8;146,0;6000;0;99;1879048192;0;0;0;0;0;0;0;0;0;0;0;31,7;50,7;1;0;0;110;0;0;0;0,0;3615;0;0;0;
22.08.2024;12:02:13;20,1;20,8;0;31,7;8,0;21,6;8,0;0;0;0,0;8;50,7;50,7;25,0;0;8200;19,7;69,3;8,0;60,0;0;70,3;8,0;8,0;0,00;0,00;0;0;47,9;146,0;6000;0;99;1879048192;0;0;0;0;0;0;0;0;0;0;0;31,7;50,7;1;0;0;110;0;0;0;0,0;3615;0;0;0;
22.08.2024;12:03:13;20,1;20,8;0;31,6;8,0;21,6;8,0;0;0;0,0;8;50,6;50,6;25,0;0;8200;19,5;69,2;8,0;60,0;0;70,3;8,0;8,0;0,00;0,00;0;0;47,9;146,0;6000;0;99;1879048192;0;0;0;0;0;0;0;0;0;0;0;31,6;50,6;1;0;0;110;0;0;0;0,0;3615;0;0;0;
22.08.2024;12:04:13;20,2;20,8;0;31,6;8,0;21,6;8,0;0;0;0,0;8;50,6;50,6;25,0;0;8200;19,5;69,2;8,0;60,0;0;70,2;8,0;8,0;0,00;0,00;0;0;47,9;146,0;6000;0;99;1879048192;0;0;0;0;0;0;0;0;0;0;0;31,6;50,6;1;0;0;110;0;0;0;0,0;3615;0;0;0;
22.08.2024;12:05:13;20,2;20,8;0;31,6;8,0;21,6;8,0;0;0;0,0;8;50,6;50,6;25,0;0;8200;19,5;69,2;8,0;60,0;0;70,1;8,0;8,0;0,00;0,00;0;0;47,8;146,0;6000;0;99;1879048192;0;0;0;0;0;0;0;0;0;0;0;31,6;50,6;1;0;0;110;0;0;0;0,0;3615;0;0;0;
22.08.2024;12:06:13;20,2;20,8;0;31,5;8,0;21,6;8,0;0;0;0,0;8;50,6;50,6;25,0;0;8200;19,5;69,1;8,0;60,0;0;70,1;8,0;8,0;0,00;0,00;0;0;47,8;146,0;6000;0;99;1879048192;0;0;0;0;0;0;0;0;0;0;0;31,5;50,6;1;0;0;110;0;0;0;0,0;3615;0;0;0;
22.08.2024;12:07:13;20,2;20,8;0;31,5;8,0;21,6;8,0;0;0;0,0;8;50,6;50,6;25,0;0;8200;19,6;69,1;8,0;60,0;0;70,1;8,0;8,0;0,00;0,00;0;0;47,9;146,0;6000;0;99;1879048192;0;0;0;0;0;0;0;0;0;0;0;31,5;50,6;1;0;0;110;0;0;0;0,0;3615;0;0;0;
22.08.2024;12:08:13;20,2;20,8;0;31,5;8,0;21,6;8,0;0;0;0,0;8;50,6;50,6;25,0;0;8200;19,7;69,1;8,0;60,0;0;70,0;8,0;8,0;0,00;0,00;0;0;48,0;146,0;6000;0;99;1879048192;0;0;0;0;0;0;0;0;0;0;0;31,5;50,6;1;0;0;110;0;0;0;0,0;3615;0;0;0;
22.08.2024;12:09:13;20,3;20,8;0;31,4;8,0;21,7;8,0;0;0;0,0;8;50,6;50,6;25,0;0;8200;19,6;69,0;8,0;60,0;0;70,0;8,0;8,0;0,00;0,00;0;0;47,9;146,0;6000;0;99;1879048192;0;0;0;0;0;0;0;0;0;0;0;31,4;50,6;1;0;0;110;0;0;0;0,0;3615;0;0;0;
22.08.2024;12:10:13;20,3;20,8;0;31,4;8,0;21,6;8,0;0;0;0,0;8;50,6;50,6;25,0;0;8200;19,9;69,0;8,0;60,0;0;69,8;8,0;8,0;0,00;0,00;0;0;47,8;146,0;6000;0;99;1879048192;0;0;0;0;0;0;0;0;0;0;0;31,4;50,6;1;0;0;110;0;0;0;0,0;3615;0;0;0;
22.08.2024;12:11:13;20,3;20,9;0;31,4;8,0;21,7;8,0;0;0;0,0;8;50,5;50,5;25,0;0;8200;20,1;68,9;8,0;60,0;0;69,8;8,0;8,0;0,00;0,00;0;0;47,9;146,0;6000;0;99;1879048192;0;0;0;0;0;0;0;0;0;0;0;31,4;50,5;1;0;0;110;0;0;0;0,0;3615;0;0;0;
22.08.2024;12:12:13;20,3;20,9;0;31,4;8,0;21,8;8,0;0;0;0,0;8;50,5;50,5;25,0;0;8200;19,6;69,0;8,0;60,0;0;69,8;8,0;8,0;0,00;0,00;0;0;48,1;146,0;6000;0;99;1879048192;0;0;0;0;0;0;0;0;0;0;0;31,4;50,5;1;0;0;110;0;0;0;0,0;3615;0;0;0;
22.08.2024;12:13:13;20,4;20,9;0;31,3;8,0;21,8;8,0;0;0;0,0;8;50,5;50,5;25,0;0;8200;19,6;69,0;8,0;60,0;0;69,8;8,0;8,0;0,00;0,00;0;0;47,8;146,0;6000;0;99;1879048192;0;0;0;0;0;0;0;0;0;0;0;31,4;50,5;1;0;0;110;0;0;0;0,0;3615;0;0;0;
22.08.2024;12:14:13;20,4;20,8;0;31,3;8,0;21,7;8,0;0;0;0,0;8;50,4;50,4;25,0;0;8200;19,7;68,9;8,0;60,0;0;69,7;8,0;8,0;0,00;0,00;0;0;47,7;146,0;6000;0;99;1879048192;0;0;0;0;0;0;0;0;0;0;0;31,3;50,4;1;0;0;110;0;0;0;0,0;3615;0;0;0;
22.08.2024;12:15:13;20,4;20,9;0;31,3;8,0;21,7;8,0;0;0;0,0;8;50,5;50,5;25,0;0;8200;19,7;68,9;8,0;60,0;0;69,6;8,0;8,0;0,00;0,00;0;0;47,7;146,0;6000;0;99;1879048192;0;0;0;0;0;0;0;0;0;0;0;31,3;50,5;1;0;0;110;0;0;0;0,0;3615;0;0;0;
22.08.2024;12:16:13;20,4;20,9;0;31,3;8,0;21,7;8,0;0;0;0,0;8;50,4;50,4;25,0;0;8200;19,6;68,9;8,0;60,0;0;69,7;8,0;8,0;0,00;0,00;0;0;47,8;146,0;6000;0;99;1879048192;0;0;0;0;0;0;0;0;0;0;0;31,3;50,4;1;0;0;110;0;0;0;0,0;3615;0;0;0;
22.08.2024;12:17:13;20,4;20,9;0;31,3;8,0;21,6;8,0;0;0;0,0;8;50,4;50,4;25,0;0;8200;19,7;68,9;8,0;60,0;0;69,6;8,0;8,0;0,00;0,00;0;0;47,9;146,0;6000;0;99;1879048192;0;0;0;0;0;0;0;0;0;0;0;31,3;50,4;1;0;0;110;0;0;0;0,0;3615;0;0;0;
22.08.2024;12:18:13;20,5;20,9;0;31,2;8,0;21,6;8,0;0;0;0,0;8;50,4;50,4;25,0;0;8200;19,6;68,9;8,0;60,0;0;69,6;8,0;8,0;0,00;0,00;0;0;47,7;146,0;6000;0;99;1879048192;0;0;0;0;0;0;0;0;0;0;0;31,2;50,4;1;0;0;110;0;0;0;0,0;3615;0;0;0;
22.08.2024;12:19:13;20,5;20,9;0;31,2;8,0;21,6;8,0;0;0;0,0;8;50,4;50,4;25,0;0;8200;19,6;68,8;8,0;60,0;0;69,5;8,0;8,0;0,00;0,00;0;0;47,8;146,0;6000;0;99;1879048192;0;0;0;0;0;0;0;0;0;0;0;31,2;50,4;1;0;0;110;0;0;0;0,0;3615;0;0;0;
22.08.2024;12:20:13;20,5;20,9;0;31,2;8,0;21,6;8,0;0;0;0,0;8;50,4;50,4;25,0;0;8200;19,8;68,8;8,0;60,0;0;69,4;8,0;8,0;0,00;0,00;0;0;47,8;146,0;6000;0;99;1879048192;0;0;0;0;0;0;0;0;0;0;0;31,2;50,4;1;0;0;110;0;0;0;0,0;3615;0;0;0;
22.08.2024;12:21:13;20,5;21,0;0;31,2;8,0;21,6;8,0;0;0;0,0;8;50,4;50,4;25,0;0;8200;19,6;68,8;8,0;60,0;0;69,3;8,0;8,0;0,00;0,00;0;0;47,8;146,0;6000;0;99;1879048192;0;0;0;0;0;0;0;0;0;0;0;31,2;50,4;1;0;0;110;0;0;0;0,0;3615;0;0;0;
22.08.2024;12:22:13;20,5;21,0;0;31,2;8,0;21,6;8,0;0;0;0,0;8;50,3;50,3;25,0;0;8200;19,6;68,7;8,0;60,0;0;69,2;8,0;8,0;0,00;0,00;0;0;47,8;146,0;6000;0;99;1879048192;0;0;0;0;0;0;0;0;0;0;0;31,2;50,3;1;0;0;110;0;0;0;0,0;3615;0;0;0;
22.08.2024;12:23:13;20,5;21,0;0;31,2;8,0;21,6;8,0;0;0;0,0;8;50,3;50,3;25,0;0;8200;19,7;68,8;8,0;60,0;0;69,2;8,0;8,0;0,00;0,00;0;0;47,7;146,0;6000;0;99;1879048192;0;0;0;0;0;0;0;0;0;0;0;31,2;50,3;1;0;0;110;0;0;0;0,0;3615;0;0;0;
22.08.2024;12:24:13;20,6;21,0;0;31,1;8,0;21,6;8,0;0;0;0,0;8;50,3;50,3;25,0;0;8200;19,7;68,7;8,0;60,0;0;69,2;8,0;8,0;0,00;0,00;0;0;47,9;146,0;6000;0;99;1879048192;0;0;0;0;0;0;0;0;0;0;0;31,1;50,3;1;0;0;110;0;0;0;0,0;3615;0;0;0;
22.08.2024;12:25:13;20,6;21,0;0;31,1;8,0;21,6;8,0;0;0;0,0;8;50,3;50,3;25,0;0;8200;19,7;68,7;8,0;60,0;0;69,1;8,0;8,0;0,00;0,00;0;0;47,8;146,0;6000;0;99;1879048192;0;0;0;0;0;0;0;0;0;0;0;31,1;50,3;1;0;0;110;0;0;0;0,0;3615;0;0;0;
22.08.2024;12:26:13;20,6;21,0;0;31,1;8,0;21,6;8,0;0;0;0,0;8;50,3;50,3;25,0;0;8200;19,6;68,6;8,0;60,0;0;68,9;8,0;8,0;0,00;0,00;0;0;47,8;146,0;6000;0;99;1879048192;0;0;0;0;0;0;0;0;0;0;0;31,1;50,3;1;0;0;110;0;0;0;0,0;3615;0;0;0;
22.08.2024;12:27:13;20,6;21,0;0;31,0;8,0;21,6;8,0;0;0;0,0;8;50,2;50,2;25,0;0;8200;19,7;68,7;8,0;60,0;0;69,0;8,0;8,0;0,00;0,00;0;0;47,7;146,0;6000;0;99;1879048192;0;0;0;0;0;0;0;0;0;0;0;31,0;50,2;1;0;0;110;0;0;0;0,0;3615;0;0;0;
22.08.2024;12:28:13;20,6;21,1;0;31,0;8,0;21,6;8,0;0;0;0,0;8;50,3;50,3;25,0;0;8200;19,7;68,6;8,0;60,0;0;68,9;8,0;8,0;0,00;0,00;0;0;47,8;146,0;6000;0;99;1879048192;0;0;0;0;0;0;0;0;0;0;0;31,0;50,3;1;0;0;110;0;0;0;0,0;3615;0;0;0;
22.08.2024;12:29:13;20,6;21,1;0;31,0;8,0;21,7;8,0;0;0;0,0;8;50,2;50,2;25,0;0;8200;19,6;68,6;8,0;60,0;0;68,9;8,0;8,0;0,00;0,00;0;0;47,8;146,0;6000;0;99;1879048192;0;0;0;0;0;0;0;0;0;0;0;31,0;50,2;1;0;0;110;0;0;0;0,0;3615;0;0;0;
22.08.2024;12:30:13;20,7;21,1;0;30,9;8,0;21,6;8,0;0;0;0,0;8;50,2;50,2;25,0;0;8200;19,7;68,5;8,0;60,0;0;69,0;8,0;8,0;0,00;0,00;0;0;47,9;146,0;6000;0;99;1879048192;0;0;0;0;0;0;0;0;0;0;0;30,9;50,2;1;0;0;110;0;0;0;0,0;3615;0;0;0;
22.08.2024;12:31:13;20,7;21,1;0;30,9;8,0;21,7;8,0;0;0;0,0;8;50,2;50,2;25,0;0;8200;19,5;68,5;8,0;60,0;0;68,9;8,0;8,0;0,00;0,00;0;0;47,8;146,0;6000;0;99;1879048192;0;0;0;0;0;0;0;0;0;0;0;30,9;50,2;1;0;0;110;0;0;0;0,0;3615;0;0;0;
22.08.2024;12:32:13;20,7;21,1;0;30,9;8,0;21,6;8,0;0;0;0,0;8;50,1;50,1;25,0;0;8200;19,7;68,5;8,0;60,0;0;68,9;8,0;8,0;0,00;0,00;0;0;47,8;146,0;6000;0;99;1879048192;0;0;0;0;0;0;0;0;0;0;0;30,9;50,1;1;0;0;110;0;0;0;0,0;3615;0;0;0;
22.08.2024;12:33:13;20,7;21,1;0;30,9;8,0;21,7;8,0;0;0;0,0;8;50,1;50,1;25,0;0;8200;19,6;68,5;8,0;60,0;0;68,9;8,0;8,0;0,00;0,00;0;0;47,7;146,0;6000;0;99;1879048192;0;0;0;0;0;0;0;0;0;0;0;30,9;50,1;1;0;0;110;0;0;0;0,0;3615;0;0;0;
22.08.2024;12:34:13;20,7;21,2;0;30,9;8,0;21,6;8,0;0;0;0,0;8;50,1;50,1;25,0;0;8200;19,6;68,5;8,0;60,0;0;68,8;8,0;8,0;0,00;0,00;0;0;47,8;146,0;6000;0;99;1879048192;0;0;0;0;0;0;0;0;0;0;0;30,9;50,1;1;0;0;110;0;0;0;0,0;3615;0;0;0;
22.08.2024;12:35:13;20,7;21,2;0;30,9;8,0;21,6;8,0;0;0;0,0;8;50,1;50,1;25,0;0;8200;19,7;68,4;8,0;60,0;0;68,8;8,0;8,0;0,00;0,00;0;0;47,7;146,0;6000;0;99;1879048192;0;0;0;0;0;0;0;0;0;0;0;30,9;50,1;1;0;0;110;0;0;0;0,0;3615;0;0;0;
22.08.2024;12:36:13;20,8;21,2;0;30,8;8,0;21,6;8,0;0;0;0,0;8;50,1;50,1;25,0;0;8200;19,7;68,4;8,0;60,0;0;68,8;8,0;8,0;0,00;0,00;0;0;47,7;146,0;6000;0;99;1879048192;0;0;0;0;0;0;0;0;0;0;0;30,8;50,1;1;0;0;110;0;0;0;0,0;3615;0;0;0;
22.08.2024;12:37:13;20,8;21,2;0;30,8;8,0;21,6;8,0;0;0;0,0;8;50,1;50,1;25,0;0;8200;19,7;68,4;8,0;60,0;0;68,7;8,0;8,0;0,00;0,00;0;0;47,9;146,0;6000;0;99;1879048192;0;0;0;0;0;0;0;0;0;0;0;30,8;50,1;1;0;0;110;0;0;0;0,0;3615;0;0;0;
22.08.2024;12:38:13;20,8;21,2;0;30,8;8,0;21,6;8,0;0;0;0,0;8;50,1;50,1;25,0;0;8200;19,7;68,4;8,0;60,0;0;68,7;8,0;8,0;0,00;0,00;0;0;47,8;146,0;6000;0;99;1879048192;0;0;0;0;0;0;0;0;0;0;0;30,8;50,1;1;0;0;110;0;0;0;0,0;3615;0;0;0;
22.08.2024;12:39:13;20,8;21,3;0;30,8;8,0;21,6;8,0;0;0;0,0;8;50,1;50,1;25,0;0;8200;19,7;68,3;8,0;60,0;0;68,7;8,0;8,0;0,00;0,00;0;0;47,7;146,0;6000;0;99;1879048192;0;0;0;0;0;0;0;0;0;0;0;30,8;50,1;1;0;0;110;0;0;0;0,0;3615;0;0;0;
22.08.2024;12:40:13;20,8;21,3;0;30,8;8,0;21,6;8,0;0;0;0,0;8;50,0;50,0;25,0;0;8200;19,6;68,3;8,0;60,0;0;68,7;8,0;8,0;0,00;0,00;0;0;47,8;146,0;6000;0;99;1879048192;0;0;0;0;0;0;0;0;0;0;0;30,8;50,0;1;0;0;110;0;0;0;0,0;3615;0;0;0;
22.08.2024;12:41:13;20,8;21,3;0;30,8;8,0;21,6;8,0;0;0;0,0;8;50,0;50,0;25,0;0;8200;19,7;68,3;8,0;60,0;0;68,7;8,0;8,0;0,00;0,00;0;0;47,8;146,0;6000;0;99;1879048192;0;0;0;0;0;0;0;0;0;0;0;30,8;50,0;1;0;0;110;0;0;0;0,0;3615;0;0;0;
22.08.2024;12:42:13;20,8;21,3;0;30,7;8,0;21,6;8,0;0;0;0,0;8;50,0;50,0;25,0;0;8200;19,7;68,3;8,0;60,0;0;68,7;8,0;8,0;0,00;0,00;0;0;47,7;146,0;6000;0;99;1879048192;0;0;0;0;0;0;0;0;0;0;0;30,7;50,0;1;0;0;110;0;0;0;0,0;3615;0;0;0;
22.08.2024;12:43:13;20,9;21,3;0;30,7;8,0;21,6;8,0;0;0;0,0;8;50,0;50,0;25,0;0;8200;19,6;68,2;8,0;60,0;0;68,5;8,0;8,0;0,00;0,00;0;0;47,8;146,0;6000;0;99;1879048192;0;0;0;0;0;0;0;0;0;0;0;30,7;50,0;1;0;0;110;0;0;0;0,0;3615;0;0;0;
22.08.2024;12:44:13;20,9;21,4;0;30,7;8,0;21,6;8,0;0;0;0,0;8;49,9;49,9;25,0;0;8200;19,7;68,2;8,0;60,0;0;68,6;8,0;8,0;0,00;0,00;0;0;47,8;146,0;6000;0;99;1879048192;0;0;0;0;0;0;0;0;0;0;0;30,7;49,9;1;0;0;110;0;0;0;0,0;3615;0;0;0;
22.08.2024;12:45:13;20,9;21,4;0;30,7;8,0;21,6;8,0;0;0;0,0;8;50,0;50,0;25,0;0;8200;19,7;68,2;8,0;60,0;0;68,5;8,0;8,0;0,00;0,00;0;0;47,8;146,0;6000;0;99;1879048192;0;0;0;0;0;0;0;0;0;0;0;30,7;50,0;1;0;0;110;0;0;0;0,0;3615;0;0;0;
22.08.2024;12:46:13;20,9;21,4;0;30,7;8,0;21,6;8,0;0;0;0,0;8;50,0;50,0;25,0;0;8200;19,7;68,2;8,0;60,0;0;68,5;8,0;8,0;0,00;0,00;0;0;47,8;146,0;6000;0;99;1879048192;0;0;0;0;0;0;0;0;0;0;0;30,7;50,0;1;0;0;110;0;0;0;0,0;3615;0;0;0;
22.08.2024;12:47:13;20,9;21,4;0;30,6;8,0;21,6;8,0;0;0;0,0;8;49,9;49,9;25,0;0;8200;19,7;68,2;8,0;60,0;0;68,5;8,0;8,0;0,00;0,00;0;0;47,7;146,0;6000;0;99;1879048192;0;0;0;0;0;0;0;0;0;0;0;30,6;49,9;1;0;0;110;0;0;0;0,0;3615;0;0;0;
22.08.2024;12:48:13;20,9;21,4;0;30,6;8,0;21,6;8,0;0;0;0,0;8;49,9;49,9;25,0;0;8200;19,5;68,1;8,0;60,0;0;68,5;8,0;8,0;0,00;0,00;0;0;47,7;146,0;6000;0;99;1879048192;0;0;0;0;0;0;0;0;0;0;0;30,6;49,9;1;0;0;110;0;0;0;0,0;3615;0;0;0;
22.08.2024;12:49:13;20,9;21,4;0;30,6;8,0;21,6;8,0;0;0;0,0;8;49,9;49,9;25,0;0;8200;19,7;68,0;8,0;60,0;0;68,5;8,0;8,0;0,00;0,00;0;0;47,7;146,0;6000;0;99;1879048192;0;0;0;0;0;0;0;0;0;0;0;30,6;49,9;1;0;0;110;0;0;0;0,0;3615;0;0;0;
22.08.2024;12:50:13;21,0;21,5;0;30,6;8,0;21,6;8,0;0;0;0,0;8;49,9;49,9;25,0;0;8200;19,7;68,1;8,0;60,0;0;68,4;8,0;8,0;0,00;0,00;0;0;47,7;146,0;6000;0;99;1879048192;0;0;0;0;0;0;0;0;0;0;0;30,6;49,9;1;0;0;110;0;0;0;0,0;3615;0;0;0;
22.08.2024;12:51:13;21,0;21,5;0;30,6;8,0;21,6;8,0;0;0;0,0;8;49,9;49,9;25,0;0;8200;19,8;68,1;8,0;60,0;0;68,4;8,0;8,0;0,00;0,00;0;0;47,7;146,0;6000;0;99;1879048192;0;0;0;0;0;0;0;0;0;0;0;30,6;49,9;1;0;0;110;0;0;0;0,0;3615;0;0;0;
22.08.2024;12:52:13;21,0;21,5;0;30,6;8,0;21,6;8,0;0;0;0,0;8;49,8;49,8;25,0;0;8200;19,8;68,0;8,0;60,0;0;68,4;8,0;8,0;0,00;0,00;0;0;47,7;146,0;6000;0;99;1879048192;0;0;0;0;0;0;0;0;0;0;0;30,6;49,8;1;0;0;110;0;0;0;0,0;3615;0;0;0;
22.08.2024;12:53:13;21,0;21,5;0;30,6;8,0;21,7;8,0;0;0;0,0;8;49,8;49,8;25,0;0;8200;19,7;68,0;8,0;60,0;0;68,4;8,0;8,0;0,00;0,00;0;0;47,8;146,0;6000;0;99;1879048192;0;0;0;0;0;0;0;0;0;0;0;30,6;49,8;1;0;0;110;0;0;0;0,0;3615;0;0;0;
22.08.2024;12:54:13;21,0;21,5;0;30,5;8,0;21,7;8,0;0;0;0,0;8;49,8;49,8;25,0;0;8200;19,7;68,0;8,0;60,0;0;68,3;8,0;8,0;0,00;0,00;0;0;47,7;146,0;6000;0;99;1879048192;0;0;0;0;0;0;0;0;0;0;0;30,5;49,8;1;0;0;110;0;0;0;0,0;3615;0;0;0;
22.08.2024;12:55:13;21,0;21,5;0;30,5;8,0;21,7;8,0;0;0;0,0;8;49,8;49,8;25,0;0;8200;19,6;67,9;8,0;60,0;0;68,3;8,0;8,0;0,00;0,00;0;0;47,7;146,0;6000;0;99;1879048192;0;0;0;0;0;0;0;0;0;0;0;30,5;49,8;1;0;0;110;0;0;0;0,0;3615;0;0;0;
22.08.2024;12:56:13;21,0;21,6;0;30,5;8,0;21,7;8,0;0;0;0,0;8;49,8;49,8;25,0;0;8200;19,7;67,9;8,0;60,0;0;68,3;8,0;8,0;0,00;0,00;0;0;47,8;146,0;6000;0;99;1879048192;0;0;0;0;0;0;0;0;0;0;0;30,5;49,8;1;0;0;110;0;0;0;0,0;3615;0;0;0;
22.08.2024;12:57:13;21,0;21,6;0;30,5;8,0;21,7;8,0;0;0;0,0;8;49,7;49,7;25,0;0;8200;19,7;67,9;8,0;60,0;0;68,3;8,0;8,0;0,00;0,00;0;0;47,7;146,0;6000;0;99;1879048192;0;0;0;0;0;0;0;0;0;0;0;30,5;49,7;1;0;0;110;0;0;0;0,0;3615;0;0;0;
22.08.2024;12:58:13;21,1;21,5;0;30,5;8,0;21,7;8,0;0;0;0,0;8;49,7;49,7;25,0;0;8200;19,7;67,8;8,0;60,0;0;68,2;8,0;8,0;0,00;0,00;0;0;47,7;146,0;6000;0;99;1879048192;0;0;0;0;0;0;0;0;0;0;0;30,5;49,7;1;0;0;110;0;0;0;0,0;3615;0;0;0;
22.08.2024;12:59:13;21,1;21,6;0;30,4;8,0;21,7;8,0;0;0;0,0;8;49,7;49,7;25,0;0;8200;19,7;67,8;8,0;60,0;0;68,2;8,0;8,0;0,00;0,00;0;0;47,8;146,0;6000;0;99;1879048192;0;0;0;0;0;0;0;0;0;0;0;30,4;49,7;1;0;0;110;0;0;0;0,0;3615;0;0;0;
22.08.2024;13:00:13;21,1;21,6;0;30,5;8,0;21,7;8,0;0;0;0,0;8;49,7;49,7;25,0;0;8200;19,7;67,8;8,0;60,0;0;68,2;8,0;8,0;0,00;0,00;0;0;47,9;146,0;6000;0;99;1879048192;0;0;0;0;0;0;0;0;0;0;0;30,5;49,7;1;0;0;110;0;0;0;0,0;3615;0;0;0;
22.08.2024;13:01:13;21,1;21,6;0;30,4;8,0;21,7;8,0;0;0;0,0;8;49,7;49,7;25,0;0;8200;19,7;67,8;8,0;60,0;0;68,2;8,0;8,0;0,00;0,00;0;0;47,9;146,0;6000;0;99;1879048192;0;0;0;0;0;0;0;0;0;0;0;30,4;49,7;1;0;0;110;0;0;0;0,0;3615;0;0;0;
22.08.2024;13:02:13;21,1;21,7;0;30,4;8,0;21,6;8,0;0;0;0,0;8;49,6;49,6;25,0;0;8200;19,7;67,7;8,0;60,0;0;68,1;8,0;8,0;0,00;0,00;0;0;47,7;146,0;6000;0;99;1879048192;0;0;0;0;0;0;0;0;0;0;0;30,4;49,6;1;0;0;110;0;0;0;0,0;3615;0;0;0;
22.08.2024;13:03:13;21,1;21,7;0;30,4;8,0;21,6;8,0;0;0;0,0;8;49,6;49,6;25,0;0;8200;19,7;67,7;8,0;60,0;0;68,0;8,0;8,0;0,00;0,00;0;0;47,7;146,0;6000;0;99;1879048192;0;0;0;0;0;0;0;0;0;0;0;30,4;49,6;1;0;0;110;0;0;0;0,0;3615;0;0;0;
22.08.2024;13:04:13;21,1;21,7;0;30,4;8,0;21,6;8,0;0;0;0,0;8;49,6;49,6;25,0;0;8200;19,9;67,7;8,0;60,0;0;68,0;8,0;8,0;0,00;0,00;0;0;47,8;146,0;6000;0;99;1879048192;0;0;0;0;0;0;0;0;0;0;0;30,4;49,6;1;0;0;110;0;0;0;0,0;3615;0;0;0;
22.08.2024;13:05:13;21,2;21,7;0;30,4;8,0;21,6;8,0;0;0;0,0;8;49,6;49,6;25,0;0;8200;19,6;67,7;8,0;60,0;0;67,9;8,0;8,0;0,00;0,00;0;0;47,6;146,0;6000;0;99;1879048192;0;0;0;0;0;0;0;0;0;0;0;30,4;49,6;1;0;0;110;0;0;0;0,0;3615;0;0;0;
22.08.2024;13:06:13;21,2;21,7;0;30,3;8,0;21,6;8,0;0;0;0,0;8;49,5;49,5;25,0;0;8200;19,7;67,8;8,0;60,0;0;67,8;8,0;8,0;0,00;0,00;0;0;47,6;146,0;6000;0;99;1879048192;0;0;0;0;0;0;0;0;0;0;0;30,3;49,5;1;0;0;110;0;0;0;0,0;3615;0;0;0;
22.08.2024;13:07:13;21,2;21,8;0;30,3;8,0;21,6;8,0;0;0;0,0;8;49,6;49,6;25,0;0;8200;19,7;67,5;8,0;60,0;0;67,9;8,0;8,0;0,00;0,00;0;0;47,8;146,0;6000;0;99;1879048192;0;0;0;0;0;0;0;0;0;0;0;30,3;49,6;1;0;0;110;0;0;0;0,0;3615;0;0;0;
22.08.2024;13:08:13;21,2;21,8;0;30,3;8,0;21,6;8,0;0;0;0,0;8;49,6;49,6;25,0;0;8200;19,7;67,6;8,0;60,0;0;67,8;8,0;8,0;0,00;0,00;0;0;47,7;146,0;6000;0;99;1879048192;0;0;0;0;0;0;0;0;0;0;0;30,3;49,6;1;0;0;110;0;0;0;0,0;3615;0;0;0;
22.08.2024;13:09:13;21,2;21,8;0;30,3;8,0;21,6;8,0;0;0;0,0;8;49,5;49,5;25,0;0;8200;19,7;67,5;8,0;60,0;0;68,0;8,0;8,0;0,00;0,00;0;0;47,7;146,0;6000;0;99;1879048192;0;0;0;0;0;0;0;0;0;0;0;30,3;49,5;1;0;0;110;0;0;0;0,0;3615;0;0;0;
22.08.2024;13:10:13;21,2;21,8;0;30,3;8,0;21,7;8,0;0;0;0,0;8;49,5;49,5;25,0;0;8200;19,7;67,5;8,0;60,0;0;67,9;8,0;8,0;0,00;0,00;0;0;47,7;146,0;6000;0;99;1879048192;0;0;0;0;0;0;0;0;0;0;0;30,3;49,5;1;0;0;110;0;0;0;0,0;3615;0;0;0;
22.08.2024;13:11:13;21,3;21,8;0;30,3;8,0;21,7;8,0;0;0;0,0;8;49,5;49,5;25,0;0;8200;19,6;67,4;8,0;60,0;0;67,9;8,0;8,0;0,00;0,00;0;0;47,7;146,0;6000;0;99;1879048192;0;0;0;0;0;0;0;0;0;0;0;30,3;49,5;1;0;0;110;0;0;0;0,0;3615;0;0;0;
22.08.2024;13:12:13;21,3;21,9;0;30,3;8,0;21,7;8,0;0;0;0,0;8;49,5;49,5;25,0;0;8200;19,7;67,5;8,0;60,0;0;67,8;8,0;8,0;0,00;0,00;0;0;47,7;146,0;6000;0;99;1879048192;0;0;0;0;0;0;0;0;0;0;0;30,3;49,5;1;0;0;110;0;0;0;0,0;3615;0;0;0;
22.08.2024;13:13:13;21,3;21,9;0;30,3;8,0;21,7;8,0;0;0;0,0;8;49,5;49,5;25,0;0;8200;19,8;67,5;8,0;60,0;0;67,8;8,0;8,0;0,00;0,00;0;0;47,7;146,0;6000;0;99;1879048192;0;0;0;0;0;0;0;0;0;0;0;30,3;49,5;1;0;0;110;0;0;0;0,0;3615;0;0;0;
22.08.2024;13:14:13;21,3;21,9;0;30,3;8,0;21,7;8,0;0;0;0,0;8;49,4;49,4;25,0;0;8200;19,6;67,5;8,0;60,0;0;67,7;8,0;8,0;0,00;0,00;0;0;47,7;146,0;6000;0;99;1879048192;0;0;0;0;0;0;0;0;0;0;0;30,2;49,4;1;0;0;110;0;0;0;0,0;3615;0;0;0;
22.08.2024;13:15:13;21,3;21,9;0;30,2;8,0;21,7;8,0;0;0;0,0;8;49,4;49,4;25,0;0;8200;19,8;67,4;8,0;60,0;0;67,6;8,0;8,0;0,00;0,00;0;0;47,7;146,0;6000;0;99;1879048192;0;0;0;0;0;0;0;0;0;0;0;30,2;49,4;1;0;0;110;0;0;0;0,0;3615;0;0;0;
22.08.2024;13:16:13;21,3;22,0;0;30,2;8,0;21,7;8,0;0;0;0,0;8;49,4;49,4;25,0;0;8200;19,7;67,4;8,0;60,0;0;67,6;8,0;8,0;0,00;0,00;0;0;47,7;146,0;6000;0;99;1879048192;0;0;0;0;0;0;0;0;0;0;0;30,2;49,4;1;0;0;110;0;0;0;0,0;3615;0;0;0;
22.08.2024;13:17:13;21,4;21,9;0;30,2;8,0;21,7;8,0;0;0;0,0;8;49,4;49,4;25,0;0;8200;19,7;67,5;8,0;60,0;0;67,4;8,0;8,0;0,00;0,00;0;0;47,6;146,0;6000;0;99;1879048192;0;0;0;0;0;0;0;0;0;0;0;30,2;49,4;1;0;0;110;0;0;0;0,0;3615;0;0;0;
22.08.2024;13:18:13;21,4;21,9;0;30,2;8,0;21,7;8,0;0;0;0,0;8;49,3;49,3;25,0;0;8200;19,7;67,4;8,0;60,0;0;67,3;8,0;8,0;0,00;0,00;0;0;47,7;146,0;6000;0;99;1879048192;0;0;0;0;0;0;0;0;0;0;0;30,2;49,3;1;0;0;110;0;0;0;0,0;3615;0;0;0;
22.08.2024;13:19:13;21,4;22,0;0;30,2;8,0;21,8;8,0;0;0;0,0;8;49,3;49,3;25,0;0;8200;19,9;67,4;8,0;60,0;0;67,4;8,0;8,0;0,00;0,00;0;0;47,7;146,0;6000;0;99;1879048192;0;0;0;0;0;0;0;0;0;0;0;30,2;49,3;1;0;0;110;0;0;0;0,0;3615;0;0;0;
22.08.2024;13:20:13;21,4;22,0;0;30,2;8,0;21,8;8,0;0;0;0,0;8;49,3;49,3;25,0;0;8200;19,9;67,4;8,0;60,0;0;67,3;8,0;8,0;0,00;0,00;0;0;47,7;146,0;6000;0;99;1879048192;0;0;0;0;0;0;0;0;0;0;0;30,2;49,3;1;0;0;110;0;0;0;0,0;3615;0;0;0;
22.08.2024;13:21:13;21,4;22,0;0;30,2;8,0;21,8;8,0;0;0;0,0;8;49,3;49,3;25,0;0;8200;20,1;67,3;8,0;60,0;0;67,3;8,0;8,0;0,00;0,00;0;0;47,7;146,0;6000;0;99;1879048192;0;0;0;0;0;0;0;0;0;0;0;30,2;49,3;1;0;0;110;0;0;0;0,0;3615;0;0;0;
22.08.2024;13:22:13;21,4;22,1;0;30,2;8,0;21,8;8,0;0;0;0,0;8;49,2;49,2;25,0;0;8200;19,9;67,3;8,0;60,0;0;67,2;8,0;8,0;0,00;0,00;0;0;47,7;146,0;6000;0;99;1879048192;0;0;0;0;0;0;0;0;0;0;0;30,2;49,2;1;0;0;110;0;0;0;0,0;3615;0;0;0;
22.08.2024;13:23:13;21,5;22,0;0;30,1;8,0;21,9;8,0;0;0;0,0;8;49,2;49,2;25,0;0;8200;19,9;67,2;8,0;60,0;0;67,2;8,0;8,0;0,00;0,00;0;0;47,7;146,0;6000;0;99;1879048192;0;0;0;0;0;0;0;0;0;0;0;30,1;49,2;1;0;0;110;0;0;0;0,0;3615;0;0;0;
22.08.2024;13:24:13;21,5;22,1;0;30,1;8,0;21,9;8,0;0;0;0,0;8;49,2;49,2;25,0;0;8200;19,9;67,3;8,0;60,0;0;67,2;8,0;8,0;0,00;0,00;0;0;47,7;146,0;6000;0;99;1879048192;0;0;0;0;0;0;0;0;0;0;0;30,1;49,2;1;0;0;110;0;0;0;0,0;3615;0;0;0;
22.08.2024;13:25:13;21,5;22,1;0;30,2;8,0;22,0;8,0;0;0;0,0;8;49,2;49,2;25,0;0;8200;19,9;67,2;8,0;60,0;0;67,2;8,0;8,0;0,00;0,00;0;0;47,7;146,0;6000;0;99;1879048192;0;0;0;0;0;0;0;0;0;0;0;30,2;49,2;1;0;0;110;0;0;0;0,0;3615;0;0;0;
22.08.2024;13:26:13;21,5;22,1;0;30,1;8,0;22,1;8,0;0;0;0,0;8;49,1;49,1;25,0;0;8200;20,0;67,2;8,0;60,0;0;67,2;8,0;8,0;0,00;0,00;0;0;47,7;146,0;6000;0;99;1879048192;0;0;0;0;0;0;0;0;0;0;0;30,1;49,1;1;0;0;110;0;0;0;0,0;3615;0;0;0;
22.08.2024;13:27:13;21,5;22,2;0;30,2;8,0;22,1;8,0;0;0;0,0;8;49,2;49,2;25,0;0;8200;20,0;67,1;8,0;60,0;0;67,2;8,0;8,0;0,00;0,00;0;0;47,7;146,0;6000;0;99;1879048192;0;0;0;0;0;0;0;0;0;0;0;30,2;49,2;1;0;0;110;0;0;0;0,0;3615;0;0;0;
22.08.2024;13:28:13;21,6;22,2;0;30,2;8,0;22,1;8,0;0;0;0,0;8;49,1;49,1;25,0;0;8200;20,4;67,2;8,0;60,0;0;67,1;8,0;8,0;0,00;0,00;0;0;47,7;146,0;6000;0;99;1879048192;0;0;0;0;0;0;0;0;0;0;0;30,2;49,1;1;0;0;110;0;0;0;0,0;3615;0;0;0;
22.08.2024;13:29:13;21,6;22,2;0;30,2;8,0;22,1;8,0;0;0;0,0;8;49,1;49,1;25,0;0;8200;20,2;67,0;8,0;60,0;0;67,2;8,0;8,0;0,00;0,00;0;0;47,7;146,0;6000;0;99;1879048192;0;0;0;0;0;0;0;0;0;0;0;30,2;49,1;1;0;0;110;0;0;0;0,0;3615;0;0;0;
22.08.2024;13:30:13;21,6;22,2;0;30,2;8,0;22,1;8,0;0;0;0,0;8;49,1;49,1;25,0;0;8200;20,0;67,1;8,0;60,0;0;67,1;8,0;8,0;0,00;0,00;0;0;47,9;146,0;6000;0;99;1879048192;0;0;0;0;0;0;0;0;0;0;0;30,2;49,1;1;0;0;110;0;0;0;0,0;3615;0;0;0;
22.08.2024;13:31:13;21,6;22,2;0;30,1;8,0;22,0;8,0;0;0;0,0;8;49,1;49,1;25,0;0;8200;20,0;67,1;8,0;60,0;0;67,0;8,0;8,0;0,00;0,00;0;0;47,7;146,0;6000;0;99;1879048192;0;0;0;0;0;0;0;0;0;0;0;30,1;49,1;1;0;0;110;0;0;0;0,0;3615;0;0;0;
22.08.2024;13:32:13;21,6;22,3;0;30,2;8,0;22,0;8,0;0;0;0,0;8;49,0;49,0;25,0;0;8200;20,1;67,1;8,0;60,0;0;67,0;8,0;8,0;0,00;0,00;0;0;47,7;146,0;6000;0;99;1879048192;0;0;0;0;0;0;0;0;0;0;0;30,2;49,0;1;0;0;110;0;0;0;0,0;3615;0;0;0;
22.08.2024;13:33:13;21,7;22,3;0;30,2;8,0;22,0;8,0;0;0;0,0;8;49,1;49,1;25,0;0;8200;20,1;67,0;8,0;60,0;0;67,0;8,0;8,0;0,00;0,00;0;0;47,7;146,0;6000;0;99;1879048192;0;0;0;0;0;0;0;0;0;0;0;30,2;49,1;1;0;0;110;0;0;0;0,0;3615;0;0;0;
22.08.2024;13:34:13;21,7;22,3;0;30,1;8,0;22,0;8,0;0;0;0,0;8;49,0;49,0;25,0;0;8200;20,0;67,0;8,0;60,0;0;67,1;8,0;8,0;0,00;0,00;0;0;47,7;146,0;6000;0;99;1879048192;0;0;0;0;0;0;0;0;0;0;0;30,1;49,0;1;0;0;110;0;0;0;0,0;3615;0;0;0;
22.08.2024;13:35:13;21,7;22,3;0;30,1;8,0;22,0;8,0;0;0;0,0;8;49,0;49,0;25,0;0;8200;20,1;67,0;8,0;60,0;0;66,9;8,0;8,0;0,00;0,00;0;0;47,7;146,0;6000;0;99;1879048192;0;0;0;0;0;0;0;0;0;0;0;30,1;49,0;1;0;0;110;0;0;0;0,0;3615;0;0;0;
22.08.2024;13:36:13;21,7;22,4;0;30,2;8,0;22,0;8,0;0;0;0,0;8;49,0;49,0;25,0;0;8200;20,1;66,9;8,0;60,0;0;66,9;8,0;8,0;0,00;0,00;0;0;47,7;146,0;6000;0;99;1879048192;0;0;0;0;0;0;0;0;0;0;0;30,2;49,0;1;0;0;110;0;0;0;0,0;3615;0;0;0;
22.08.2024;13:37:13;21,7;22,4;0;30,2;8,0;22,0;8,0;0;0;0,0;8;49,0;49,0;25,0;0;8200;20,1;66,9;8,0;60,0;0;67,0;8,0;8,0;0,00;0,00;0;0;47,9;146,0;6000;0;99;1879048192;0;0;0;0;0;0;0;0;0;0;0;30,2;49,0;1;0;0;110;0;0;0;0,0;3615;0;0;0;
22.08.2024;13:38:13;21,7;22,4;0;30,2;8,0;22,1;8,0;0;0;0,0;8;49,0;49,0;25,0;0;8200;20,1;66,9;8,0;60,0;0;66,9;8,0;8,0;0,00;0,00;0;0;47,7;146,0;6000;0;99;1879048192;0;0;0;0;0;0;0;0;0;0;0;30,2;49,0;1;0;0;110;0;0;0;0,0;3615;0;0;0;
22.08.2024;13:39:13;21,8;22,4;0;30,2;8,0;22,1;8,0;0;0;0,0;8;48,9;48,9;25,0;0;8200;20,1;66,9;8,0;60,0;0;66,9;8,0;8,0;0,00;0,00;0;0;47,7;146,0;6000;0;99;1879048192;0;0;0;0;0;0;0;0;0;0;0;30,2;48,9;1;0;0;110;0;0;0;0,0;3615;0;0;0;
22.08.2024;13:40:13;21,8;22,4;0;30,2;8,0;22,1;8,0;0;0;0,0;8;48,9;48,9;25,0;0;8200;20,2;66,9;8,0;60,0;0;66,8;8,0;8,0;0,00;0,00;0;0;47,7;146,0;6000;0;99;1879048192;0;0;0;0;0;0;0;0;0;0;0;30,2;48,9;1;0;0;110;0;0;0;0,0;3615;0;0;0;
22.08.2024;13:41:13;21,8;22,4;0;30,2;8,0;22,1;8,0;0;0;0,0;8;48,9;48,9;25,0;0;8200;20,1;66,8;8,0;60,0;0;66,7;8,0;8,0;0,00;0,00;0;0;47,7;146,0;6000;0;99;1879048192;0;0;0;0;0;0;0;0;0;0;0;30,2;48,9;1;0;0;110;0;0;0;0,0;3615;0;0;0;
22.08.2024;13:42:13;21,8;22,5;0;30,2;8,0;22,1;8,0;0;0;0,0;8;48,9;48,9;25,0;0;8200;20,2;66,8;8,0;60,0;0;66,7;8,0;8,0;0,00;0,00;0;0;47,8;146,0;6000;0;99;1879048192;0;0;0;0;0;0;0;0;0;0;0;30,2;48,9;1;0;0;110;0;0;0;0,0;3615;0;0;0;
22.08.2024;13:43:13;21,8;22,5;0;30,2;8,0;22,2;8,0;0;0;0,0;8;48,9;48,9;25,0;0;8200;20,2;66,9;8,0;60,0;0;66,7;8,0;8,0;0,00;0,00;0;0;47,6;146,0;6000;0;99;1879048192;0;0;0;0;0;0;0;0;0;0;0;30,2;48,9;1;0;0;110;0;0;0;0,0;3615;0;0;0;
22.08.2024;13:44:13;21,9;22,5;0;30,2;8,0;22,2;8,0;0;0;0,0;8;48,9;48,9;25,0;0;8200;20,2;66,8;8,0;60,0;0;66,7;8,0;8,0;0,00;0,00;0;0;47,7;146,0;6000;0;99;1879048192;0;0;0;0;0;0;0;0;0;0;0;30,2;48,9;1;0;0;110;0;0;0;0,0;3615;0;0;0;
22.08.2024;13:45:13;21,9;22,5;0;30,2;8,0;22,2;8,0;0;0;0,0;8;48,8;48,8;25,0;0;8200;20,1;66,7;8,0;60,0;0;66,6;8,0;8,0;0,00;0,00;0;0;47,6;146,0;6000;0;99;1879048192;0;0;0;0;0;0;0;0;0;0;0;30,2;48,8;1;0;0;110;0;0;0;0,0;3615;0;0;0;
22.08.2024;13:46:13;21,9;22,5;0;30,2;8,0;22,2;8,0;0;0;0,0;8;48,9;48,9;25,0;0;8200;20,2;66,7;8,0;60,0;0;66,5;8,0;8,0;0,00;0,00;0;0;47,7;146,0;6000;0;99;1879048192;0;0;0;0;0;0;0;0;0;0;0;30,2;48,9;1;0;0;110;0;0;0;0,0;3615;0;0;0;
22.08.2024;13:47:13;21,9;22,5;0;30,2;8,0;22,2;8,0;0;0;0,0;8;48,9;48,9;25,0;0;8200;20,2;66,7;8,0;60,0;0;66,5;8,0;8,0;0,00;0,00;0;0;47,6;146,0;6000;0;99;1879048192;0;0;0;0;0;0;0;0;0;0;0;30,2;48,9;1;0;0;110;0;0;0;0,0;3615;0;0;0;
22.08.2024;13:48:13;21,9;22,6;0;30,2;8,0;22,2;8,0;0;0;0,0;8;48,8;48,8;25,0;0;8200;20,2;66,7;8,0;60,0;0;66,7;8,0;8,0;0,00;0,00;0;0;47,7;146,0;6000;0;99;1879048192;0;0;0;0;0;0;0;0;0;0;0;30,2;48,8;1;0;0;110;0;0;0;0,0;3615;0;0;0;
22.08.2024;13:49:13;22,0;22,5;0;30,2;8,0;22,2;8,0;0;0;0,0;8;48,8;48,8;25,0;0;8200;20,5;66,6;8,0;60,0;0;66,3;8,0;8,0;0,00;0,00;0;0;47,7;146,0;6000;0;99;1879048192;0;0;0;0;0;0;0;0;0;0;0;30,2;48,8;1;0;0;110;0;0;0;0,0;3615;0;0;0;
22.08.2024;13:50:13;22,0;22,6;0;30,2;8,0;22,2;8,0;0;0;0,0;8;48,7;48,7;25,0;0;8200;20,1;66,8;8,0;60,0;0;66,4;8,0;8,0;0,00;0,00;0;0;47,6;146,0;6000;0;99;1879048192;0;0;0;0;0;0;0;0;0;0;0;30,2;48,7;1;0;0;110;0;0;0;0,0;3615;0;0;0;
22.08.2024;13:51:13;22,0;22,6;0;30,2;8,0;22,2;8,0;0;0;0,0;8;48,8;48,8;25,0;0;8200;20,4;66,6;8,0;60,0;0;66,5;8,0;8,0;0,00;0,00;0;0;47,7;146,0;6000;0;99;1879048192;0;0;0;0;0;0;0;0;0;0;0;30,2;48,8;1;0;0;110;0;0;0;0,0;3615;0;0;0;
22.08.2024;13:52:13;22,0;22,7;0;30,1;8,0;22,2;8,0;0;0;0,0;8;48,7;48,7;25,0;0;8200;20,3;66,5;8,0;60,0;0;66,6;8,0;8,0;0,00;0,00;0;0;47,7;146,0;6000;0;99;1879048192;0;0;0;0;0;0;0;0;0;0;0;30,1;48,7;1;0;0;110;0;0;0;0,0;3615;0;0;0;
22.08.2024;13:53:13;22,0;22,6;0;30,3;8,0;22,1;8,0;0;0;0,0;8;48,7;48,7;25,0;0;8200;20,2;66,6;8,0;60,0;0;66,0;8,0;8,0;0,00;0,00;0;0;47,6;146,0;6000;0;99;1879048192;0;0;0;0;0;0;0;0;0;0;0;30,3;48,7;1;0;0;110;0;0;0;0,0;3615;0;0;0;
22.08.2024;13:54:13;22,0;22,7;0;30,2;8,0;22,1;8,0;0;0;0,0;8;48,7;48,7;25,0;0;8200;20,3;66,6;8,0;60,0;0;66,4;8,0;8,0;0,00;0,00;0;0;47,7;146,0;6000;0;99;1879048192;0;0;0;0;0;0;0;0;0;0;0;30,2;48,7;1;0;0;110;0;0;0;0,0;3615;0;0;0;
22.08.2024;13:55:13;22,1;22,7;0;30,2;8,0;22,2;8,0;0;0;0,0;8;48,7;48,7;25,0;0;8200;20,6;66,5;8,0;60,0;0;66,1;8,0;8,0;0,00;0,00;0;0;47,6;146,0;6000;0;99;1879048192;0;0;0;0;0;0;0;0;0;0;0;30,2;48,7;1;0;0;110;0;0;0;0,0;3615;0;0;0;
22.08.2024;13:56:13;22,1;22,7;0;30,2;8,0;22,2;8,0;0;0;0,0;8;48,7;48,7;25,0;0;8200;20,4;66,5;8,0;60,0;0;66,2;8,0;8,0;0,00;0,00;0;0;47,7;146,0;6000;0;99;1879048192;0;0;0;0;0;0;0;0;0;0;0;30,2;48,7;1;0;0;110;0;0;0;0,0;3615;0;0;0;
22.08.2024;13:57:13;22,1;22,8;0;30,2;8,0;22,2;8,0;0;0;0,0;8;48,7;48,7;25,0;0;8200;20,3;66,4;8,0;60,0;0;66,3;8,0;8,0;0,00;0,00;0;0;48,0;146,0;6000;0;99;1879048192;0;0;0;0;0;0;0;0;0;0;0;30,2;48,7;1;0;0;110;0;0;0;0,0;3615;0;0;0;
22.08.2024;13:58:13;22,1;22,8;0;30,2;8,0;22,3;8,0;0;0;0,0;8;48,7;48,7;25,0;0;8200;20,4;66,4;8,0;60,0;0;66,2;8,0;8,0;0,00;0,00;0;0;47,8;146,0;6000;0;99;1879048192;0;0;0;0;0;0;0;0;0;0;0;30,2;48,7;1;0;0;110;0;0;0;0,0;3615;0;0;0;
22.08.2024;13:59:13;22,1;22,8;0;30,2;8,0;22,3;8,0;0;0;0,0;8;48,7;48,7;25,0;0;8200;20,3;66,4;8,0;60,0;0;66,0;8,0;8,0;0,00;0,00;0;0;47,7;146,0;6000;0;99;1879048192;0;0;0;0;0;0;0;0;0;0;0;30,3;48,7;1;0;0;110;0;0;0;0,0;3615;0;0;0;
22.08.2024;14:00:13;22,2;22,8;0;30,2;8,0;22,3;8,0;0;0;0,0;8;48,6;48,6;25,0;0;8200;20,8;66,3;8,0;60,0;0;66,0;8,0;8,0;0,00;0,00;0;0;47,8;146,0;6000;0;99;1879048192;0;0;0;0;0;0;0;0;0;0;0;30,2;48,6;1;0;0;110;0;0;0;0,0;3615;0;0;0;
22.08.2024;14:01:13;22,2;22,8;0;30,2;8,0;22,3;8,0;0;0;0,0;8;48,2;48,2;25,0;0;8200;20,3;66,4;8,0;60,0;0;65,9;8,0;8,0;0,00;0,00;0;0;47,7;146,0;6000;0;99;1879048192;0;0;0;0;0;0;0;0;0;0;0;30,2;48,2;1;0;0;110;0;0;0;0,0;3615;0;0;0;
22.08.2024;14:02:13;22,2;22,8;0;30,2;8,0;22,3;8,0;0;0;0,0;8;48,2;48,2;25,0;0;8200;20,4;66,3;8,0;60,0;0;66,0;8,0;8,0;0,00;0,00;0;0;47,7;146,0;6000;0;99;1879048192;0;0;0;0;0;0;0;0;0;0;0;30,2;48,2;1;0;0;110;0;0;0;0,0;3615;0;0;0;
22.08.2024;14:03:13;22,2;22,8;0;30,2;8,0;22,3;8,0;0;0;0,0;8;48,2;48,2;25,0;0;8200;20,4;66,3;8,0;60,0;0;66,0;8,0;8,0;0,00;0,00;0;0;47,8;146,0;6000;0;99;1879048192;0;0;0;0;0;0;0;0;0;0;0;30,2;48,2;1;0;0;110;0;0;0;0,0;3615;0;0;0;
22.08.2024;14:04:13;22,2;22,9;0;30,3;8,0;22,3;8,0;0;0;0,0;8;48,2;48,2;25,0;0;8200;20,4;66,3;8,0;60,0;0;66,0;8,0;8,0;0,00;0,00;0;0;47,9;146,0;6000;0;99;1879048192;0;0;0;0;0;0;0;0;0;0;0;30,3;48,2;1;0;0;110;0;0;0;0,0;3615;0;0;0;
22.08.2024;14:05:13;22,3;22,9;0;30,3;8,0;22,3;8,0;0;0;0,0;8;48,1;48,1;25,0;0;8200;20,3;66,2;8,0;60,0;0;65,9;8,0;8,0;0,00;0,00;0;0;47,9;146,0;6000;0;99;1879048192;0;0;0;0;0;0;0;0;0;0;0;30,3;48,1;1;0;0;110;0;0;0;0,0;3615;0;0;0;
22.08.2024;14:06:13;22,3;22,9;0;30,3;8,0;22,4;8,0;0;0;0,0;8;48,1;48,1;25,0;0;8200;20,3;66,2;8,0;60,0;0;65,9;8,0;8,0;0,00;0,00;0;0;47,8;146,0;6000;0;99;1879048192;0;0;0;0;0;0;0;0;0;0;0;30,3;48,1;1;0;0;110;0;0;0;0,0;3615;0;0;0;
22.08.2024;14:07:13;22,3;22,9;0;30,3;8,0;22,4;8,0;0;0;0,0;8;48,1;48,1;25,0;0;8200;20,4;66,3;8,0;60,0;0;65,8;8,0;8,0;0,00;0,00;0;0;47,8;146,0;6000;0;99;1879048192;0;0;0;0;0;0;0;0;0;0;0;30,3;48,1;1;0;0;110;0;0;0;0,0;3615;0;0;0;
22.08.2024;14:08:13;22,3;22,9;0;30,3;8,0;22,4;8,0;0;0;0,0;8;48,1;48,1;25,0;0;8200;20,4;66,2;8,0;60,0;0;65,9;8,0;8,0;0,00;0,00;0;0;47,8;146,0;6000;0;99;1879048192;0;0;0;0;0;0;0;0;0;0;0;30,3;48,1;1;0;0;110;0;0;0;0,0;3615;0;0;0;
22.08.2024;14:09:13;22,3;23,0;0;30,3;8,0;22,4;8,0;0;0;0,0;8;48,1;48,1;25,0;0;8200;20,3;66,2;8,0;60,0;0;65,7;8,0;8,0;0,00;0,00;0;0;47,7;146,0;6000;0;99;1879048192;0;0;0;0;0;0;0;0;0;0;0;30,3;48,1;1;0;0;110;0;0;0;0,0;3615;0;0;0;
22.08.2024;14:10:13;22,3;23,0;0;30,3;8,0;22,4;8,0;0;0;0,0;8;48,0;48,0;25,0;0;8200;20,4;66,2;8,0;60,0;0;65,7;8,0;8,0;0,00;0,00;0;0;47,9;146,0;6000;0;99;1879048192;0;0;0;0;0;0;0;0;0;0;0;30,3;48,0;1;0;0;110;0;0;0;0,0;3615;0;0;0;
22.08.2024;14:11:13;22,4;23,0;0;30,3;8,0;22,3;8,0;0;0;0,0;8;48,0;48,0;25,0;0;8200;20,4;66,2;8,0;60,0;0;65,7;8,0;8,0;0,00;0,00;0;0;47,8;146,0;6000;0;99;1879048192;0;0;0;0;0;0;0;0;0;0;0;30,3;48,0;1;0;0;110;0;0;0;0,0;3615;0;0;0;
22.08.2024;14:12:13;22,4;23,0;0;30,3;8,0;22,3;8,0;0;0;0,0;8;48,0;48,0;25,0;0;8200;20,4;66,1;8,0;60,0;0;65,5;8,0;8,0;0,00;0,00;0;0;47,7;146,0;6000;0;99;1879048192;0;0;0;0;0;0;0;0;0;0;0;30,3;48,0;1;0;0;110;0;0;0;0,0;3615;0;0;0;
22.08.2024;14:13:13;22,4;23,0;0;30,3;8,0;22,4;8,0;0;0;0,0;8;48,0;48,0;25,0;0;8200;20,8;66,1;8,0;60,0;0;65,5;8,0;8,0;0,00;0,00;0;0;47,8;146,0;6000;0;99;1879048192;0;0;0;0;0;0;0;0;0;0;0;30,3;48,0;1;0;0;110;0;0;0;0,0;3615;0;0;0;
22.08.2024;14:14:13;22,4;23,0;0;30,3;8,0;22,4;8,0;0;0;0,0;8;48,0;48,0;25,0;0;8200;20,4;66,1;8,0;60,0;0;65,5;8,0;8,0;0,00;0,00;0;0;47,7;146,0;6000;0;99;1879048192;0;0;0;0;0;0;0;0;0;0;0;30,3;48,0;1;0;0;110;0;0;0;0,0;3615;0;0;0;
22.08.2024;14:15:13;22,4;23,1;0;30,3;8,0;22,4;8,0;0;0;0,0;8;48,0;48,0;25,0;0;8200;20,4;66,1;8,0;60,0;0;65,4;8,0;8,0;0,00;0,00;0;0;47,7;146,0;6000;0;99;1879048192;0;0;0;0;0;0;0;0;0;0;0;30,3;48,0;1;0;0;110;0;0;0;0,0;3615;0;0;0;
22.08.2024;14:16:13;22,5;23,0;0;30,4;8,0;22,4;8,0;0;0;0,0;8;48,0;48,0;25,0;0;8200;20,4;66,0;8,0;60,0;0;65,5;8,0;8,0;0,00;0,00;0;0;47,7;146,0;6000;0;99;-2147483648;0;0;0;0;0;0;0;0;0;0;0;30,3;48,0;1;0;0;110;0;0;0;0,0;3615;0;0;0;
22.08.2024;14:17:13;22,5;23,1;0;30,4;8,0;22,3;8,0;0;0;0,0;8;48,0;48,0;25,0;0;8200;20,2;66,0;8,0;60,0;0;65,4;8,0;8,0;0,00;0,00;0;0;47,7;146,0;6000;0;99;-2147483648;0;0;0;0;0;0;0;0;0;0;0;30,4;48,0;1;0;0;110;0;0;0;0,0;3615;0;0;0;
22.08.2024;14:18:13;22,5;23,1;0;30,4;8,0;22,4;8,0;0;0;0,0;8;48,0;48,0;25,0;0;8200;20,2;65,9;8,0;60,0;0;65,5;8,0;8,0;0,00;0,00;0;0;47,7;146,0;6000;0;99;-2147483648;0;0;0;0;0;0;0;0;0;0;0;30,4;48,0;1;0;0;110;0;0;0;0,0;3615;0;0;0;
22.08.2024;14:19:13;22,5;23,2;0;30,4;8,0;22,3;8,0;0;0;0,0;8;47,9;47,9;25,0;0;8200;20,6;66,0;8,0;60,0;0;65,5;8,0;8,0;0,00;0,00;0;0;47,7;146,0;6000;0;99;-2147483648;0;0;0;0;0;0;0;0;0;0;0;30,4;47,9;1;0;0;110;0;0;0;0,0;3615;0;0;0;
22.08.2024;14:20:13;22,5;23,2;0;30,4;8,0;22,3;8,0;0;0;0,0;8;47,9;47,9;25,0;0;8200;20,3;65,9;8,0;60,0;0;65,6;8,0;8,0;0,00;0,00;0;0;47,7;146,0;6000;0;99;-2147483648;0;0;0;0;0;0;0;0;0;0;0;30,4;47,9;1;0;0;110;0;0;0;0,0;3615;0;0;0;
22.08.2024;14:21:13;22,6;23,2;0;30,4;8,0;22,3;8,0;0;0;0,0;8;47,9;47,9;25,0;0;8200;20,1;65,9;8,0;60,0;0;65,5;8,0;8,0;0,00;0,00;0;0;47,8;146,0;6000;0;99;-2147483648;0;0;0;0;0;0;0;0;0;0;0;30,4;47,9;1;0;0;110;0;0;0;0,0;3615;0;0;0;
22.08.2024;14:22:13;22,6;23,2;0;30,4;8,0;22,2;8,0;0;0;0,0;8;47,9;47,9;25,0;0;8200;20,2;65,9;8,0;60,0;0;65,5;8,0;8,0;0,00;0,00;0;0;47,7;146,0;6000;0;99;-2147483648;0;0;0;0;0;0;0;0;0;0;0;30,4;47,9;1;0;0;110;0;0;0;0,0;3615;0;0;0;
22.08.2024;14:23:13;22,6;23,3;0;30,4;8,0;22,1;8,0;0;0;0,0;8;47,9;47,9;25,0;0;8200;20,1;65,9;8,0;60,0;0;65,5;8,0;8,0;0,00;0,00;0;0;47,7;146,0;6000;0;99;-2147483648;0;0;0;0;0;0;0;0;0;0;0;30,4;47,9;1;0;0;110;0;0;0;0,0;3615;0;0;0;
22.08.2024;14:24:13;22,6;23,3;0;30,4;8,0;22,1;8,0;0;0;0,0;8;47,9;47,9;25,0;0;8200;20,1;65,8;8,0;60,0;0;65,5;8,0;8,0;0,00;0,00;0;0;47,7;146,0;6000;0;99;-2147483648;0;0;0;0;0;0;0;0;0;0;0;30,4;47,9;1;0;0;110;0;0;0;0,0;3615;0;0;0;
22.08.2024;14:25:13;22,6;23,3;0;30,4;8,0;22,1;8,0;0;0;0,0;8;47,9;47,9;25,0;0;8200;20,2;65,8;8,0;60,0;0;65,5;8,0;8,0;0,00;0,00;0;0;47,8;146,0;6000;0;99;-2147483648;0;0;0;0;0;0;0;0;0;0;0;30,4;47,9;1;0;0;110;0;0;0;0,0;3615;0;0;0;
22.08.2024;14:26:13;22,7;23,3;0;30,4;8,0;22,1;8,0;0;0;0,0;8;47,8;47,8;25,0;0;8200;20,1;65,8;8,0;60,0;0;65,5;8,0;8,0;0,00;0,00;0;0;47,7;146,0;6000;0;99;-2147483648;0;0;0;0;0;0;0;0;0;0;0;30,4;47,8;1;0;0;110;0;0;0;0,0;3615;0;0;0;
22.08.2024;14:27:13;22,7;23,3;0;30,4;8,0;22,1;8,0;0;0;0,0;8;47,8;47,8;25,0;0;8200;20,2;65,8;8,0;60,0;0;65,4;8,0;8,0;0,00;0,00;0;0;47,8;146,0;6000;0;99;-2147483648;0;0;0;0;0;0;0;0;0;0;0;30,4;47,8;1;0;0;110;0;0;0;0,0;3615;0;0;0;
22.08.2024;14:28:13;22,7;23,3;0;30,4;8,0;22,2;8,0;0;0;0,0;8;47,8;47,8;25,0;0;8200;20,4;65,7;8,0;60,0;0;65,4;8,0;8,0;0,00;0,00;0;0;47,7;146,0;6000;0;99;-2147483648;0;0;0;0;0;0;0;0;0;0;0;30,4;47,8;1;0;0;110;0;0;0;0,0;3615;0;0;0;
22.08.2024;14:29:13;22,7;23,3;0;30,4;8,0;22,2;8,0;0;0;0,0;8;47,8;47,8;25,0;0;8200;20,3;65,7;8,0;60,0;0;65,4;8,0;8,0;0,00;0,00;0;0;47,7;146,0;6000;0;99;-2147483648;0;0;0;0;0;0;0;0;0;0;0;30,4;47,8;1;0;0;110;0;0;0;0,0;3615;0;0;0;
22.08.2024;14:30:13;22,7;23,4;0;30,4;8,0;22,3;8,0;0;0;0,0;8;47,8;47,8;25,0;0;8200;20,3;65,7;8,0;60,0;0;65,3;8,0;8,0;0,00;0,00;0;0;47,7;146,0;6000;0;99;-2147483648;0;0;0;0;0;0;0;0;0;0;0;30,4;47,8;1;0;0;110;0;0;0;0,0;3615;0;0;0;
22.08.2024;14:31:13;22,8;23,3;0;30,5;8,0;22,3;8,0;0;0;0,0;8;47,8;47,8;25,0;0;8200;20,4;65,6;8,0;60,0;0;65,3;8,0;8,0;0,00;0,00;0;0;47,8;146,0;6000;0;99;-2147483648;0;0;0;0;0;0;0;0;0;0;0;30,5;47,8;1;0;0;110;0;0;0;0,0;3615;0;0;0;
22.08.2024;14:32:13;22,8;23,4;0;30,5;8,0;22,3;8,0;0;0;0,0;8;47,7;47,7;25,0;0;8200;20,4;65,7;8,0;60,0;0;65,3;8,0;8,0;0,00;0,00;0;0;47,8;146,0;6000;0;99;-2147483648;0;0;0;0;0;0;0;0;0;0;0;30,5;47,7;1;0;0;110;0;0;0;0,0;3615;0;0;0;
22.08.2024;14:33:13;22,8;23,4;0;30,5;8,0;22,3;8,0;0;0;0,0;8;47,7;47,7;25,0;0;8200;20,4;65,6;8,0;60,0;0;65,2;8,0;8,0;0,00;0,00;0;0;47,7;146,0;6000;0;99;-2147483648;0;0;0;0;0;0;0;0;0;0;0;30,5;47,7;1;0;0;110;0;0;0;0,0;3615;0;0;0;
22.08.2024;14:34:13;22,8;23,4;0;30,4;8,0;22,4;8,0;0;0;0,0;8;47,7;47,7;25,0;0;8200;20,5;65,6;8,0;60,0;0;65,2;8,0;8,0;0,00;0,00;0;0;47,7;146,0;6000;0;99;-2147483648;0;0;0;0;0;0;0;0;0;0;0;30,4;47,7;1;0;0;110;0;0;0;0,0;3615;0;0;0;
22.08.2024;14:35:13;22,8;23,4;0;30,5;8,0;22,5;8,0;0;0;0,0;8;47,7;47,7;25,0;0;8200;20,8;65,6;8,0;60,0;0;65,2;8,0;8,0;0,00;0,00;0;0;47,7;146,0;6000;0;99;-2147483648;0;0;0;0;0;0;0;0;0;0;0;30,5;47,7;1;0;0;110;0;0;0;0,0;3615;0;0;0;
22.08.2024;14:36:13;22,8;23,4;0;30,5;8,0;22,5;8,0;0;0;0,0;8;47,7;47,7;25,0;0;8200;20,3;65,6;8,0;60,0;0;65,2;8,0;8,0;0,00;0,00;0;0;47,7;146,0;6000;0;99;-2147483648;0;0;0;0;0;0;0;0;0;0;0;30,5;47,7;1;0;0;110;0;0;0;0,0;3615;0;0;0;
22.08.2024;14:37:13;22,9;23,5;0;30,5;8,0;22,5;8,0;0;0;0,0;8;47,7;47,7;25,0;0;8200;20,4;65,6;8,0;60,0;0;65,2;8,0;8,0;0,00;0,00;0;0;47,7;146,0;6000;0;99;-2147483648;0;0;0;0;0;0;0;0;0;0;0;30,5;47,7;1;0;0;110;0;0;0;0,0;3615;0;0;0;
22.08.2024;14:38:13;22,9;23,5;0;30,5;8,0;22,6;8,0;0;0;0,0;8;47,7;47,7;25,0;0;8200;20,4;65,5;8,0;60,0;0;65,2;8,0;8,0;0,00;0,00;0;0;47,7;146,0;6000;0;99;-2147483648;0;0;0;0;0;0;0;0;0;0;0;30,5;47,7;1;0;0;110;0;0;0;0,0;3615;0;0;0;
22.08.2024;14:39:13;22,9;23,5;0;30,5;8,0;22,5;8,0;0;0;0,0;8;47,7;47,7;25,0;0;8200;20,4;65,5;8,0;60,0;0;65,1;8,0;8,0;0,00;0,00;0;0;47,7;146,0;6000;0;99;-2147483648;0;0;0;0;0;0;0;0;0;0;0;30,5;47,7;1;0;0;110;0;0;0;0,0;3615;0;0;0;
22.08.2024;14:40:13;22,9;23,5;0;30,5;8,0;22,5;8,0;0;0;0,0;8;47,7;47,7;25,0;0;8200;20,5;65,5;8,0;60,0;0;65,1;8,0;8,0;0,00;0,00;0;0;47,9;146,0;6000;0;99;-2147483648;0;0;0;0;0;0;0;0;0;0;0;30,5;47,7;1;0;0;110;0;0;0;0,0;3615;0;0;0;
22.08.2024;14:41:13;22,9;23,5;0;30,5;8,0;22,5;8,0;0;0;0,0;8;47,6;47,6;25,0;0;8200;20,6;65,5;8,0;60,0;0;65,1;8,0;8,0;0,00;0,00;0;0;47,8;146,0;6000;0;99;-2147483648;0;0;0;0;0;0;0;0;0;0;0;30,5;47,6;1;0;0;110;0;0;0;0,0;3615;0;0;0;
22.08.2024;14:42:13;23,0;23,5;0;30,4;8,0;22,6;8,0;0;0;0,0;8;47,6;47,6;25,0;0;8200;20,5;65,4;8,0;60,0;0;65,0;8,0;8,0;0,00;0,00;0;0;47,8;146,0;6000;0;99;-2147483648;0;0;0;0;0;0;0;0;0;0;0;30,5;47,6;1;0;0;110;0;0;0;0,0;3615;0;0;0;
22.08.2024;14:43:13;23,0;23,5;0;30,4;8,0;22,6;8,0;0;0;0,0;8;47,6;47,6;25,0;0;8200;20,8;65,4;8,0;60,0;0;65,0;8,0;8,0;0,00;0,00;0;0;47,8;146,0;6000;0;99;-2147483648;0;0;0;0;0;0;0;0;0;0;0;30,4;47,6;1;0;0;110;0;0;0;0,0;3615;0;0;0;
22.08.2024;14:44:13;23,0;23,6;0;30,4;8,0;22,6;8,0;0;0;0,0;8;47,6;47,6;25,0;0;8200;20,5;65,4;8,0;60,0;0;65,0;8,0;8,0;0,00;0,00;0;0;48,0;146,0;6000;0;99;-2147483648;0;0;0;0;0;0;0;0;0;0;0;30,4;47,6;1;0;0;110;0;0;0;0,0;3615;0;0;0;
22.08.2024;14:45:13;23,0;23,5;0;30,4;8,0;22,6;8,0;0;0;0,0;8;47,6;47,6;25,0;0;8200;20,6;65,4;8,0;60,0;0;64,8;8,0;8,0;0,00;0,00;0;0;47,8;146,0;6000;0;99;-2147483648;0;0;0;0;0;0;0;0;0;0;0;30,4;47,6;1;0;0;110;0;0;0;0,0;3615;0;0;0;
22.08.2024;14:46:13;23,0;23,5;0;30,4;8,0;22,6;8,0;0;0;0,0;8;47,6;47,6;25,0;0;8200;20,5;65,3;8,0;60,0;0;64,9;8,0;8,0;0,00;0,00;0;0;47,7;146,0;6000;0;99;-2147483648;0;0;0;0;0;0;0;0;0;0;0;30,4;47,6;1;0;0;110;0;0;0;0,0;3615;0;0;0;
22.08.2024;14:47:13;23,0;23,5;0;30,4;8,0;22,6;8,0;0;0;0,0;8;47,5;47,5;25,0;0;8200;20,7;65,3;8,0;60,0;0;64,8;8,0;8,0;0,00;0,00;0;0;47,7;146,0;6000;0;99;-2147483648;0;0;0;0;0;0;0;0;0;0;0;30,4;47,5;1;0;0;110;0;0;0;0,0;3615;0;0;0;
22.08.2024;14:48:13;23,1;23,6;0;30,4;8,0;22,6;8,0;0;0;0,0;8;47,6;47,6;25,0;0;8200;20,6;65,3;8,0;60,0;0;64,9;8,0;8,0;0,00;0,00;0;0;47,7;146,0;6000;0;99;-2147483648;0;0;0;0;0;0;0;0;0;0;0;30,4;47,6;1;0;0;110;0;0;0;0,0;3615;0;0;0;
22.08.2024;14:49:13;23,1;23,5;0;30,4;8,0;22,6;8,0;0;0;0,0;8;47,5;47,5;25,0;0;8200;20,6;65,3;8,0;60,0;0;64,9;8,0;8,0;0,00;0,00;0;0;47,7;146,0;6000;0;99;-2147483648;0;0;0;0;0;0;0;0;0;0;0;30,4;47,5;1;0;0;110;0;0;0;0,0;3615;0;0;0;
22.08.2024;14:50:13;23,1;23,6;0;30,5;8,0;22,6;8,0;0;0;0,0;8;47,5;47,5;25,0;0;8200;20,6;65,3;8,0;60,0;0;65,0;8,0;8,0;0,00;0,00;0;0;47,8;146,0;6000;0;99;-2147483648;0;0;0;0;0;0;0;0;0;0;0;30,5;47,5;1;0;0;110;0;0;0;0,0;3615;0;0;0;
22.08.2024;14:51:13;23,1;23,6;0;30,4;8,0;22,6;8,0;0;0;0,0;8;47,5;47,5;25,0;0;8200;20,4;65,3;8,0;60,0;0;64,9;8,0;8,0;0,00;0,00;0;0;47,7;146,0;6000;0;99;-2147483648;0;0;0;0;0;0;0;0;0;0;0;30,4;47,5;1;0;0;110;0;0;0;0,0;3615;0;0;0;
22.08.2024;14:52:13;23,1;23,6;0;30,5;8,0;22,6;8,0;0;0;0,0;8;47,5;47,5;25,0;0;8200;20,4;65,2;8,0;60,0;0;64,9;8,0;8,0;0,00;0,00;0;0;47,7;146,0;6000;0;99;-2147483648;0;0;0;0;0;0;0;0;0;0;0;30,4;47,5;1;0;0;110;0;0;0;0,0;3615;0;0;0;
22.08.2024;14:53:13;23,1;23,6;0;30,5;8,0;22,6;8,0;0;0;0,0;8;47,5;47,5;25,0;0;8200;20,4;65,2;8,0;60,0;0;64,9;8,0;8,0;0,00;0,00;0;0;47,9;146,0;6000;0;99;-2147483648;0;0;0;0;0;0;0;0;0;0;0;30,5;47,5;1;0;0;110;0;0;0;0,0;3615;0;0;0;
22.08.2024;14:54:13;23,2;23,7;0;30,5;8,0;22,5;8,0;0;0;0,0;8;47,5;47,5;25,0;0;8200;20,2;65,2;8,0;60,0;0;64,9;8,0;8,0;0,00;0,00;0;0;47,7;146,0;6000;0;99;-2147483648;0;0;0;0;0;0;0;0;0;0;0;30,5;47,5;1;0;0;110;0;0;0;0,0;3615;0;0;0;
22.08.2024;14:55:13;23,2;23,6;0;30,5;8,0;22,5;8,0;0;0;0,0;8;47,5;47,5;25,0;0;8200;20,4;65,1;8,0;60,0;0;64,9;8,0;8,0;0,00;0,00;0;0;47,7;146,0;6000;0;99;-2147483648;0;0;0;0;0;0;0;0;0;0;0;30,5;47,5;1;0;0;110;0;0;0;0,0;3615;0;0;0;
22.08.2024;14:56:13;23,2;23,7;0;30,5;8,0;22,4;8,0;0;0;0,0;8;47,4;47,4;25,0;0;8200;20,3;65,1;8,0;60,0;0;64,9;8,0;8,0;0,00;0,00;0;0;47,7;146,0;6000;0;99;-2147483648;0;0;0;0;0;0;0;0;0;0;0;30,5;47,4;1;0;0;110;0;0;0;0,0;3615;0;0;0;
22.08.2024;14:57:13;23,2;23,7;0;30,5;8,0;22,3;8,0;0;0;0,0;8;47,4;47,4;25,0;0;8200;20,3;65,1;8,0;60,0;0;64,9;8,0;8,0;0,00;0,00;0;0;47,9;146,0;6000;0;99;-2147483648;0;0;0;0;0;0;0;0;0;0;0;30,5;47,4;1;0;0;110;0;0;0;0,0;3615;0;0;0;
22.08.2024;14:58:13;23,2;23,7;0;30,5;8,0;22,2;8,0;0;0;0,0;8;47,4;47,4;25,0;0;8200;20,1;65,1;8,0;60,0;0;64,9;8,0;8,0;0,00;0,00;0;0;47,8;146,0;6000;0;99;-2147483648;0;0;0;0;0;0;0;0;0;0;0;30,5;47,4;1;0;0;110;0;0;0;0,0;3615;0;0;0;
22.08.2024;14:59:13;23,2;23,7;0;30,5;8,0;22,2;8,0;0;0;0,0;8;47,4;47,4;25,0;0;8200;20,1;65,0;8,0;60,0;0;64,8;8,0;8,0;0,00;0,00;0;0;47,7;146,0;6000;0;99;-2147483648;0;0;0;0;0;0;0;0;0;0;0;30,5;47,4;1;0;0;110;0;0;0;0,0;3615;0;0;0;
22.08.2024;15:00:13;23,3;23,8;0;30,5;8,0;22,1;8,0;0;0;0,0;8;47,4;47,4;25,0;0;8200;20,2;65,1;8,0;60,0;0;64,9;8,0;8,0;0,00;0,00;0;0;47,7;146,0;6000;0;99;-2147483648;0;0;0;0;0;0;0;0;0;0;0;30,5;47,4;1;0;0;110;0;0;0;0,0;3615;0;0;0;
22.08.2024;15:01:13;23,3;23,8;0;30,5;8,0;22,1;8,0;0;0;0,0;8;47,4;47,4;25,0;0;8200;20,1;65,0;8,0;60,0;0;64,9;8,0;8,0;0,00;0,00;0;0;47,7;146,0;6000;0;99;-2147483648;0;0;0;0;0;0;0;0;0;0;0;30,5;47,4;1;0;0;110;0;0;0;0,0;3615;0;0;0;
22.08.2024;15:02:13;23,3;23,8;0;30,5;8,0;22,1;8,0;0;0;0,0;8;47,4;47,4;25,0;0;8200;20,1;65,0;8,0;60,0;0;64,9;8,0;8,0;0,00;0,00;0;0;47,7;146,0;6000;0;99;-2147483648;0;0;0;0;0;0;0;0;0;0;0;30,5;47,4;1;0;0;110;0;0;0;0,0;3615;0;0;0;
22.08.2024;15:03:13;23,3;23,8;0;30,6;8,0;22,1;8,0;0;0;0,0;8;47,4;47,4;25,0;0;8200;20,4;65,0;8,0;60,0;0;64,8;8,0;8,0;0,00;0,00;0;0;47,7;146,0;6000;0;99;-2147483648;0;0;0;0;0;0;0;0;0;0;0;30,6;47,4;1;0;0;110;0;0;0;0,0;3615;0;0;0;
22.08.2024;15:04:13;23,3;23,8;0;30,6;8,0;22,1;8,0;0;0;0,0;8;47,3;47,3;25,0;0;8200;20,1;65,0;8,0;60,0;0;64,8;8,0;8,0;0,00;0,00;0;0;47,6;146,0;6000;0;99;-2147483648;0;0;0;0;0;0;0;0;0;0;0;30,6;47,3;1;0;0;110;0;0;0;0,0;3615;0;0;0;
22.08.2024;15:05:13;23,3;23,9;0;30,6;8,0;22,1;8,0;0;0;0,0;8;47,4;47,4;25,0;0;8200;20,1;64,9;8,0;60,0;0;64,8;8,0;8,0;0,00;0,00;0;0;47,7;146,0;6000;0;99;-2147483648;0;0;0;0;0;0;0;0;0;0;0;30,6;47,4;1;0;0;110;0;0;0;0,0;3615;0;0;0;
22.08.2024;15:06:13;23,4;23,9;0;30,6;8,0;22,1;8,0;0;0;0,0;8;47,3;47,3;25,0;0;8200;20,1;64,9;8,0;60,0;0;64,9;8,0;8,0;0,00;0,00;0;0;47,7;146,0;6000;0;99;-2147483648;0;0;0;0;0;0;0;0;0;0;0;30,6;47,3;1;0;0;110;0;0;0;0,0;3615;0;0;0;
22.08.2024;15:07:13;23,4;23,9;0;30,6;8,0;22,0;8,0;0;0;0,0;8;47,3;47,3;25,0;0;8200;19,9;64,9;8,0;60,0;0;64,9;8,0;8,0;0,00;0,00;0;0;47,8;146,0;6000;0;99;-2147483648;0;0;0;0;0;0;0;0;0;0;0;30,6;47,3;1;0;0;110;0;0;0;0,0;3615;0;0;0;
22.08.2024;15:08:13;23,4;23,9;0;30,6;8,0;22,0;8,0;0;0;0,0;8;47,3;47,3;25,0;0;8200;20,0;64,8;8,0;60,0;0;64,8;8,0;8,0;0,00;0,00;0;0;47,7;146,0;6000;0;99;-2147483648;0;0;0;0;0;0;0;0;0;0;0;30,6;47,3;1;0;0;110;0;0;0;0,0;3615;0;0;0;
22.08.2024;15:09:13;23,4;23,9;0;30,6;8,0;22,0;8,0;0;0;0,0;8;47,3;47,3;25,0;0;8200;19,9;64,8;8,0;60,0;0;64,7;8,0;8,0;0,00;0,00;0;0;47,7;146,0;6000;0;99;-2147483648;0;0;0;0;0;0;0;0;0;0;0;30,6;47,3;1;0;0;110;0;0;0;0,0;3615;0;0;0;
22.08.2024;15:10:13;23,4;24,0;0;30,6;8,0;22,1;8,0;0;0;0,0;8;47,3;47,3;25,0;0;8200;20,1;64,8;8,0;60,0;0;64,8;8,0;8,0;0,00;0,00;0;0;47,7;146,0;6000;0;99;-2147483648;0;0;0;0;0;0;0;0;0;0;0;30,6;47,3;1;0;0;110;0;0;0;0,0;3615;0;0;0;
22.08.2024;15:11:13;23,4;24,0;0;30,6;8,0;22,1;8,0;0;0;0,0;8;47,2;47,2;25,0;0;8200;19,9;64,8;8,0;60,0;0;64,8;8,0;8,0;0,00;0,00;0;0;47,8;146,0;6000;0;99;-2147483648;0;0;0;0;0;0;0;0;0;0;0;30,6;47,2;1;0;0;110;0;0;0;0,0;3615;0;0;0;
22.08.2024;15:12:13;23,5;24,0;0;30,6;8,0;22,1;8,0;0;0;0,0;8;47,2;47,2;25,0;0;8200;20,1;64,8;8,0;60,0;0;64,7;8,0;8,0;0,00;0,00;0;0;47,7;146,0;6000;0;99;-2147483648;0;0;0;0;0;0;0;0;0;0;0;30,6;47,2;1;0;0;110;0;0;0;0,0;3615;0;0;0;
22.08.2024;15:13:13;23,5;24,0;0;30,6;8,0;22,1;8,0;0;0;0,0;8;47,2;47,2;25,0;0;8200;19,9;64,7;8,0;60,0;0;64,6;8,0;8,0;0,00;0,00;0;0;47,7;146,0;6000;0;99;-2147483648;0;0;0;0;0;0;0;0;0;0;0;30,6;47,2;1;0;0;110;0;0;0;0,0;3615;0;0;0;
22.08.2024;15:14:13;23,5;24,0;0;30,6;8,0;22,0;8,0;0;0;0,0;8;47,2;47,2;25,0;0;8200;20,1;64,7;8,0;60,0;0;64,6;8,0;8,0;0,00;0,00;0;0;47,7;146,0;6000;0;99;-2147483648;0;0;0;0;0;0;0;0;0;0;0;30,6;47,2;1;0;0;110;0;0;0;0,0;3615;0;0;0;
22.08.2024;15:15:13;23,5;24,0;0;30,7;8,0;22,0;8,0;0;0;0,0;8;47,2;47,2;25,0;0;8200;19,9;64,7;8,0;60,0;0;64,6;8,0;8,0;0,00;0,00;0;0;47,7;146,0;6000;0;99;-2147483648;0;0;0;0;0;0;0;0;0;0;0;30,7;47,2;1;0;0;110;0;0;0;0,0;3615;0;0;0;
22.08.2024;15:16:13;23,5;24,0;0;30,6;8,0;22,0;8,0;0;0;0,0;8;47,2;47,2;25,0;0;8200;19,8;64,7;8,0;60,0;0;64,6;8,0;8,0;0,00;0,00;0;0;47,7;146,0;6000;0;99;-2147483648;0;0;0;0;0;0;0;0;0;0;0;30,6;47,2;1;0;0;110;0;0;0;0,0;3615;0;0;0;
22.08.2024;15:17:13;23,5;24,0;0;30,7;8,0;22,0;8,0;0;0;0,0;8;47,2;47,2;25,0;0;8200;19,9;64,7;8,0;60,0;0;64,5;8,0;8,0;0,00;0,00;0;0;47,7;146,0;6000;0;99;-2147483648;0;0;0;0;0;0;0;0;0;0;0;30,7;47,2;1;0;0;110;0;0;0;0,0;3615;0;0;0;
22.08.2024;15:18:13;23,6;24,0;0;30,7;8,0;22,0;8,0;0;0;0,0;8;47,2;47,2;25,0;0;8200;19,9;64,6;8,0;60,0;0;64,5;8,0;8,0;0,00;0,00;0;0;47,7;146,0;6000;0;99;-2147483648;0;0;0;0;0;0;0;0;0;0;0;30,7;47,2;1;0;0;110;0;0;0;0,0;3615;0;0;0;
22.08.2024;15:19:13;23,6;24,0;0;30,7;8,0;21,9;8,0;0;0;0,0;8;47,1;47,1;25,0;0;8200;19,9;64,6;8,0;60,0;0;64,4;8,0;8,0;0,00;0,00;0;0;47,7;146,0;6000;0;99;-2147483648;0;0;0;0;0;0;0;0;0;0;0;30,7;47,1;1;0;0;110;0;0;0;0,0;3615;0;0;0;
22.08.2024;15:20:13;23,6;24,1;0;30,7;8,0;21,9;8,0;0;0;0,0;8;47,1;47,1;25,0;0;8200;20,0;64,6;8,0;60,0;0;64,4;8,0;8,0;0,00;0,00;0;0;47,7;146,0;6000;0;99;-2147483648;0;0;0;0;0;0;0;0;0;0;0;30,7;47,1;1;0;0;110;0;0;0;0,0;3615;0;0;0;
22.08.2024;15:21:13;23,6;24,1;0;30,7;8,0;21,9;8,0;0;0;0,0;8;47,1;47,1;25,0;0;8200;19,9;64,6;8,0;60,0;0;64,4;8,0;8,0;0,00;0,00;0;0;47,7;146,0;6000;0;99;-2147483648;0;0;0;0;0;0;0;0;0;0;0;30,7;47,1;1;0;0;110;0;0;0;0,0;3615;0;0;0;
22.08.2024;15:22:13;23,6;24,1;0;30,7;8,0;21,9;8,0;0;0;0,0;8;47,1;47,1;25,0;0;8200;19,9;64,6;8,0;60,0;0;64,3;8,0;8,0;0,00;0,00;0;0;47,7;146,0;6000;0;99;-2147483648;0;0;0;0;0;0;0;0;0;0;0;30,7;47,1;1;0;0;110;0;0;0;0,0;3615;0;0;0;
22.08.2024;15:23:13;23,6;24,1;0;30,7;8,0;21,9;8,0;0;0;0,0;8;47,1;47,1;25,0;0;8200;19,9;64,5;8,0;60,0;0;64,3;8,0;8,0;0,00;0,00;0;0;47,7;146,0;6000;0;99;-2147483648;0;0;0;0;0;0;0;0;0;0;0;30,7;47,1;1;0;0;110;0;0;0;0,0;3615;0;0;0;
22.08.2024;15:24:13;23,6;24,1;0;30,7;8,0;21,9;8,0;0;0;0,0;8;47,1;47,1;25,0;0;8200;19,9;64,5;8,0;60,0;0;64,3;8,0;8,0;0,00;0,00;0;0;47,8;146,0;6000;0;99;-2147483648;0;0;0;0;0;0;0;0;0;0;0;30,7;47,1;1;0;0;110;0;0;0;0,0;3615;0;0;0;
22.08.2024;15:25:13;23,7;24,1;0;30,7;8,0;21,9;8,0;0;0;0,0;8;47,1;47,1;25,0;0;8200;19,9;64,4;8,0;60,0;0;64,3;8,0;8,0;0,00;0,00;0;0;47,7;146,0;6000;0;99;-2147483648;0;0;0;0;0;0;0;0;0;0;0;30,7;47,1;1;0;0;110;0;0;0;0,0;3615;0;0;0;
22.08.2024;15:26:13;23,7;24,1;0;30,7;8,0;21,8;8,0;0;0;0,0;8;47,1;47,1;25,0;0;8200;19,9;64,4;8,0;60,0;0;64,2;8,0;8,0;0,00;0,00;0;0;47,7;146,0;6000;0;99;-2147483648;0;0;0;0;0;0;0;0;0;0;0;30,7;47,1;1;0;0;110;0;0;0;0,0;3615;0;0;0;
22.08.2024;15:27:13;23,7;24,2;0;30,8;8,0;21,8;8,0;0;0;0,0;8;47,1;47,1;25,0;0;8200;19,9;64,4;8,0;60,0;0;64,2;8,0;8,0;0,00;0,00;0;0;47,7;146,0;6000;0;99;-2147483648;0;0;0;0;0;0;0;0;0;0;0;30,8;47,1;1;0;0;110;0;0;0;0,0;3615;0;0;0;
22.08.2024;15:28:13;23,7;24,1;0;30,8;8,0;21,8;8,0;0;0;0,0;8;47,0;47,0;25,0;0;8200;19,9;64,4;8,0;60,0;0;64,2;8,0;8,0;0,00;0,00;0;0;47,8;146,0;6000;0;99;-2147483648;0;0;0;0;0;0;0;0;0;0;0;30,7;47,0;1;0;0;110;0;0;0;0,0;3615;0;0;0;
22.08.2024;15:29:13;23,7;24,2;0;30,8;8,0;21,8;8,0;0;0;0,0;8;47,0;47,0;25,0;0;8200;20,0;64,4;8,0;60,0;0;64,2;8,0;8,0;0,00;0,00;0;0;47,9;146,0;6000;0;99;-2147483648;0;0;0;0;0;0;0;0;0;0;0;30,8;47,0;1;0;0;110;0;0;0;0,0;3615;0;0;0;
22.08.2024;15:30:13;23,7;24,1;0;30,8;8,0;21,8;8,0;0;0;0,0;8;47,0;47,0;25,0;0;8200;19,9;64,4;8,0;60,0;0;64,1;8,0;8,0;0,00;0,00;0;0;47,7;146,0;6000;0;99;-2147483648;0;0;0;0;0;0;0;0;0;0;0;30,8;47,0;1;0;0;110;0;0;0;0,0;3615;0;0;0;
22.08.2024;15:31:13;23,7;24,2;0;30,8;8,0;21,9;8,0;0;0;0,0;8;47,0;47,0;25,0;0;8200;19,9;64,3;8,0;60,0;0;64,1;8,0;8,0;0,00;0,00;0;0;47,7;146,0;6000;0;99;-2147483648;0;0;0;0;0;0;0;0;0;0;0;30,8;47,0;1;0;0;110;0;0;0;0,0;3615;0;0;0;
22.08.2024;15:32:13;23,7;24,2;0;30,8;8,0;21,9;8,0;0;0;0,0;8;47,0;47,0;25,0;0;8200;19,9;64,3;8,0;60,0;0;64,0;8,0;8,0;0,00;0,00;0;0;47,7;146,0;6000;0;99;-2147483648;0;0;0;0;0;0;0;0;0;0;0;30,8;47,0;1;0;0;110;0;0;0;0,0;3615;0;0;0;
22.08.2024;15:33:13;23,8;24,2;0;30,8;8,0;21,9;8,0;0;0;0,0;8;47,0;47,0;25,0;0;8200;19,7;64,3;8,0;60,0;0;64,1;8,0;8,0;0,00;0,00;0;0;47,7;146,0;6000;0;99;-2147483648;0;0;0;0;0;0;0;0;0;0;0;30,8;47,0;1;0;0;110;0;0;0;0,0;3615;0;0;0;
22.08.2024;15:34:13;23,8;24,2;0;30,8;8,0;22,0;8,0;0;0;0,0;8;47,0;47,0;25,0;0;8200;19,9;64,3;8,0;60,0;0;64,0;8,0;8,0;0,00;0,00;0;0;47,8;146,0;6000;0;99;-2147483648;0;0;0;0;0;0;0;0;0;0;0;30,8;47,0;1;0;0;110;0;0;0;0,0;3615;0;0;0;
22.08.2024;15:35:13;23,8;24,2;0;30,8;8,0;22,0;8,0;0;0;0,0;8;47,0;47,0;25,0;0;8200;19,8;64,3;8,0;60,0;0;63,9;8,0;8,0;0,00;0,00;0;0;47,8;146,0;6000;0;99;-2147483648;0;0;0;0;0;0;0;0;0;0;0;30,8;47,0;1;0;0;110;0;0;0;0,0;3615;0;0;0;
22.08.2024;15:36:13;23,8;24,2;0;30,8;8,0;21,9;8,0;0;0;0,0;8;47,0;47,0;25,0;0;8200;20,0;64,2;8,0;60,0;0;64,0;8,0;8,0;0,00;0,00;0;0;47,7;146,0;6000;0;99;-2147483648;0;0;0;0;0;0;0;0;0;0;0;30,8;47,0;1;0;0;110;0;0;0;0,0;3615;0;0;0;
22.08.2024;15:37:13;23,8;24,2;0;30,8;8,0;21,9;8,0;0;0;0,0;8;46,9;46,9;25,0;0;8200;19,8;64,2;8,0;60,0;0;63,9;8,0;8,0;0,00;0,00;0;0;47,8;146,0;6000;0;99;-2147483648;0;0;0;0;0;0;0;0;0;0;0;30,8;46,9;1;0;0;110;0;0;0;0,0;3615;0;0;0;
22.08.2024;15:38:13;23,8;24,2;0;30,8;8,0;21,9;8,0;0;0;0,0;8;46,9;46,9;25,0;0;8200;19,9;64,2;8,0;60,0;0;63,9;8,0;8,0;0,00;0,00;0;0;47,7;146,0;6000;0;99;-2147483648;0;0;0;0;0;0;0;0;0;0;0;30,8;46,9;1;0;0;110;0;0;0;0,0;3615;0;0;0;
22.08.2024;15:39:13;23,8;24,2;0;30,8;8,0;21,9;8,0;0;0;0,0;8;46,9;46,9;25,0;0;8200;19,9;64,2;8,0;60,0;0;63,8;8,0;8,0;0,00;0,00;0;0;47,7;146,0;6000;0;99;-2147483648;0;0;0;0;0;0;0;0;0;0;0;30,8;46,9;1;0;0;110;0;0;0;0,0;3615;0;0;0;
22.08.2024;15:40:13;23,8;24,2;0;30,8;8,0;21,8;8,0;0;0;0,0;8;46,9;46,9;25,0;0;8200;20,1;64,2;8,0;60,0;0;63,8;8,0;8,0;0,00;0,00;0;0;47,7;146,0;6000;0;99;-2147483648;0;0;0;0;0;0;0;0;0;0;0;30,8;46,9;1;0;0;110;0;0;0;0,0;3615;0;0;0;
22.08.2024;15:41:13;23,9;24,2;0;30,8;8,0;21,9;8,0;0;0;0,0;8;46,9;46,9;25,0;0;8200;19,9;64,2;8,0;60,0;0;63,8;8,0;8,0;0,00;0,00;0;0;47,8;146,0;6000;0;99;-2147483648;0;0;0;0;0;0;0;0;0;0;0;30,8;46,9;1;0;0;110;0;0;0;0,0;3615;0;0;0;
22.08.2024;15:42:13;23,9;24,2;0;30,8;8,0;21,8;8,0;0;0;0,0;8;46,9;46,9;25,0;0;8200;19,8;64,1;8,0;60,0;0;63,8;8,0;8,0;0,00;0,00;0;0;47,8;146,0;6000;0;99;-2147483648;0;0;0;0;0;0;0;0;0;0;0;30,8;46,9;1;0;0;110;0;0;0;0,0;3615;0;0;0;
22.08.2024;15:43:13;23,9;24,2;0;30,8;8,0;21,8;8,0;0;0;0,0;8;46,8;46,8;25,0;0;8200;19,8;64,1;8,0;60,0;0;63,7;8,0;8,0;0,00;0,00;0;0;47,7;146,0;6000;0;99;-2147483648;0;0;0;0;0;0;0;0;0;0;0;30,8;46,8;1;0;0;110;0;0;0;0,0;3615;0;0;0;
22.08.2024;15:44:13;23,9;24,2;0;30,9;8,0;21,8;8,0;0;0;0,0;8;46,9;46,9;25,0;0;8200;19,8;64,1;8,0;60,0;0;63,7;8,0;8,0;0,00;0,00;0;0;47,7;146,0;6000;0;99;-2147483648;0;0;0;0;0;0;0;0;0;0;0;30,9;46,9;1;0;0;110;0;0;0;0,0;3615;0;0;0;
22.08.2024;15:45:13;23,9;24,2;0;30,9;8,0;21,8;8,0;0;0;0,0;8;46,8;46,8;25,0;0;8200;19,8;64,0;8,0;60,0;0;63,8;8,0;8,0;0,00;0,00;0;0;47,7;146,0;6000;0;99;-2147483648;0;0;0;0;0;0;0;0;0;0;0;30,9;46,8;1;0;0;110;0;0;0;0,0;3615;0;0;0;
22.08.2024;15:46:13;23,9;24,2;0;30,9;8,0;21,8;8,0;0;0;0,0;8;46,8;46,8;25,0;0;8200;19,9;64,0;8,0;60,0;0;63,6;8,0;8,0;0,00;0,00;0;0;47,7;146,0;6000;0;99;-2147483648;0;0;0;0;0;0;0;0;0;0;0;30,9;46,8;1;0;0;110;0;0;0;0,0;3615;0;0;0;
22.08.2024;15:47:13;23,9;24,2;0;30,9;8,0;21,8;8,0;0;0;0,0;8;46,8;46,8;25,0;0;8200;19,9;64,0;8,0;60,0;0;63,6;8,0;8,0;0,00;0,00;0;0;47,7;146,0;6000;0;99;-2147483648;0;0;0;0;0;0;0;0;0;0;0;30,9;46,8;1;0;0;110;0;0;0;0,0;3615;0;0;0;
22.08.2024;15:48:13;23,9;24,2;0;30,9;8,0;21,8;8,0;0;0;0,0;8;46,8;46,8;25,0;0;8200;20,1;64,0;8,0;60,0;0;63,6;8,0;8,0;0,00;0,00;0;0;47,8;146,0;6000;0;99;-2147483648;0;0;0;0;0;0;0;0;0;0;0;30,9;46,8;1;0;0;110;0;0;0;0,0;3615;0;0;0;
22.08.2024;15:49:13;23,9;24,2;0;30,9;8,0;21,8;8,0;0;0;0,0;8;46,8;46,8;25,0;0;8200;19,9;63,9;8,0;60,0;0;63,6;8,0;8,0;0,00;0,00;0;0;47,7;146,0;6000;0;99;-2147483648;0;0;0;0;0;0;0;0;0;0;0;30,9;46,8;1;0;0;110;0;0;0;0,0;3615;0;0;0;
22.08.2024;15:50:13;24,0;24,2;0;30,9;8,0;21,8;8,0;0;0;0,0;8;46,8;46,8;25,0;0;8200;19,8;64,0;8,0;60,0;0;63,6;8,0;8,0;0,00;0,00;0;0;47,8;146,0;6000;0;99;-2147483648;0;0;0;0;0;0;0;0;0;0;0;30,9;46,8;1;0;0;110;0;0;0;0,0;3615;0;0;0;
22.08.2024;15:51:13;24,0;24,2;0;30,9;8,0;21,8;8,0;0;0;0,0;8;46,8;46,8;25,0;0;8200;19,9;63,9;8,0;60,0;0;63,4;8,0;8,0;0,00;0,00;0;0;47,7;146,0;6000;0;99;-2147483648;0;0;0;0;0;0;0;0;0;0;0;30,9;46,8;1;0;0;110;0;0;0;0,0;3615;0;0;0;
22.08.2024;15:52:13;24,0;24,3;0;30,9;8,0;21,9;8,0;0;0;0,0;8;46,7;46,7;25,0;0;8200;20,2;63,9;8,0;60,0;0;63,5;8,0;8,0;0,00;0,00;0;0;47,7;146,0;6000;0;99;-2147483648;0;0;0;0;0;0;0;0;0;0;0;30,9;46,7;1;0;0;110;0;0;0;0,0;3615;0;0;0;
22.08.2024;15:53:13;24,0;24,3;0;30,9;8,0;21,9;8,0;0;0;0,0;8;46,7;46,7;25,0;0;8200;19,8;63,9;8,0;60,0;0;63,5;8,0;8,0;0,00;0,00;0;0;47,7;146,0;6000;0;99;-2147483648;0;0;0;0;0;0;0;0;0;0;0;30,9;46,7;1;0;0;110;0;0;0;0,0;3615;0;0;0;
22.08.2024;15:54:13;24,0;24,3;0;30,9;8,0;21,9;8,0;0;0;0,0;8;46,7;46,7;25,0;0;8200;19,9;63,9;8,0;60,0;0;63,5;8,0;8,0;0,00;0,00;0;0;47,7;146,0;6000;0;99;-2147483648;0;0;0;0;0;0;0;0;0;0;0;30,9;46,7;1;0;0;110;0;0;0;0,0;3615;0;0;0;
22.08.2024;15:55:13;24,0;24,3;0;30,9;8,0;21,8;8,0;0;0;0,0;8;46,7;46,7;25,0;0;8200;19,9;63,8;8,0;60,0;0;63,5;8,0;8,0;0,00;0,00;0;0;47,8;146,0;6000;0;99;-2147483648;0;0;0;0;0;0;0;0;0;0;0;30,9;46,7;1;0;0;110;0;0;0;0,0;3615;0;0;0;
22.08.2024;15:56:13;24,0;24,3;0;30,9;8,0;21,8;8,0;0;0;0,0;8;46,7;46,7;25,0;0;8200;19,9;63,8;8,0;60,0;0;63,4;8,0;8,0;0,00;0,00;0;0;47,7;146,0;6000;0;99;-2147483648;0;0;0;0;0;0;0;0;0;0;0;30,9;46,7;1;0;0;110;0;0;0;0,0;3615;0;0;0;
22.08.2024;15:57:13;24,0;24,3;0;30,9;8,0;21,7;8,0;0;0;0,0;8;46,7;46,7;25,0;0;8200;19,9;63,8;8,0;60,0;0;63,4;8,0;8,0;0,00;0,00;0;0;47,7;146,0;6000;0;99;-2147483648;0;0;0;0;0;0;0;0;0;0;0;30,9;46,7;1;0;0;110;0;0;0;0,0;3615;0;0;0;
22.08.2024;15:58:13;24,0;24,4;0;30,9;8,0;21,7;8,0;0;0;0,0;8;46,7;46,7;25,0;0;8200;19,8;63,8;8,0;60,0;0;63,4;8,0;8,0;0,00;0,00;0;0;47,7;146,0;6000;0;99;-2147483648;0;0;0;0;0;0;0;0;0;0;0;30,9;46,7;1;0;0;110;0;0;0;0,0;3615;0;0;0;
22.08.2024;15:59:13;24,1;24,4;0;30,9;8,0;21,7;8,0;0;0;0,0;8;46,7;46,7;25,0;0;8200;19,8;63,7;8,0;60,0;0;63,5;8,0;8,0;0,00;0,00;0;0;47,7;146,0;6000;0;99;-2147483648;0;0;0;0;0;0;0;0;0;0;0;30,9;46,7;1;0;0;110;0;0;0;0,0;3615;0;0;0;
22.08.2024;16:00:13;24,1;24,4;0;31,0;8,0;21,7;8,0;0;0;0,0;8;46,7;46,7;25,0;0;8200;19,9;63,7;8,0;60,0;0;63,3;8,0;8,0;0,00;0,00;0;0;47,7;146,0;6000;0;99;-2147483648;0;0;0;0;0;0;0;0;0;0;0;31,0;46,7;1;0;0;110;0;0;0;0,0;3615;0;0;0;
22.08.2024;16:01:13;24,1;24,4;0;30,9;8,0;21,8;8,0;0;0;0,0;8;46,7;46,7;25,0;0;8200;19,7;63,7;8,0;60,0;0;63,2;8,0;8,0;0,00;0,00;0;0;47,7;146,0;6000;0;99;-2147483648;0;0;0;0;0;0;0;0;0;0;0;30,9;46,7;1;0;0;110;0;0;0;0,0;3615;0;0;0;
22.08.2024;16:02:13;24,1;24,4;0;30,9;8,0;21,8;8,0;0;0;0,0;8;46,6;46,6;25,0;0;8200;19,8;63,7;8,0;60,0;0;63,3;8,0;8,0;0,00;0,00;0;0;47,7;146,0;6000;0;99;-2147483648;0;0;0;0;0;0;0;0;0;0;0;30,9;46,6;1;0;0;110;0;0;0;0,0;3615;0;0;0;
22.08.2024;16:03:13;24,1;24,4;0;31,0;8,0;21,8;8,0;0;0;0,0;8;46,7;46,7;25,0;0;8200;19,7;63,6;8,0;60,0;0;63,1;8,0;8,0;0,00;0,00;0;0;47,7;146,0;6000;0;99;-2147483648;0;0;0;0;0;0;0;0;0;0;0;31,0;46,7;1;0;0;110;0;0;0;0,0;3615;0;0;0;
22.08.2024;16:04:13;24,1;24,4;0;31,0;8,0;21,8;8,0;0;0;0,0;8;46,6;46,6;25,0;0;8200;19,9;63,6;8,0;60,0;0;63,2;8,0;8,0;0,00;0,00;0;0;47,7;146,0;6000;0;99;-2147483648;0;0;0;0;0;0;0;0;0;0;0;31,0;46,6;1;0;0;110;0;0;0;0,0;3615;0;0;0;
22.08.2024;16:05:13;24,1;24,4;0;31,0;8,0;21,8;8,0;0;0;0,0;8;46,6;46,6;25,0;0;8200;19,8;63,6;8,0;60,0;0;63,0;8,0;8,0;0,00;0,00;0;0;47,7;146,0;6000;0;99;-2147483648;0;0;0;0;0;0;0;0;0;0;0;31,0;46,6;1;0;0;110;0;0;0;0,0;3615;0;0;0;
22.08.2024;16:06:13;24,1;24,4;0;31,0;8,0;21,8;8,0;0;0;0,0;8;46,6;46,6;25,0;0;8200;19,7;63,6;8,0;60,0;0;63,2;8,0;8,0;0,00;0,00;0;0;47,7;146,0;6000;0;99;-2147483648;0;0;0;0;0;0;0;0;0;0;0;31,0;46,6;1;0;0;110;0;0;0;0,0;3615;0;0;0;
22.08.2024;16:07:13;24,1;24,5;0;31,0;8,0;21,9;8,0;0;0;0,0;8;46,6;46,6;25,0;0;8200;19,7;63,6;8,0;60,0;0;63,1;8,0;8,0;0,00;0,00;0;0;47,7;146,0;6000;0;99;-2147483648;0;0;0;0;0;0;0;0;0;0;0;31,0;46,6;1;0;0;110;0;0;0;0,0;3615;0;0;0;
22.08.2024;16:08:13;24,1;24,5;0;31,0;8,0;21,8;8,0;0;0;0,0;8;46,6;46,6;25,0;0;8200;19,8;63,6;8,0;60,0;0;63,1;8,0;8,0;0,00;0,00;0;0;47,7;146,0;6000;0;99;-2147483648;0;0;0;0;0;0;0;0;0;0;0;31,0;46,6;1;0;0;110;0;0;0;0,0;3615;0;0;0;
22.08.2024;16:09:13;24,2;24,5;0;31,0;8,0;21,8;8,0;0;0;0,0;8;46,6;46,6;25,0;0;8200;19,9;63,5;8,0;60,0;0;63,1;8,0;8,0;0,00;0,00;0;0;47,7;146,0;6000;0;99;-2147483648;0;0;0;0;0;0;0;0;0;0;0;31,0;46,6;1;0;0;110;0;0;0;0,0;3615;0;0;0;
22.08.2024;16:10:13;24,2;24,5;0;31,0;8,0;21,8;8,0;0;0;0,0;8;46,6;46,6;25,0;0;8200;19,7;63,5;8,0;60,0;0;63,0;8,0;8,0;0,00;0,00;0;0;47,7;146,0;6000;0;99;-2147483648;0;0;0;0;0;0;0;0;0;0;0;31,0;46,6;1;0;0;110;0;0;0;0,0;3615;0;0;0;
22.08.2024;16:11:13;24,2;24,5;0;31,0;8,0;21,8;8,0;0;0;0,0;8;46,6;46,6;25,0;0;8200;19,8;63,5;8,0;60,0;0;63,0;8,0;8,0;0,00;0,00;0;0;47,8;146,0;6000;0;99;-2147483648;0;0;0;0;0;0;0;0;0;0;0;31,0;46,6;1;0;0;110;0;0;0;0,0;3615;0;0;0;
22.08.2024;16:12:13;24,2;24,4;0;31,0;8,0;21,7;8,0;0;0;0,0;8;46,5;46,5;25,0;0;8200;19,8;63,5;8,0;60,0;0;63,0;8,0;8,0;0,00;0,00;0;0;47,7;146,0;6000;0;99;-2147483648;0;0;0;0;0;0;0;0;0;0;0;31,0;46,5;1;0;0;110;0;0;0;0,0;3615;0;0;0;
22.08.2024;16:13:13;24,2;24,5;0;31,0;8,0;21,7;8,0;0;0;0,0;8;46,5;46,5;25,0;0;8200;19,7;63,4;8,0;60,0;0;62,9;8,0;8,0;0,00;0,00;0;0;47,7;146,0;6000;0;99;-2147483648;0;0;0;0;0;0;0;0;0;0;0;31,0;46,5;1;0;0;110;0;0;0;0,0;3615;0;0;0;
22.08.2024;16:14:13;24,2;24,5;0;31,0;8,0;21,7;8,0;0;0;0,0;8;46,5;46,5;25,0;0;8200;19,9;63,4;8,0;60,0;0;62,9;8,0;8,0;0,00;0,00;0;0;47,7;146,0;6000;0;99;-2147483648;0;0;0;0;0;0;0;0;0;0;0;31,0;46,5;1;0;0;110;0;0;0;0,0;3615;0;0;0;
22.08.2024;16:15:13;24,2;24,5;0;31,0;8,0;21,7;8,0;0;0;0,0;8;46,5;46,5;25,0;0;8200;19,8;63,4;8,0;60,0;0;63,0;8,0;8,0;0,00;0,00;0;0;47,7;146,0;6000;0;99;-2147483648;0;0;0;0;0;0;0;0;0;0;0;31,0;46,5;1;0;0;110;0;0;0;0,0;3615;0;0;0;
22.08.2024;16:16:13;24,2;24,5;0;31,0;8,0;21,7;8,0;0;0;0,0;8;46,5;46,5;25,0;0;8200;19,8;63,4;8,0;60,0;0;62,9;8,0;8,0;0,00;0,00;0;0;47,6;146,0;6000;0;99;-2147483648;0;0;0;0;0;0;0;0;0;0;0;31,0;46,5;1;0;0;110;0;0;0;0,0;3615;0;0;0;
22.08.2024;16:17:13;24,2;24,5;0;31,0;8,0;21,7;8,0;0;0;0,0;8;46,5;46,5;25,0;0;8200;20,0;63,3;8,0;60,0;0;62,9;8,0;8,0;0,00;0,00;0;0;47,7;146,0;6000;0;99;-2147483648;0;0;0;0;0;0;0;0;0;0;0;31,0;46,5;1;0;0;110;0;0;0;0,0;3615;0;0;0;
22.08.2024;16:18:13;24,2;24,5;0;31,0;8,0;21,8;8,0;0;0;0,0;8;46,5;46,5;25,0;0;8200;19,9;63,4;8,0;60,0;0;62,9;8,0;8,0;0,00;0,00;0;0;47,7;146,0;6000;0;99;-2147483648;0;0;0;0;0;0;0;0;0;0;0;31,0;46,5;1;0;0;110;0;0;0;0,0;3615;0;0;0;
22.08.2024;16:19:13;24,2;24,5;0;31,0;8,0;21,8;8,0;0;0;0,0;8;46,4;46,4;25,0;0;8200;19,7;63,3;8,0;60,0;0;62,8;8,0;8,0;0,00;0,00;0;0;47,8;146,0;6000;0;99;-2147483648;0;0;0;0;0;0;0;0;0;0;0;31,0;46,4;1;0;0;110;0;0;0;0,0;3615;0;0;0;
22.08.2024;16:20:13;24,2;24,5;0;31,0;8,0;21,8;8,0;0;0;0,0;8;46,4;46,4;25,0;0;8200;19,8;63,3;8,0;60,0;0;62,9;8,0;8,0;0,00;0,00;0;0;47,7;146,0;6000;0;99;-2147483648;0;0;0;0;0;0;0;0;0;0;0;31,0;46,4;1;0;0;110;0;0;0;0,0;3615;0;0;0;
22.08.2024;16:21:13;24,2;24,5;0;31,0;8,0;21,8;8,0;0;0;0,0;8;46,4;46,4;25,0;0;8200;19,8;63,2;8,0;60,0;0;62,9;8,0;8,0;0,00;0,00;0;0;47,7;146,0;6000;0;99;-2147483648;0;0;0;0;0;0;0;0;0;0;0;31,0;46,4;1;0;0;110;0;0;0;0,0;3615;0;0;0;
22.08.2024;16:22:13;24,2;24,5;0;31,0;8,0;21,8;8,0;0;0;0,0;8;46,4;46,4;25,0;0;8200;20,1;63,2;8,0;60,0;0;62,8;8,0;8,0;0,00;0,00;0;0;47,7;146,0;6000;0;99;-2147483648;0;0;0;0;0;0;0;0;0;0;0;31,0;46,4;1;0;0;110;0;0;0;0,0;3615;0;0;0;
22.08.2024;16:23:13;24,3;24,5;0;31,0;8,0;21,8;8,0;0;0;0,0;8;46,4;46,4;25,0;0;8200;19,7;63,3;8,0;60,0;0;62,9;8,0;8,0;0,00;0,00;0;0;47,7;146,0;6000;0;99;-2147483648;0;0;0;0;0;0;0;0;0;0;0;31,0;46,4;1;0;0;110;0;0;0;0,0;3615;0;0;0;
22.08.2024;16:24:13;24,3;24,5;0;31,0;8,0;21,7;8,0;0;0;0,0;8;46,4;46,4;25,0;0;8200;19,8;63,2;8,0;60,0;0;62,8;8,0;8,0;0,00;0,00;0;0;47,6;146,0;6000;0;99;-2147483648;0;0;0;0;0;0;0;0;0;0;0;31,0;46,4;1;0;0;110;0;0;0;0,0;3615;0;0;0;
22.08.2024;16:25:13;24,3;24,5;0;31,0;8,0;21,7;8,0;0;0;0,0;8;46,4;46,4;25,0;0;8200;19,8;63,2;8,0;60,0;0;62,9;8,0;8,0;0,00;0,00;0;0;47,7;146,0;6000;0;99;-2147483648;0;0;0;0;0;0;0;0;0;0;0;31,0;46,4;1;0;0;110;0;0;0;0,0;3615;0;0;0;
22.08.2024;16:26:13;24,3;24,5;0;31,0;8,0;21,7;8,0;0;0;0,0;8;46,3;46,3;25,0;0;8200;19,8;63,2;8,0;60,0;0;62,9;8,0;8,0;0,00;0,00;0;0;47,7;146,0;6000;0;99;-2147483648;0;0;0;0;0;0;0;0;0;0;0;31,0;46,3;1;0;0;110;0;0;0;0,0;3615;0;0;0;
22.08.2024;16:27:13;24,3;24,5;0;31,0;8,0;21,7;8,0;0;0;0,0;8;46,3;46,3;25,0;0;8200;19,7;63,1;8,0;60,0;0;62,8;8,0;8,0;0,00;0,00;0;0;47,7;146,0;6000;0;99;-2147483648;0;0;0;0;0;0;0;0;0;0;0;31,0;46,3;1;0;0;110;0;0;0;0,0;3615;0;0;0;
22.08.2024;16:28:13;24,3;24,6;0;31,0;8,0;21,7;8,0;0;0;0,0;8;46,3;46,3;25,0;0;8200;19,9;63,1;8,0;60,0;0;62,9;8,0;8,0;0,00;0,00;0;0;47,7;146,0;6000;0;99;-2147483648;0;0;0;0;0;0;0;0;0;0;0;31,0;46,3;1;0;0;110;0;0;0;0,0;3615;0;0;0;
22.08.2024;16:29:13;24,3;24,6;0;31,1;8,0;21,7;8,0;0;0;0,0;8;46,3;46,3;25,0;0;8200;19,8;63,1;8,0;60,0;0;62,8;8,0;8,0;0,00;0,00;0;0;47,9;146,0;6000;0;99;-2147483648;0;0;0;0;0;0;0;0;0;0;0;31,1;46,3;1;0;0;110;0;0;0;0,0;3615;0;0;0;
22.08.2024;16:30:13;24,3;24,6;0;31,1;8,0;21,7;8,0;0;0;0,0;8;46,3;46,3;25,0;0;8200;19,7;63,1;8,0;60,0;0;62,8;8,0;8,0;0,00;0,00;0;0;47,7;146,0;6000;0;99;-2147483648;0;0;0;0;0;0;0;0;0;0;0;31,1;46,3;1;0;0;110;0;0;0;0,0;3615;0;0;0;
22.08.2024;16:31:13;24,3;24,6;0;31,0;8,0;21,7;8,0;0;0;0,0;8;46,3;46,3;25,0;0;8200;19,8;63,1;8,0;60,0;0;62,7;8,0;8,0;0,00;0,00;0;0;47,8;146,0;6000;0;99;-2147483648;0;0;0;0;0;0;0;0;0;0;0;31,0;46,3;1;0;0;110;0;0;0;0,0;3615;0;0;0;
22.08.2024;16:32:13;24,3;24,6;0;31,0;8,0;21,7;8,0;0;0;0,0;8;46,3;46,3;25,0;0;8200;19,8;63,0;8,0;60,0;0;62,7;8,0;8,0;0,00;0,00;0;0;47,8;146,0;6000;0;99;-2147483648;0;0;0;0;0;0;0;0;0;0;0;31,0;46,3;1;0;0;110;0;0;0;0,0;3615;0;0;0;
22.08.2024;16:33:13;24,3;24,6;0;31,1;8,0;21,8;8,0;0;0;0,0;8;46,3;46,3;25,0;0;8200;20,1;63,0;8,0;60,0;0;62,7;8,0;8,0;0,00;0,00;0;0;47,6;146,0;6000;0;99;-2147483648;0;0;0;0;0;0;0;0;0;0;0;31,1;46,3;1;0;0;110;0;0;0;0,0;3615;0;0;0;
22.08.2024;16:34:13;24,3;24,6;0;31,1;8,0;21,8;8,0;0;0;0,0;8;46,3;46,3;25,0;0;8200;19,9;63,0;8,0;60,0;0;62,7;8,0;8,0;0,00;0,00;0;0;47,7;146,0;6000;0;99;-2147483648;0;0;0;0;0;0;0;0;0;0;0;31,1;46,3;1;0;0;110;0;0;0;0,0;3615;0;0;0;
22.08.2024;16:35:13;24,3;24,6;0;31,1;8,0;21,8;8,0;0;0;0,0;8;46,3;46,3;25,0;0;8200;20,1;63,0;8,0;60,0;0;62,6;8,0;8,0;0,00;0,00;0;0;47,7;146,0;6000;0;99;-2147483648;0;0;0;0;0;0;0;0;0;0;0;31,1;46,3;1;0;0;110;0;0;0;0,0;3615;0;0;0;
22.08.2024;16:36:13;24,3;24,5;0;31,1;8,0;21,8;8,0;0;0;0,0;8;46,2;46,2;25,0;0;8200;19,7;63,0;8,0;60,0;0;62,7;8,0;8,0;0,00;0,00;0;0;47,7;146,0;6000;0;99;-2147483648;0;0;0;0;0;0;0;0;0;0;0;31,1;46,2;1;0;0;110;0;0;0;0,0;3615;0;0;0;
22.08.2024;16:37:13;24,4;24,6;0;31,1;8,0;21,8;8,0;0;0;0,0;8;46,3;46,3;25,0;0;8200;19,8;63,0;8,0;60,0;0;62,6;8,0;8,0;0,00;0,00;0;0;47,7;146,0;6000;0;99;-2147483648;0;0;0;0;0;0;0;0;0;0;0;31,1;46,3;1;0;0;110;0;0;0;0,0;3615;0;0;0;
22.08.2024;16:38:13;24,4;24,6;0;31,0;8,0;21,8;8,0;0;0;0,0;8;46,2;46,2;25,0;0;8200;19,8;62,9;8,0;60,0;0;62,6;8,0;8,0;0,00;0,00;0;0;47,7;146,0;6000;0;99;-2147483648;0;0;0;0;0;0;0;0;0;0;0;31,0;46,2;1;0;0;110;0;0;0;0,0;3615;0;0;0;
22.08.2024;16:39:13;24,4;24,6;0;31,1;8,0;21,7;8,0;0;0;0,0;8;46,2;46,2;25,0;0;8200;19,8;62,9;8,0;60,0;0;62,6;8,0;8,0;0,00;0,00;0;0;47,7;146,0;6000;0;99;-2147483648;0;0;0;0;0;0;0;0;0;0;0;31,1;46,2;1;0;0;110;0;0;0;0,0;3615;0;0;0;
22.08.2024;16:40:13;24,4;24,6;0;31,1;8,0;21,7;8,0;0;0;0,0;8;46,2;46,2;25,0;0;8200;19,8;62,9;8,0;60,0;0;62,5;8,0;8,0;0,00;0,00;0;0;47,7;146,0;6000;0;99;-2147483648;0;0;0;0;0;0;0;0;0;0;0;31,1;46,2;1;0;0;110;0;0;0;0,0;3615;0;0;0;
22.08.2024;16:41:13;24,4;24,6;0;31,1;8,0;21,7;8,0;0;0;0,0;8;46,2;46,2;25,0;0;8200;19,8;62,9;8,0;60,0;0;62,5;8,0;8,0;0,00;0,00;0;0;47,7;146,0;6000;0;99;-2147483648;0;0;0;0;0;0;0;0;0;0;0;31,1;46,2;1;0;0;110;0;0;0;0,0;3615;0;0;0;
22.08.2024;16:42:13;24,4;24,6;0;31,1;8,0;21,8;8,0;0;0;0,0;8;46,2;46,2;25,0;0;8200;20,0;62,8;8,0;60,0;0;62,5;8,0;8,0;0,00;0,00;0;0;47,7;146,0;6000;0;99;-2147483648;0;0;0;0;0;0;0;0;0;0;0;31,1;46,2;1;0;0;110;0;0;0;0,0;3615;0;0;0;
22.08.2024;16:43:13;24,4;24,6;0;31,1;8,0;21,8;8,0;0;0;0,0;8;46,2;46,2;25,0;0;8200;19,7;62,8;8,0;60,0;0;62,5;8,0;8,0;0,00;0,00;0;0;47,7;146,0;6000;0;99;-2147483648;0;0;0;0;0;0;0;0;0;0;0;31,1;46,2;1;0;0;110;0;0;0;0,0;3615;0;0;0;
22.08.2024;16:44:13;24,4;24,6;0;31,1;8,0;21,7;8,0;0;0;0,0;8;46,1;46,1;25,0;0;8200;19,8;62,8;8,0;60,0;0;62,6;8,0;8,0;0,00;0,00;0;0;47,8;146,0;6000;0;99;-2147483648;0;0;0;0;0;0;0;0;0;0;0;31,1;46,1;1;0;0;110;0;0;0;0,0;3615;0;0;0;
22.08.2024;16:45:13;24,4;24,6;0;31,1;8,0;21,7;8,0;0;0;0,0;8;46,1;46,1;25,0;0;8200;19,8;62,8;8,0;60,0;0;62,6;8,0;8,0;0,00;0,00;0;0;47,7;146,0;6000;0;99;-2147483648;0;0;0;0;0;0;0;0;0;0;0;31,1;46,1;1;0;0;110;0;0;0;0,0;3615;0;0;0;
22.08.2024;16:46:13;24,4;24,6;0;31,1;8,0;21,7;8,0;0;0;0,0;8;46,2;46,2;25,0;0;8200;19,8;62,8;8,0;60,0;0;62,5;8,0;8,0;0,00;0,00;0;0;47,7;146,0;6000;0;99;-2147483648;0;0;0;0;0;0;0;0;0;0;0;31,1;46,2;1;0;0;110;0;0;0;0,0;3615;0;0;0;
22.08.2024;16:47:13;24,4;24,6;0;31,1;8,0;21,6;8,0;0;0;0,0;8;46,1;46,1;25,0;0;8200;19,7;62,8;8,0;60,0;0;62,4;8,0;8,0;0,00;0,00;0;0;47,7;146,0;6000;0;99;-2147483648;0;0;0;0;0;0;0;0;0;0;0;31,1;46,1;1;0;0;110;0;0;0;0,0;3615;0;0;0;
22.08.2024;16:48:13;24,4;24,6;0;31,1;8,0;21,7;8,0;0;0;0,0;8;46,1;46,1;25,0;0;8200;19,8;62,7;8,0;60,0;0;62,4;8,0;8,0;0,00;0,00;0;0;47,8;146,0;6000;0;99;-2147483648;0;0;0;0;0;0;0;0;0;0;0;31,1;46,1;1;0;0;110;0;0;0;0,0;3615;0;0;0;
22.08.2024;16:49:13;24,4;24,6;0;31,1;8,0;21,7;8,0;0;0;0,0;8;46,1;46,1;25,0;0;8200;19,8;62,7;8,0;60,0;0;62,4;8,0;8,0;0,00;0,00;0;0;47,7;146,0;6000;0;99;-2147483648;0;0;0;0;0;0;0;0;0;0;0;31,1;46,1;1;0;0;110;0;0;0;0,0;3615;0;0;0;
22.08.2024;16:50:13;24,4;24,5;0;31,1;8,0;21,7;8,0;0;0;0,0;8;46,1;46,1;25,0;0;8200;19,8;62,7;8,0;60,0;0;62,3;8,0;8,0;0,00;0,00;0;0;47,7;146,0;6000;0;99;-2147483648;0;0;0;0;0;0;0;0;0;0;0;31,1;46,1;1;0;0;110;0;0;0;0,0;3615;0;0;0;
22.08.2024;16:51:13;24,4;24,5;0;31,1;8,0;21,7;8,0;0;0;0,0;8;46,1;46,1;25,0;0;8200;19,9;62,6;8,0;60,0;0;62,3;8,0;8,0;0,00;0,00;0;0;47,7;146,0;6000;0;99;-2147483648;0;0;0;0;0;0;0;0;0;0;0;31,1;46,1;1;0;0;110;0;0;0;0,0;3615;0;0;0;
22.08.2024;16:52:13;24,5;24,6;0;31,1;8,0;21,8;8,0;0;0;0,0;8;46,1;46,1;25,0;0;8200;19,7;62,6;8,0;60,0;0;62,3;8,0;8,0;0,00;0,00;0;0;47,7;146,0;6000;0;99;-2147483648;0;0;0;0;0;0;0;0;0;0;0;31,1;46,1;1;0;0;110;0;0;0;0,0;3615;0;0;0;
22.08.2024;16:53:13;24,5;24,5;0;31,1;8,0;21,8;8,0;0;0;0,0;8;46,1;46,1;25,0;0;8200;19,7;62,6;8,0;60,0;0;62,2;8,0;8,0;0,00;0,00;0;0;47,7;146,0;6000;0;99;-2147483648;0;0;0;0;0;0;0;0;0;0;0;31,1;46,1;1;0;0;110;0;0;0;0,0;3615;0;0;0;
22.08.2024;16:54:13;24,5;24,5;0;31,1;8,0;21,8;8,0;0;0;0,0;8;46,1;46,1;25,0;0;8200;19,8;62,6;8,0;60,0;0;62,2;8,0;8,0;0,00;0,00;0;0;47,8;146,0;6000;0;99;-2147483648;0;0;0;0;0;0;0;0;0;0;0;31,1;46,1;1;0;0;110;0;0;0;0,0;3615;0;0;0;
22.08.2024;16:55:13;24,5;24,5;0;31,1;8,0;21,8;8,0;0;0;0,0;8;46,1;46,1;25,0;0;8200;19,7;62,6;8,0;60,0;0;62,1;8,0;8,0;0,00;0,00;0;0;47,7;146,0;6000;0;99;-2147483648;0;0;0;0;0;0;0;0;0;0;0;31,1;46,1;1;0;0;110;0;0;0;0,0;3615;0;0;0;
22.08.2024;16:56:13;24,5;24,5;0;31,1;8,0;21,9;8,0;0;0;0,0;8;46,0;46,0;25,0;0;8200;19,7;62,6;8,0;60,0;0;62,2;8,0;8,0;0,00;0,00;0;0;47,7;146,0;6000;0;99;-2147483648;0;0;0;0;0;0;0;0;0;0;0;31,1;46,0;1;0;0;110;0;0;0;0,0;3615;0;0;0;
22.08.2024;16:57:13;24,5;24,5;0;31,1;8,0;21,9;8,0;0;0;0,0;8;46,0;46,0;25,0;0;8200;19,7;62,5;8,0;60,0;0;62,2;8,0;8,0;0,00;0,00;0;0;47,7;146,0;6000;0;99;-2147483648;0;0;0;0;0;0;0;0;0;0;0;31,1;46,0;1;0;0;110;0;0;0;0,0;3615;0;0;0;
22.08.2024;16:58:13;24,5;24,5;0;31,1;8,0;21,8;8,0;0;0;0,0;8;46,0;46,0;25,0;0;8200;19,8;62,5;8,0;60,0;0;62,2;8,0;8,0;0,00;0,00;0;0;47,7;146,0;6000;0;99;-2147483648;0;0;0;0;0;0;0;0;0;0;0;31,1;46,0;1;0;0;110;0;0;0;0,0;3615;0;0;0;
22.08.2024;16:59:13;24,5;24,5;0;31,1;8,0;21,8;8,0;0;0;0,0;8;46,0;46,0;25,0;0;8200;19,7;62,5;8,0;60,0;0;62,1;8,0;8,0;0,00;0,00;0;0;47,7;146,0;6000;0;99;-2147483648;0;0;0;0;0;0;0;0;0;0;0;31,1;46,0;1;0;0;110;0;0;0;0,0;3615;0;0;0;
22.08.2024;17:00:13;24,5;24,6;0;31,1;8,0;21,8;8,0;0;0;0,0;8;46,0;46,0;25,0;0;8200;19,9;62,5;8,0;60,0;0;62,1;8,0;8,0;0,00;0,00;0;0;47,7;146,0;6000;0;99;-2147483648;0;0;0;0;0;0;0;0;0;0;0;31,1;46,0;1;0;0;110;0;0;0;0,0;3615;0;0;0;
22.08.2024;17:01:13;24,5;24,5;0;31,1;8,0;21,8;8,0;0;0;0,0;8;46,0;46,0;25,0;0;8200;19,7;62,5;8,0;60,0;0;62,0;8,0;8,0;0,00;0,00;0;0;47,7;146,0;6000;0;99;-2147483648;0;0;0;0;0;0;0;0;0;0;0;31,1;46,0;1;0;0;110;0;0;0;0,0;3615;0;0;0;
22.08.2024;17:02:13;24,5;24,5;0;31,1;8,0;21,8;8,0;0;0;0,0;8;46,0;46,0;25,0;0;8200;19,8;62,4;8,0;60,0;0;62,1;8,0;8,0;0,00;0,00;0;0;47,7;146,0;6000;0;99;-2147483648;0;0;0;0;0;0;0;0;0;0;0;31,1;46,0;1;0;0;110;0;0;0;0,0;3615;0;0;0;
22.08.2024;17:03:13;24,5;24,5;0;31,1;8,0;21,8;8,0;0;0;0,0;8;46,0;46,0;25,0;0;8200;19,8;62,4;8,0;60,0;0;62,1;8,0;8,0;0,00;0,00;0;0;47,7;146,0;6000;0;99;-2147483648;0;0;0;0;0;0;0;0;0;0;0;31,1;46,0;1;0;0;110;0;0;0;0,0;3615;0;0;0;
22.08.2024;17:04:13;24,5;24,5;0;31,1;8,0;21,8;8,0;0;0;0,0;8;46,0;46,0;25,0;0;8200;19,7;62,4;8,0;60,0;0;62,0;8,0;8,0;0,00;0,00;0;0;47,7;146,0;6000;0;99;-2147483648;0;0;0;0;0;0;0;0;0;0;0;31,1;46,0;1;0;0;110;0;0;0;0,0;3615;0;0;0;
22.08.2024;17:05:13;24,5;24,4;0;31,1;8,0;21,8;8,0;0;0;0,0;8;45,9;45,9;25,0;0;8200;19,8;62,4;8,0;60,0;0;61,9;8,0;8,0;0,00;0,00;0;0;47,7;146,0;6000;0;99;-2147483648;0;0;0;0;0;0;0;0;0;0;0;31,1;45,9;1;0;0;110;0;0;0;0,0;3615;0;0;0;
22.08.2024;17:06:13;24,5;24,5;0;31,1;8,0;21,7;8,0;0;0;0,0;8;45,9;45,9;25,0;0;8200;19,9;62,3;8,0;60,0;0;62,0;8,0;8,0;0,00;0,00;0;0;47,7;146,0;6000;0;99;-2147483648;0;0;0;0;0;0;0;0;0;0;0;31,1;45,9;1;0;0;110;0;0;0;0,0;3615;0;0;0;
22.08.2024;17:07:13;24,5;24,5;0;31,1;8,0;21,7;8,0;0;0;0,0;8;45,9;45,9;25,0;0;8200;19,7;62,3;8,0;60,0;0;62,0;8,0;8,0;0,00;0,00;0;0;47,7;146,0;6000;0;99;-2147483648;0;0;0;0;0;0;0;0;0;0;0;31,1;45,9;1;0;0;110;0;0;0;0,0;3615;0;0;0;
22.08.2024;17:08:13;24,5;24,5;0;31,1;8,0;21,7;8,0;0;0;0,0;8;45,9;45,9;25,0;0;8200;19,8;62,3;8,0;60,0;0;61,9;8,0;8,0;0,00;0,00;0;0;47,7;146,0;6000;0;99;-2147483648;0;0;0;0;0;0;0;0;0;0;0;31,1;45,9;1;0;0;110;0;0;0;0,0;3615;0;0;0;
22.08.2024;17:09:13;24,5;24,4;0;31,1;8,0;21,7;8,0;0;0;0,0;8;45,9;45,9;25,0;0;8200;19,8;62,3;8,0;60,0;0;62,0;8,0;8,0;0,00;0,00;0;0;47,7;146,0;6000;0;99;-2147483648;0;0;0;0;0;0;0;0;0;0;0;31,1;45,9;1;0;0;110;0;0;0;0,0;3615;0;0;0;
22.08.2024;17:10:13;24,5;24,5;0;31,2;8,0;21,7;8,0;0;0;0,0;8;45,9;45,9;25,0;0;8200;19,9;62,3;8,0;60,0;0;62,1;8,0;8,0;0,00;0,00;0;0;47,7;146,0;6000;0;99;-2147483648;0;0;0;0;0;0;0;0;0;0;0;31,2;45,9;1;0;0;110;0;0;0;0,0;3615;0;0;0;
22.08.2024;17:11:13;24,5;24,5;0;31,2;8,0;21,7;8,0;0;0;0,0;8;45,9;45,9;25,0;0;8200;19,8;62,3;8,0;60,0;0;62,0;8,0;8,0;0,00;0,00;0;0;47,8;146,0;6000;0;99;-2147483648;0;0;0;0;0;0;0;0;0;0;0;31,2;45,9;1;0;0;110;0;0;0;0,0;3615;0;0;0;
22.08.2024;17:12:13;24,5;24,4;0;31,1;8,0;21,7;8,0;0;0;0,0;8;45,9;45,9;25,0;0;8200;19,8;62,2;8,0;60,0;0;62,0;8,0;8,0;0,00;0,00;0;0;47,7;146,0;6000;0;99;-2147483648;0;0;0;0;0;0;0;0;0;0;0;31,2;45,9;1;0;0;110;0;0;0;0,0;3615;0;0;0;
22.08.2024;17:13:13;24,5;24,5;0;31,1;8,0;21,7;8,0;0;0;0,0;8;45,9;45,9;25,0;0;8200;19,8;62,2;8,0;60,0;0;61,9;8,0;8,0;0,00;0,00;0;0;47,7;146,0;6000;0;99;-2147483648;0;0;0;0;0;0;0;0;0;0;0;31,1;45,9;1;0;0;110;0;0;0;0,0;3615;0;0;0;
22.08.2024;17:14:13;24,5;24,5;0;31,1;8,0;21,8;8,0;0;0;0,0;8;45,9;45,9;25,0;0;8200;19,7;62,2;8,0;60,0;0;61,9;8,0;8,0;0,00;0,00;0;0;47,7;146,0;6000;0;99;-2147483648;0;0;0;0;0;0;0;0;0;0;0;31,1;45,9;1;0;0;110;0;0;0;0,0;3615;0;0;0;
22.08.2024;17:15:13;24,5;24,5;0;31,1;8,0;21,8;8,0;0;0;0,0;8;45,9;45,9;25,0;0;8200;20,1;62,2;8,0;60,0;0;61,8;8,0;8,0;0,00;0,00;0;0;47,7;146,0;6000;0;99;-2147483648;0;0;0;0;0;0;0;0;0;0;0;31,1;45,9;1;0;0;110;0;0;0;0,0;3615;0;0;0;
22.08.2024;17:16:13;24,5;24,5;0;31,1;8,0;21,8;8,0;0;0;0,0;8;45,8;45,8;25,0;0;8200;19,8;62,2;8,0;60,0;0;61,8;8,0;8,0;0,00;0,00;0;0;47,8;146,0;6000;0;99;-2147483648;0;0;0;0;0;0;0;0;0;0;0;31,1;45,8;1;0;0;110;0;0;0;0,0;3615;0;0;0;
22.08.2024;17:17:13;24,5;24,5;0;31,1;8,0;21,8;8,0;0;0;0,0;8;45,8;45,8;25,0;0;8200;19,9;62,1;8,0;60,0;0;61,8;8,0;8,0;0,00;0,00;0;0;47,7;146,0;6000;0;99;-2147483648;0;0;0;0;0;0;0;0;0;0;0;31,1;45,8;1;0;0;110;0;0;0;0,0;3615;0;0;0;
22.08.2024;17:18:13;24,5;24,5;0;31,1;8,0;21,8;8,0;0;0;0,0;8;45,8;45,8;25,0;0;8200;19,7;62,1;8,0;60,0;0;61,7;8,0;8,0;0,00;0,00;0;0;47,7;146,0;6000;0;99;-2147483648;0;0;0;0;0;0;0;0;0;0;0;31,1;45,8;1;0;0;110;0;0;0;0,0;3615;0;0;0;
22.08.2024;17:19:13;24,5;24,5;0;31,1;8,0;21,8;8,0;0;0;0,0;8;45,8;45,8;25,0;0;8200;19,9;62,1;8,0;60,0;0;61,8;8,0;8,0;0,00;0,00;0;0;47,8;146,0;6000;0;99;-2147483648;0;0;0;0;0;0;0;0;0;0;0;31,1;45,8;1;0;0;110;0;0;0;0,0;3615;0;0;0;
22.08.2024;17:20:13;24,5;24,5;0;31,1;8,0;21,8;8,0;0;0;0,0;8;45,8;45,8;25,0;0;8200;19,8;62,1;8,0;60,0;0;61,7;8,0;8,0;0,00;0,00;0;0;47,7;146,0;6000;0;99;-2147483648;0;0;0;0;0;0;0;0;0;0;0;31,1;45,8;1;0;0;110;0;0;0;0,0;3615;0;0;0;
22.08.2024;17:21:13;24,5;24,5;0;31,1;8,0;21,8;8,0;0;0;0,0;8;45,8;45,8;25,0;0;8200;19,8;62,1;8,0;60,0;0;61,6;8,0;8,0;0,00;0,00;0;0;47,8;146,0;6000;0;99;-2147483648;0;0;0;0;0;0;0;0;0;0;0;31,1;45,8;1;0;0;110;0;0;0;0,0;3615;0;0;0;
22.08.2024;17:22:13;24,5;24,5;0;31,1;8,0;21,8;8,0;0;0;0,0;8;45,8;45,8;25,0;0;8200;19,7;62,0;8,0;60,0;0;61,6;8,0;8,0;0,00;0,00;0;0;47,6;146,0;6000;0;99;-2147483648;0;0;0;0;0;0;0;0;0;0;0;31,1;45,8;1;0;0;110;0;0;0;0,0;3615;0;0;0;
22.08.2024;17:23:13;24,5;24,4;0;31,1;8,0;21,8;8,0;0;0;0,0;8;45,8;45,8;25,0;0;8200;19,9;62,0;8,0;60,0;0;61,6;8,0;8,0;0,00;0,00;0;0;47,8;146,0;6000;0;99;-2147483648;0;0;0;0;0;0;0;0;0;0;0;31,1;45,8;1;0;0;110;0;0;0;0,0;3615;0;0;0;
22.08.2024;17:24:13;24,5;24,4;0;31,1;8,0;21,7;8,0;0;0;0,0;8;45,7;45,7;25,0;0;8200;19,9;62,0;8,0;60,0;0;61,5;8,0;8,0;0,00;0,00;0;0;47,7;146,0;6000;0;99;-2147483648;0;0;0;0;0;0;0;0;0;0;0;31,1;45,7;1;0;0;110;0;0;0;0,0;3615;0;0;0;
22.08.2024;17:25:13;24,5;24,4;0;31,1;8,0;21,8;8,0;0;0;0,0;8;45,7;45,7;25,0;0;8200;19,9;62,0;8,0;60,0;0;61,5;8,0;8,0;0,00;0,00;0;0;47,8;146,0;6000;0;99;-2147483648;0;0;0;0;0;0;0;0;0;0;0;31,1;45,7;1;0;0;110;0;0;0;0,0;3615;0;0;0;
22.08.2024;17:26:13;24,5;24,4;0;31,1;8,0;21,8;8,0;0;0;0,0;8;45,7;45,7;25,0;0;8200;19,9;61,9;8,0;60,0;0;61,4;8,0;8,0;0,00;0,00;0;0;47,7;146,0;6000;0;99;-2147483648;0;0;0;0;0;0;0;0;0;0;0;31,1;45,7;1;0;0;110;0;0;0;0,0;3615;0;0;0;
22.08.2024;17:27:13;24,5;24,4;0;31,1;8,0;21,9;8,0;0;0;0,0;8;45,7;45,7;25,0;0;8200;19,9;61,9;8,0;60,0;0;61,4;8,0;8,0;0,00;0,00;0;0;47,7;146,0;6000;0;99;-2147483648;0;0;0;0;0;0;0;0;0;0;0;31,1;45,7;1;0;0;110;0;0;0;0,0;3615;0;0;0;
22.08.2024;17:28:13;24,5;24,4;0;31,1;8,0;21,9;8,0;0;0;0,0;8;45,7;45,7;25,0;0;8200;19,9;61,9;8,0;60,0;0;61,3;8,0;8,0;0,00;0,00;0;0;47,7;146,0;6000;0;99;-2147483648;0;0;0;0;0;0;0;0;0;0;0;31,1;45,7;1;0;0;110;0;0;0;0,0;3615;0;0;0;
22.08.2024;17:29:13;24,5;24,4;0;31,2;8,0;21,9;8,0;0;0;0,0;8;45,7;45,7;25,0;0;8200;20,1;61,9;8,0;60,0;0;61,2;8,0;8,0;0,00;0,00;0;0;47,8;146,0;6000;0;99;-2147483648;0;0;0;0;0;0;0;0;0;0;0;31,2;45,7;1;0;0;110;0;0;0;0,0;3615;0;0;0;
22.08.2024;17:30:13;24,5;24,4;0;31,2;8,0;22,0;8,0;0;0;0,0;8;45,7;45,7;25,0;0;8200;20,1;61,9;8,0;60,0;0;61,1;8,0;8,0;0,00;0,00;0;0;47,7;146,0;6000;0;99;-2147483648;0;0;0;0;0;0;0;0;0;0;0;31,2;45,7;1;0;0;110;0;0;0;0,0;3615;0;0;0;
22.08.2024;17:31:13;24,5;24,4;0;31,1;8,0;22,0;8,0;0;0;0,0;8;45,7;45,7;25,0;0;8200;20,1;61,9;8,0;60,0;0;61,1;8,0;8,0;0,00;0,00;0;0;47,7;146,0;6000;0;99;-2147483648;0;0;0;0;0;0;0;0;0;0;0;31,1;45,7;1;0;0;110;0;0;0;0,0;3615;0;0;0;
22.08.2024;17:32:13;24,5;24,3;0;31,2;8,0;22,0;8,0;0;0;0,0;8;45,7;45,7;25,0;0;8200;20,1;61,8;8,0;60,0;0;61,1;8,0;8,0;0,00;0,00;0;0;47,7;146,0;6000;0;99;-2147483648;0;0;0;0;0;0;0;0;0;0;0;31,2;45,7;1;0;0;110;0;0;0;0,0;3615;0;0;0;
22.08.2024;17:33:13;24,5;24,4;0;31,1;8,0;22,0;8,0;0;0;0,0;8;45,6;45,6;25,0;0;8200;20,3;61,8;8,0;60,0;0;61,1;8,0;8,0;0,00;0,00;0;0;47,7;146,0;6000;0;99;-2147483648;0;0;0;0;0;0;0;0;0;0;0;31,1;45,6;1;0;0;110;0;0;0;0,0;3615;0;0;0;
22.08.2024;17:34:13;24,4;24,4;0;31,1;8,0;22,1;8,0;0;0;0,0;8;45,6;45,6;25,0;0;8200;20,2;61,8;8,0;60,0;0;61,1;8,0;8,0;0,00;0,00;0;0;47,7;146,0;6000;0;99;-2147483648;0;0;0;0;0;0;0;0;0;0;0;31,1;45,6;1;0;0;110;0;0;0;0,0;3615;0;0;0;
22.08.2024;17:35:13;24,4;24,4;0;31,1;8,0;22,1;8,0;0;0;0,0;8;45,6;45,6;25,0;0;8200;20,3;61,7;8,0;60,0;0;61,1;8,0;8,0;0,00;0,00;0;0;47,8;146,0;6000;0;99;-2147483648;0;0;0;0;0;0;0;0;0;0;0;31,1;45,6;1;0;0;110;0;0;0;0,0;3615;0;0;0;
22.08.2024;17:36:13;24,4;24,3;0;31,1;8,0;22,1;8,0;0;0;0,0;8;45,6;45,6;25,0;0;8200;20,4;61,8;8,0;60,0;0;61,1;8,0;8,0;0,00;0,00;0;0;47,8;146,0;6000;0;99;-2147483648;0;0;0;0;0;0;0;0;0;0;0;31,1;45,6;1;0;0;110;0;0;0;0,0;3615;0;0;0;
22.08.2024;17:37:13;24,4;24,3;0;31,1;8,0;22,2;8,0;0;0;0,0;8;45,6;45,6;25,0;0;8200;20,3;61,7;8,0;60,0;0;61,0;8,0;8,0;0,00;0,00;0;0;47,7;146,0;6000;0;99;-2147483648;0;0;0;0;0;0;0;0;0;0;0;31,1;45,6;1;0;0;110;0;0;0;0,0;3615;0;0;0;
22.08.2024;17:38:13;24,4;24,3;0;31,1;8,0;22,3;8,0;0;0;0,0;8;45,6;45,6;25,0;0;8200;20,3;61,7;8,0;60,0;0;61,0;8,0;8,0;0,00;0,00;0;0;47,7;146,0;6000;0;99;-2147483648;0;0;0;0;0;0;0;0;0;0;0;31,1;45,6;1;0;0;110;0;0;0;0,0;3615;0;0;0;
22.08.2024;17:39:13;24,4;24,3;0;31,1;8,0;22,3;8,0;0;0;0,0;8;45,6;45,6;25,0;0;8200;20,4;61,7;8,0;60,0;0;60,9;8,0;8,0;0,00;0,00;0;0;47,7;146,0;6000;0;99;-2147483648;0;0;0;0;0;0;0;0;0;0;0;31,1;45,6;1;0;0;110;0;0;0;0,0;3615;0;0;0;
22.08.2024;17:40:13;24,4;24,3;0;31,1;8,0;22,3;8,0;0;0;0,0;8;45,6;45,6;25,0;0;8200;20,4;61,6;8,0;60,0;0;60,9;8,0;8,0;0,00;0,00;0;0;47,9;146,0;6000;0;99;-2147483648;0;0;0;0;0;0;0;0;0;0;0;31,1;45,6;1;0;0;110;0;0;0;0,0;3615;0;0;0;
22.08.2024;17:41:13;24,4;24,3;0;31,1;8,0;22,4;8,0;0;0;0,0;8;45,6;45,6;25,0;0;8200;20,4;61,7;8,0;60,0;0;61,0;8,0;8,0;0,00;0,00;0;0;47,6;146,0;6000;0;99;-2147483648;0;0;0;0;0;0;0;0;0;0;0;31,1;45,6;1;0;0;110;0;0;0;0,0;3615;0;0;0;
22.08.2024;17:42:13;24,4;24,3;0;31,1;8,0;22,4;8,0;0;0;0,0;8;45,6;45,6;25,0;0;8200;20,5;61,6;8,0;60,0;0;60,9;8,0;8,0;0,00;0,00;0;0;47,7;146,0;6000;0;99;-2147483648;0;0;0;0;0;0;0;0;0;0;0;31,1;45,6;1;0;0;110;0;0;0;0,0;3615;0;0;0;
22.08.2024;17:43:13;24,4;24,3;0;31,1;8,0;22,4;8,0;0;0;0,0;8;45,5;45,5;25,0;0;8200;20,5;61,6;8,0;60,0;0;60,9;8,0;8,0;0,00;0,00;0;0;47,7;146,0;6000;0;99;-2147483648;0;0;0;0;0;0;0;0;0;0;0;31,1;45,5;1;0;0;110;0;0;0;0,0;3615;0;0;0;
22.08.2024;17:44:13;24,4;24,3;0;31,1;8,0;22,4;8,0;0;0;0,0;8;45,5;45,5;25,0;0;8200;20,5;61,5;8,0;60,0;0;60,9;8,0;8,0;0,00;0,00;0;0;47,7;146,0;6000;0;99;-2147483648;0;0;0;0;0;0;0;0;0;0;0;31,1;45,5;1;0;0;110;0;0;0;0,0;3615;0;0;0;
22.08.2024;17:45:13;24,4;24,3;0;31,1;8,0;22,4;8,0;0;0;0,0;8;45,5;45,5;25,0;0;8200;20,6;61,5;8,0;60,0;0;60,9;8,0;8,0;0,00;0,00;0;0;47,8;146,0;6000;0;99;-2147483648;0;0;0;0;0;0;0;0;0;0;0;31,1;45,5;1;0;0;110;0;0;0;0,0;3615;0;0;0;
22.08.2024;17:46:13;24,4;24,3;0;31,1;8,0;22,4;8,0;0;0;0,0;8;45,5;45,5;25,0;0;8200;20,4;61,5;8,0;60,0;0;60,9;8,0;8,0;0,00;0,00;0;0;47,7;146,0;6000;0;99;-2147483648;0;0;0;0;0;0;0;0;0;0;0;31,1;45,5;1;0;0;110;0;0;0;0,0;3615;0;0;0;
22.08.2024;17:47:13;24,4;24,3;0;31,1;8,0;22,4;8,0;0;0;0,0;8;45,5;45,5;25,0;0;8200;20,6;61,5;8,0;60,0;0;60,8;8,0;8,0;0,00;0,00;0;0;47,8;146,0;6000;0;99;-2147483648;0;0;0;0;0;0;0;0;0;0;0;31,1;45,5;1;0;0;110;0;0;0;0,0;3615;0;0;0;
22.08.2024;17:48:13;24,4;24,3;0;31,1;8,0;22,4;8,0;0;0;0,0;8;45,5;45,5;25,0;0;8200;20,6;61,5;8,0;60,0;0;60,8;8,0;8,0;0,00;0,00;0;0;47,8;146,0;6000;0;99;-2147483648;0;0;0;0;0;0;0;0;0;0;0;31,1;45,5;1;0;0;110;0;0;0;0,0;3615;0;0;0;
22.08.2024;17:49:13;24,4;24,2;0;31,1;8,0;22,5;8,0;0;0;0,0;8;45,5;45,5;25,0;0;8200;20,6;61,5;8,0;60,0;0;60,7;8,0;8,0;0,00;0,00;0;0;47,7;146,0;6000;0;99;-2147483648;0;0;0;0;0;0;0;0;0;0;0;31,1;45,5;1;0;0;110;0;0;0;0,0;3615;0;0;0;
22.08.2024;17:50:13;24,4;24,2;0;31,1;8,0;22,5;8,0;0;0;0,0;8;45,5;45,5;25,0;0;8200;20,6;61,4;8,0;60,0;0;60,6;8,0;8,0;0,00;0,00;0;0;47,7;146,0;6000;0;99;-2147483648;0;0;0;0;0;0;0;0;0;0;0;31,1;45,5;1;0;0;110;0;0;0;0,0;3615;0;0;0;
22.08.2024;17:51:13;24,4;24,1;0;31,1;8,0;22,5;8,0;0;0;0,0;8;45,5;45,5;25,0;0;8200;20,8;61,4;8,0;60,0;0;60,6;8,0;8,0;0,00;0,00;0;0;47,7;146,0;6000;0;99;-2147483648;0;0;0;0;0;0;0;0;0;0;0;31,1;45,5;1;0;0;110;0;0;0;0,0;3615;0;0;0;
22.08.2024;17:52:13;24,3;24,1;0;31,1;8,0;22,5;8,0;0;0;0,0;8;45,5;45,5;25,0;0;8200;21,0;61,4;8,0;60,0;0;60,6;8,0;8,0;0,00;0,00;0;0;47,7;146,0;6000;0;99;-2147483648;0;0;0;0;0;0;0;0;0;0;0;31,1;45,5;1;0;0;110;0;0;0;0,0;3615;0;0;0;
22.08.2024;17:53:13;24,3;24,1;0;31,1;8,0;22,5;8,0;0;0;0,0;8;45,5;45,5;25,0;0;8200;20,6;61,3;8,0;60,0;0;60,6;8,0;8,0;0,00;0,00;0;0;47,7;146,0;6000;0;99;-2147483648;0;0;0;0;0;0;0;0;0;0;0;31,1;45,5;1;0;0;110;0;0;0;0,0;3615;0;0;0;
22.08.2024;17:54:13;24,3;24,0;0;31,1;8,0;22,5;8,0;0;0;0,0;8;45,4;45,4;25,0;0;8200;20,6;61,4;8,0;60,0;0;60,6;8,0;8,0;0,00;0,00;0;0;47,7;146,0;6000;0;99;-2147483648;0;0;0;0;0;0;0;0;0;0;0;31,1;45,4;1;0;0;110;0;0;0;0,0;3615;0;0;0;
22.08.2024;17:55:13;24,3;24,0;0;31,1;8,0;22,5;8,0;0;0;0,0;8;45,4;45,4;25,0;0;8200;20,5;61,4;8,0;60,0;0;60,6;8,0;8,0;0,00;0,00;0;0;47,7;146,0;6000;0;99;-2147483648;0;0;0;0;0;0;0;0;0;0;0;31,1;45,4;1;0;0;110;0;0;0;0,0;3615;0;0;0;
22.08.2024;17:56:13;24,3;24,0;0;31,0;8,0;22,6;8,0;0;0;0,0;8;45,4;45,4;25,0;0;8200;20,7;61,3;8,0;60,0;0;60,6;8,0;8,0;0,00;0,00;0;0;47,7;146,0;6000;0;99;-2147483648;0;0;0;0;0;0;0;0;0;0;0;31,0;45,4;1;0;0;110;0;0;0;0,0;3615;0;0;0;
22.08.2024;17:57:13;24,3;24,0;0;31,1;8,0;22,6;8,0;0;0;0,0;8;45,4;45,4;25,0;0;8200;20,6;61,3;8,0;60,0;0;60,6;8,0;8,0;0,00;0,00;0;0;47,6;146,0;6000;0;99;-2147483648;0;0;0;0;0;0;0;0;0;0;0;31,1;45,4;1;0;0;110;0;0;0;0,0;3615;0;0;0;
22.08.2024;17:58:13;24,3;24,0;0;31,0;8,0;22,6;8,0;0;0;0,0;8;45,4;45,4;25,0;0;8200;20,6;61,3;8,0;60,0;0;60,6;8,0;8,0;0,00;0,00;0;0;47,7;146,0;6000;0;99;-2147483648;0;0;0;0;0;0;0;0;0;0;0;31,0;45,4;1;0;0;110;0;0;0;0,0;3615;0;0;0;
22.08.2024;17:59:13;24,3;24,0;0;31,0;8,0;22,6;8,0;0;0;0,0;8;45,4;45,4;25,0;0;8200;20,7;61,3;8,0;60,0;0;60,6;8,0;8,0;0,00;0,00;0;0;47,7;146,0;6000;0;99;-2147483648;0;0;0;0;0;0;0;0;0;0;0;31,1;45,4;1;0;0;110;0;0;0;0,0;3615;0;0;0;
22.08.2024;18:00:13;24,3;24,0;0;31,0;8,0;22,6;8,0;0;0;0,0;8;45,3;45,3;25,0;0;8200;20,7;61,2;8,0;60,0;0;60,6;8,0;8,0;0,00;0,00;0;0;47,7;146,0;6000;0;99;-2147483648;0;0;0;0;0;0;0;0;0;0;0;31,0;45,3;1;0;0;110;0;0;0;0,0;3615;0;0;0;
22.08.2024;18:01:13;24,3;24,0;0;31,1;8,0;22,6;8,0;0;0;0,0;8;45,4;45,4;55,0;1;16400;20,6;61,2;70,0;60,0;0;60,7;120,0;120,0;0,00;0,00;30;100;47,9;125,0;6000;0;1;2;0;0;0;0;0;0;0;0;0;0;0;31,1;45,4;1;0;0;110;0;0;0;0,0;3615;0;0;0;
22.08.2024;18:02:13;24,3;24,0;0;31,2;8,0;22,6;8,0;0;0;0,0;8;45,3;45,3;55,0;1;16400;20,6;61,3;70,0;60,0;0;60,2;120,0;120,0;70,00;30,00;60;39;130,0;125,0;6000;0;2;4;0;0;0;0;1;0;0;0;0;0;0;31,2;45,3;1;0;0;110;0;0;0;0,0;3615;0;0;0;
22.08.2024;18:03:13;24,3;24,1;0;31,1;8,0;22,6;8,0;0;0;0,0;8;45,4;45,4;55,0;1;16400;20,9;61,3;70,0;60,0;0;59,2;120,0;120,0;70,00;30,00;60;37;124,8;125,0;6000;0;2;4;0;0;0;0;1;0;0;0;0;0;0;31,1;45,4;1;0;0;109;0;0;0;0,0;3615;0;0;0;
22.08.2024;18:04:13;24,3;24,0;0;31,1;8,0;22,6;8,0;0;0;0,0;8;45,4;45,4;55,0;1;16400;20,6;61,2;70,0;60,0;0;58,3;120,0;120,0;0,00;0,00;60;37;125,1;125,0;6000;0;2;4;0;0;0;0;1;0;0;0;0;0;0;31,1;45,4;1;0;0;109;0;0;0;0,0;3615;0;0;0;
22.08.2024;18:05:13;24,2;24,0;0;31,1;8,0;22,6;8,0;0;0;0,0;8;45,5;45,5;55,0;1;16400;20,7;61,1;70,0;60,0;0;57,4;120,0;120,0;0,00;0,00;60;38;124,7;125,0;6000;0;2;4;0;0;0;0;1;0;0;0;0;0;0;31,1;45,5;1;0;0;109;0;0;0;0,0;3615;0;0;0;
22.08.2024;18:06:13;24,2;24,0;0;31,1;8,0;22,6;8,0;0;0;0,0;8;45,5;45,5;55,0;1;16400;20,8;61,1;70,0;60,0;0;57,1;120,0;120,0;0,00;0,00;60;38;125,1;125,0;6000;0;2;4;0;0;0;0;1;0;0;0;0;0;0;31,1;45,5;1;0;0;109;0;0;0;0,0;3615;0;0;0;
22.08.2024;18:07:13;24,2;24,0;0;31,1;8,0;22,6;8,0;0;0;0,0;8;45,5;45,5;55,0;1;16400;20,7;61,1;70,0;60,0;0;56,8;120,0;120,0;0,00;0,00;60;38;125,3;125,0;6000;0;2;4;0;0;0;0;1;0;0;0;0;0;0;31,1;45,5;1;0;0;109;0;0;0;0,0;3615;0;0;0;
22.08.2024;18:08:13;24,2;24,0;0;31,1;8,0;22,6;8,0;0;0;0,0;8;45,5;45,5;55,0;1;16400;20,6;61,0;70,0;60,0;0;56,7;120,0;120,0;0,00;0,00;60;38;125,1;125,0;6000;0;2;4;0;0;0;0;1;0;0;0;0;0;0;31,1;45,5;1;0;0;109;0;0;0;0,0;3615;0;0;0;
22.08.2024;18:09:13;24,2;24,0;0;31,1;8,0;22,6;8,0;0;0;0,0;8;45,5;45,5;55,0;1;16400;20,6;61,0;70,0;60,0;0;56,8;120,0;120,0;0,00;0,00;60;38;125,3;125,0;6000;0;2;4;0;0;0;0;1;0;0;0;0;0;0;31,1;45,5;1;0;0;109;0;0;0;0,0;3615;0;0;0;
22.08.2024;18:10:13;24,2;24,0;0;31,1;8,0;22,6;8,0;0;0;0,0;8;45,5;45,5;55,0;1;16400;20,7;60,9;70,0;60,0;0;57,1;120,0;120,0;0,00;0,00;60;38;125,5;125,0;6000;0;2;4;0;0;0;0;1;0;0;0;0;0;0;31,1;45,5;1;0;0;109;0;0;0;0,0;3615;0;0;0;
22.08.2024;18:11:13;24,2;24,0;0;31,1;8,0;22,6;8,0;0;0;0,0;8;45,6;45,6;55,0;1;16400;20,6;60,9;70,0;60,0;0;57,3;120,0;120,0;0,00;0,00;60;38;125,6;125,0;6000;0;2;4;0;0;0;0;1;0;0;0;0;0;0;31,1;45,6;1;0;0;109;0;0;0;0,0;3615;0;0;0;
22.08.2024;18:12:13;24,2;24,0;0;31,1;8,0;22,6;8,0;0;0;0,0;8;45,7;45,7;55,0;1;16400;20,6;60,9;70,0;60,0;0;57,6;120,0;120,0;0,00;0,00;60;38;125,8;125,0;6000;0;2;4;0;0;0;0;1;0;1;0;0;0;0;31,1;45,7;1;0;0;109;0;0;0;0,0;3615;0;0;0;
22.08.2024;18:13:13;24,2;24,0;0;31,1;8,0;22,6;8,0;0;0;0,0;8;45,6;45,6;55,0;1;16400;20,8;60,8;70,0;60,0;0;57,7;120,0;120,0;0,00;0,00;60;38;125,9;125,0;6000;0;2;4;0;0;0;0;1;0;1;0;0;0;0;31,1;45,6;1;0;0;109;0;0;0;0,0;3615;0;0;0;
22.08.2024;18:14:13;24,2;24,0;0;31,1;8,0;22,6;8,0;0;0;0,0;8;45,7;45,7;55,0;1;16400;20,6;60,8;70,0;60,0;0;58,1;120,0;120,0;0,00;0,00;60;38;125,5;125,0;6000;0;2;4;0;0;0;0;1;0;1;0;0;0;0;31,1;45,7;1;0;0;109;0;0;0;0,0;3615;0;0;0;
22.08.2024;18:15:13;24,2;24,0;0;31,1;8,0;22,6;8,0;0;0;0,0;8;45,7;45,7;55,0;1;16400;20,7;60,8;70,0;60,0;0;58,3;120,0;120,0;0,00;0,00;60;38;125,2;125,0;6000;0;2;4;0;0;0;0;1;0;1;0;0;0;0;31,1;45,7;1;0;0;109;0;0;0;0,0;3615;0;0;0;
22.08.2024;18:16:13;24,2;24,0;0;31,1;8,0;22,6;8,0;0;0;0,0;8;45,7;45,7;55,0;1;16400;20,7;60,7;70,0;60,0;0;58,6;120,0;120,0;0,00;0,00;60;38;125,8;125,0;6000;0;2;4;0;0;0;0;1;0;1;0;0;0;0;31,1;45,7;1;0;0;109;0;0;0;0,0;3615;0;0;0;
22.08.2024;18:17:13;24,2;23,9;0;31,0;8,0;22,6;8,0;0;0;0,0;8;45,7;45,7;55,0;1;16400;20,7;60,7;70,0;60,0;0;58,8;120,0;120,0;0,00;0,00;60;38;125,0;125,0;6000;0;2;4;0;0;0;0;1;0;0;0;0;0;0;31,0;45,7;1;0;0;109;0;0;0;0,0;3615;0;0;0;
22.08.2024;18:18:13;24,1;24,0;0;31,1;8,0;22,6;8,0;0;0;0,0;8;45,7;45,7;55,0;1;16400;20,6;60,7;70,0;60,0;0;58,9;120,0;120,0;0,00;0,00;60;38;125,0;125,0;6000;0;2;4;0;0;0;0;1;0;0;0;0;0;0;31,1;45,7;1;0;0;109;0;0;0;0,0;3615;0;0;0;
22.08.2024;18:19:13;24,1;23,9;0;31,0;8,0;22,6;8,0;0;0;0,0;8;45,7;45,7;55,0;1;16400;20,8;60,6;70,0;60,0;0;59,0;120,0;120,0;0,00;0,00;60;38;125,3;125,0;6000;0;2;4;0;0;0;0;1;0;0;0;0;0;0;31,0;45,7;1;0;0;109;0;0;0;0,0;3615;0;0;0;
22.08.2024;18:20:13;24,1;23,9;0;31,0;8,0;22,6;8,0;0;0;0,0;8;45,7;45,7;55,0;1;16400;21,0;60,6;70,0;60,0;0;67,1;120,0;120,0;0,00;0,00;60;39;125,6;125,0;6000;0;2;4;0;0;0;0;1;0;0;0;0;0;0;31,0;45,7;1;0;0;109;0;0;0;0,0;3615;0;0;0;
22.08.2024;18:21:13;24,1;23,9;0;31,0;8,0;22,6;8,0;0;0;0,0;8;45,7;45,7;55,0;1;16400;20,6;60,6;70,0;60,0;0;101,7;120,0;120,0;0,00;0,00;60;39;125,5;125,0;6000;0;2;4;0;0;0;0;1;0;0;0;0;0;0;31,0;45,7;1;0;0;109;0;0;0;0,0;3615;0;0;0;
22.08.2024;18:22:13;24,1;23,9;0;31,1;8,0;22,6;8,0;0;0;0,0;8;45,7;45,7;55,0;1;16400;20,7;61,1;70,0;60,0;0;146,2;120,0;120,0;0,00;0,00;65;38;126,0;125,0;6000;0;3;8;0;0;0;0;0;0;0;0;0;0;0;31,1;45,7;1;0;0;109;0;0;0;0,0;3615;0;0;0;
22.08.2024;18:23:13;24,1;23,8;0;31,2;8,0;22,6;8,0;0;0;0,0;8;45,8;45,8;55,0;1;16400;20,8;62,0;70,0;60,0;0;201,1;120,0;120,0;0,00;0,00;65;39;125,6;125,0;6000;0;3;8;0;0;0;0;0;0;0;0;0;0;0;31,2;45,8;1;0;0;109;0;0;0;0,0;3615;0;0;0;
22.08.2024;18:24:13;24,1;23,8;0;31,4;8,0;22,6;8,0;0;0;0,0;8;45,8;45,8;55,0;1;16400;20,7;63,1;70,0;60,0;0;265,3;120,0;120,0;0,00;0,00;65;39;125,0;125,0;6000;0;3;8;0;0;0;0;0;0;0;0;0;0;0;31,4;45,8;1;0;0;109;0;0;0;0,0;3615;0;0;0;
22.08.2024;18:25:13;24,1;23,8;0;31,6;8,0;22,6;8,0;0;0;0,0;8;45,8;45,8;55,0;1;16400;20,7;64,5;70,0;60,0;0;349,2;120,0;120,0;0,00;0,00;65;40;125,0;125,0;6000;0;3;8;0;0;0;0;0;0;0;0;0;0;0;31,6;45,8;1;0;0;109;0;0;0;0,0;3615;0;0;0;
22.08.2024;18:26:13;24,1;23,8;0;31,9;8,0;22,7;8,0;0;0;0,0;8;45,9;45,9;55,0;1;16400;20,8;66,3;70,0;60,0;0;417,6;120,0;120,0;0,00;0,00;65;40;125,4;125,0;6000;0;3;268435464;0;0;0;0;0;0;0;0;0;0;0;31,9;45,9;1;0;0;109;0;0;0;0,0;3615;0;0;0;
22.08.2024;18:27:13;24,1;23,8;0;32,4;8,0;22,7;8,0;0;0;0,0;8;45,9;45,9;55,0;1;16400;20,7;68,4;70,0;60,0;0;462,9;120,0;120,0;0,00;0,00;65;40;125,6;125,0;6000;0;3;268435464;0;0;0;0;0;0;0;0;0;0;0;32,4;45,9;1;0;0;109;0;0;0;0,0;3615;0;0;0;
22.08.2024;18:28:13;24,0;23,8;0;33,0;8,0;22,7;8,0;0;0;0,0;8;45,9;45,9;55,0;1;16400;20,8;70,5;70,0;60,0;0;494,7;120,0;120,0;0,00;0,00;65;40;125,0;125,0;6000;0;3;268435464;0;0;0;0;0;0;0;0;0;0;0;33,0;45,9;1;0;0;109;0;0;0;0,0;3615;0;0;0;
22.08.2024;18:29:13;24,0;23,7;0;33,6;8,0;22,7;8,0;0;0;0,0;8;45,9;45,9;55,0;1;16400;20,7;72,5;70,0;60,0;0;505,2;120,0;120,0;0,00;0,00;65;40;126,6;125,0;6000;0;3;268435464;0;0;0;0;0;0;0;0;0;0;0;33,6;45,9;1;0;0;109;0;0;0;0,0;3615;0;0;0;
22.08.2024;18:30:13;24,0;23,8;0;34,1;8,0;22,7;8,0;0;0;0,0;8;45,9;45,9;55,0;1;16400;20,7;74,5;70,0;60,0;30;458,8;469,4;570,0;7,47;80,00;35;46;117,5;121,6;6000;0;4;268435472;0;0;0;0;0;0;0;0;0;0;0;34,1;45,9;1;0;0;109;0;0;0;0,0;3615;0;0;0;
22.08.2024;18:31:13;24,0;23,8;0;34,3;8,0;22,7;8,0;0;0;0,0;8;45,9;45,9;55,0;1;16400;20,8;75,8;70,0;60,0;30;407,6;476,8;570,0;10,40;80,00;35;42;109,5;107,6;6000;0;4;268435472;0;0;0;0;0;0;0;0;0;0;0;34,3;45,9;1;0;0;109;0;0;0;0,0;3616;0;0;0;
22.08.2024;18:32:13;24,0;23,7;0;34,6;8,0;22,7;8,0;0;0;0,0;8;45,9;45,9;55,0;1;16400;20,7;76,7;8,0;60,0;0;380,1;8,0;8,0;0,00;0,00;52;32;107,0;106,1;6000;0;5;268435488;0;0;0;0;0;0;0;0;0;0;0;34,6;45,9;1;0;0;109;0;0;0;0,0;3616;0;0;0;
22.08.2024;18:33:13;24,0;23,7;0;34,8;8,0;22,8;8,0;0;0;0,0;8;46,0;46,0;55,0;1;16400;20,7;77,5;8,0;60,0;0;352,4;8,0;8,0;0,00;0,00;48;33;106,5;106,1;6000;0;5;268435488;0;0;0;0;0;0;0;0;0;0;0;34,8;46,0;1;0;0;109;0;0;0;0,0;3616;0;0;0;
22.08.2024;18:34:13;24,0;23,7;0;34,9;8,0;22,7;8,0;0;0;0,0;8;46,0;46,0;55,0;1;16400;20,7;78,1;8,0;60,0;0;323,2;8,0;8,0;0,00;0,00;44;33;106,2;106,1;6000;0;5;268435488;0;0;0;0;0;0;0;0;0;0;0;34,9;46,0;1;0;0;109;0;0;0;0,0;3616;0;0;0;
22.08.2024;18:35:13;24,0;23,7;0;35,0;8,0;22,7;8,0;0;0;0,0;8;46,0;46,0;55,0;1;16400;20,7;78,5;8,0;60,0;0;295,7;8,0;8,0;0,00;0,00;41;34;106,4;106,1;6000;0;5;268435488;0;0;0;0;0;0;0;0;0;0;0;35,0;46,0;1;0;0;109;0;0;0;0,0;3616;0;0;0;
22.08.2024;18:36:13;24,0;23,7;0;35,0;8,0;22,7;8,0;0;0;0,0;8;46,0;46,0;55,0;1;16400;20,7;78,8;8,0;60,0;0;270,9;8,0;8,0;0,00;0,00;37;34;104,6;106,1;6000;0;5;268435488;0;0;0;0;0;0;0;0;0;0;0;35,0;46,0;1;0;0;109;0;0;0;0,0;3616;0;0;0;
22.08.2024;18:37:13;24,0;23,7;0;35,1;8,0;22,7;8,0;0;0;0,0;8;46,0;46,0;55,0;1;16400;20,7;79,0;8,0;60,0;0;248,5;8,0;8,0;0,00;0,00;34;39;106,3;106,1;6000;0;5;268435488;0;0;0;0;0;0;0;0;0;0;0;35,1;46,0;1;0;0;109;0;0;0;0,0;3616;0;0;0;
22.08.2024;18:38:13;23,9;23,7;0;35,1;8,0;22,6;8,0;0;0;0,0;8;46,0;46,0;55,0;1;16400;20,6;79,1;8,0;60,0;0;229,6;8,0;8,0;0,00;0,00;31;40;106,1;106,1;6000;0;5;268435488;0;0;0;0;0;0;0;0;0;0;0;35,1;46,0;1;0;0;109;0;0;0;0,0;3616;0;0;0;
22.08.2024;18:39:13;23,9;23,6;0;35,0;8,0;22,6;8,0;0;0;0,0;8;46,1;46,1;55,0;1;16400;20,7;79,1;8,0;60,0;0;214,2;8,0;8,0;0,00;0,00;0;20;54,1;106,1;6000;0;5;268435488;0;0;0;0;0;0;0;0;0;0;0;35,0;46,1;1;0;0;109;0;0;0;0,0;3616;0;0;0;
22.08.2024;18:40:13;23,9;23,6;0;35,0;8,0;22,7;8,0;0;0;0,0;8;46,1;46,1;55,0;1;16400;20,6;79,2;8,0;60,0;0;200,0;8,0;8,0;0,00;0,00;0;19;52,9;106,1;6000;0;5;268435488;0;0;0;0;0;0;0;0;0;0;0;35,0;46,1;1;0;0;109;0;0;0;0,0;3616;0;0;0;
22.08.2024;18:41:13;23,9;23,6;0;35,0;8,0;22,7;8,0;0;0;0,0;8;46,1;46,1;55,0;1;16400;20,6;79,3;8,0;60,0;0;187,6;8,0;8,0;0,00;0,00;0;18;52,7;106,1;6000;0;5;268435488;0;0;0;0;0;0;0;0;0;0;0;35,0;46,1;1;0;0;109;0;0;0;0,0;3616;0;0;0;
22.08.2024;18:42:13;23,9;23,6;0;35,0;8,0;22,6;8,0;0;0;0,0;8;46,2;46,2;55,0;1;16400;20,6;79,2;8,0;60,0;0;176,4;8,0;8,0;0,00;0,00;0;18;52,7;106,1;6000;0;5;268435488;0;0;0;0;0;0;0;0;0;0;0;34,9;46,2;1;0;0;109;0;0;0;0,0;3616;0;0;0;
22.08.2024;18:43:13;23,9;23,6;0;34,9;8,0;22,6;8,0;0;0;0,0;8;46,2;46,2;55,0;1;16400;20,5;79,1;8,0;60,0;0;167,0;8,0;8,0;0,00;0,00;0;18;52,9;106,1;6000;0;5;268435488;0;0;0;0;0;0;0;0;0;0;0;34,9;46,2;1;0;0;109;0;0;0;0,0;3616;0;0;0;
22.08.2024;18:44:13;23,9;23,6;0;34,8;8,0;22,6;8,0;0;0;0,0;8;46,2;46,2;55,0;1;16400;20,7;79,0;8,0;60,0;0;158,6;8,0;8,0;0,00;0,00;0;18;53,0;106,1;6000;0;5;268435488;0;0;0;0;0;0;0;0;0;0;0;34,8;46,2;1;0;0;109;0;0;0;0,0;3616;0;0;0;
22.08.2024;18:45:13;23,9;23,6;0;34,7;8,0;22,6;8,0;0;0;0,0;8;46,2;46,2;55,0;1;16400;20,6;79,0;8,0;60,0;0;151,1;8,0;8,0;0,00;0,00;0;18;52,7;106,1;6000;0;5;268435488;0;0;0;0;0;0;0;0;0;0;0;34,7;46,2;1;0;0;109;0;0;0;0,0;3616;0;0;0;
22.08.2024;18:46:13;23,8;23,5;0;34,6;8,0;22,6;8,0;0;0;0,0;8;46,3;46,3;55,0;1;16400;20,6;78,8;8,0;60,0;0;144,8;8,0;8,0;0,00;0,00;0;0;48,2;146,0;6000;0;99;1879048192;0;0;0;0;0;0;0;0;0;0;0;34,6;46,3;1;0;0;109;0;0;0;0,0;3616;0;0;0;
22.08.2024;18:47:13;23,8;23,5;0;34,6;8,0;22,5;8,0;0;0;0,0;8;46,3;46,3;55,0;1;16400;20,8;78,7;8,0;60,0;0;139,4;8,0;8,0;0,00;0,00;0;0;48,2;146,0;6000;0;99;1879048192;0;0;0;0;0;0;0;0;0;0;0;34,6;46,3;1;0;0;109;0;0;0;0,0;3616;0;0;0;
22.08.2024;18:48:13;23,8;23,5;0;34,5;8,0;22,5;8,0;0;0;0,0;8;46,4;46,4;55,0;1;16400;20,6;78,6;8,0;60,0;0;134,7;8,0;8,0;0,00;0,00;0;0;48,1;146,0;6000;0;99;1879048192;0;0;0;0;0;0;0;0;0;0;0;34,5;46,4;1;0;0;109;0;0;0;0,0;3616;0;0;0;
22.08.2024;18:49:13;23,8;23,5;0;34,4;8,0;22,5;8,0;0;0;0,0;8;46,4;46,4;55,0;1;16400;20,6;78,4;8,0;60,0;0;130,5;8,0;8,0;0,00;0,00;0;0;48,2;146,0;6000;0;99;1879048192;0;0;0;0;0;0;0;0;0;0;0;34,4;46,4;1;0;0;109;0;0;0;0,0;3616;0;0;0;
22.08.2024;18:50:13;23,8;23,5;0;34,3;8,0;22,5;8,0;0;0;0,0;8;46,4;46,4;55,0;1;16400;20,6;78,3;8,0;60,0;0;126,6;8,0;8,0;0,00;0,00;0;0;48,2;146,0;6000;0;99;1879048192;0;0;0;0;0;0;0;0;0;0;0;34,3;46,4;1;0;0;109;0;0;0;0,0;3616;0;0;0;
22.08.2024;18:51:13;23,8;23,5;0;34,2;8,0;22,6;8,0;0;0;0,0;8;46,5;46,5;55,0;1;16400;20,6;78,1;8,0;60,0;0;123,2;8,0;8,0;0,00;0,00;0;0;48,2;146,0;6000;0;99;1879048192;0;0;0;0;0;0;0;0;0;0;0;34,2;46,5;1;0;0;109;0;0;0;0,0;3616;0;0;0;
22.08.2024;18:52:13;23,8;23,5;0;34,1;8,0;22,6;8,0;0;0;0,0;8;46,5;46,5;55,0;1;16400;20,6;77,9;8,0;60,0;0;120,0;8,0;8,0;0,00;0,00;0;0;48,3;146,0;6000;0;99;1879048192;0;0;0;0;0;0;0;0;0;0;0;34,1;46,5;1;0;0;109;0;0;0;0,0;3616;0;0;0;
22.08.2024;18:53:13;23,8;23,5;0;34,0;8,0;22,7;8,0;0;0;0,0;8;46,6;46,6;55,0;1;16400;20,6;77,7;8,0;60,0;0;117,3;8,0;8,0;0,00;0,00;0;0;48,3;146,0;6000;0;99;1879048192;0;0;0;0;0;0;0;0;0;0;0;34,0;46,6;1;0;0;109;0;0;0;0,0;3616;0;0;0;
22.08.2024;18:54:13;23,8;23,5;0;33,9;8,0;22,7;8,0;0;0;0,0;8;46,7;46,7;55,0;1;16400;20,6;77,6;8,0;60,0;0;114,6;8,0;8,0;0,00;0,00;0;0;48,3;146,0;6000;0;99;1879048192;0;0;0;0;0;0;0;0;0;0;0;33,9;46,7;1;0;0;109;0;0;0;0,0;3616;0;0;0;
22.08.2024;18:55:13;23,8;23,5;0;33,9;8,0;22,7;8,0;0;0;0,0;8;46,7;46,7;55,0;1;16400;20,5;77,4;8,0;60,0;0;112,2;8,0;8,0;0,00;0,00;0;0;48,1;146,0;6000;0;99;1879048192;0;0;0;0;0;0;0;0;0;0;0;33,9;46,7;1;0;0;109;0;0;0;0,0;3616;0;0;0;
22.08.2024;18:56:13;23,7;23,4;0;33,8;8,0;22,7;8,0;0;0;0,0;8;46,7;46,7;55,0;1;16400;20,6;77,1;8,0;60,0;0;109,9;8,0;8,0;0,00;0,00;0;0;48,2;146,0;6000;0;99;1879048192;0;0;0;0;0;0;0;0;0;0;0;33,8;46,7;1;0;0;109;0;0;0;0,0;3616;0;0;0;
22.08.2024;18:57:13;23,7;23,4;0;33,7;8,0;22,7;8,0;0;0;0,0;8;46,7;46,7;55,0;1;16400;20,7;76,9;8,0;60,0;0;108,0;8,0;8,0;0,00;0,00;0;0;48,2;146,0;6000;0;99;1879048192;0;0;0;0;0;0;0;0;0;0;0;33,7;46,7;1;0;0;109;0;0;0;0,0;3616;0;0;0;
22.08.2024;18:58:13;23,7;23,4;0;33,6;8,0;22,6;8,0;0;0;0,0;8;46,8;46,8;55,0;1;16400;20,6;76,7;8,0;60,0;0;106,2;8,0;8,0;0,00;0,00;0;0;48,2;146,0;6000;0;99;1879048192;0;0;0;0;0;0;0;0;0;0;0;33,6;46,8;1;0;0;109;0;0;0;0,0;3616;0;0;0;
22.08.2024;18:59:13;23,7;23,4;0;33,5;8,0;22,7;8,0;0;0;0,0;8;46,8;46,8;55,0;1;16400;20,8;76,5;8,0;60,0;0;104,4;8,0;8,0;0,00;0,00;0;0;48,2;146,0;6000;0;99;1879048192;0;0;0;0;0;0;0;0;0;0;0;33,5;46,8;1;0;0;109;0;0;0;0,0;3616;0;0;0;
22.08.2024;19:00:13;23,7;23,4;0;33,5;8,0;22,7;8,0;0;0;0,0;8;46,9;46,9;55,0;1;16400;20,6;76,2;8,0;60,0;0;102,9;8,0;8,0;0,00;0,00;0;0;48,1;146,0;6000;0;99;1879048192;0;0;0;0;0;0;0;0;0;0;0;33,5;46,9;1;0;0;109;0;0;0;0,0;3616;0;0;0;
22.08.2024;19:01:13;23,7;23,4;0;33,4;8,0;22,6;8,0;0;0;0,0;8;47,0;47,0;55,0;1;16400;20,5;76,0;8,0;60,0;0;101,4;8,0;8,0;0,00;0,00;0;0;48,3;146,0;6000;0;99;1879048192;0;0;0;0;0;0;0;0;0;1;0;33,4;47,0;1;0;0;109;0;0;0;0,0;3616;0;0;0;
22.08.2024;19:02:13;23,7;23,4;0;33,3;8,0;22,6;8,0;0;0;0,0;8;47,0;47,0;55,0;1;16400;20,6;75,8;70,0;60,0;0;99,9;8,0;8,0;0,00;0,00;0;0;48,1;146,0;6000;0;99;1879048192;0;0;0;0;0;0;0;0;0;1;0;33,3;47,0;1;0;0;109;0;0;0;0,0;3616;0;0;0;
22.08.2024;19:03:13;23,7;23,3;0;33,2;8,0;22,6;8,0;0;0;0,0;8;47,0;47,0;55,0;1;16400;20,6;75,5;70,0;60,0;0;98,7;8,0;8,0;0,00;0,00;0;0;48,2;146,0;6000;0;99;1879048192;0;0;0;0;0;0;0;0;0;1;0;33,2;47,0;1;0;0;109;0;0;0;0,0;3616;0;0;0;
22.08.2024;19:04:13;23,7;23,3;0;33,2;8,0;22,6;8,0;0;0;0,0;8;47,0;47,0;55,0;1;16400;20,6;75,4;70,0;60,0;0;97,5;8,0;8,0;0,00;0,00;0;0;48,2;146,0;6000;0;99;1879048192;0;0;0;0;0;0;0;0;0;1;0;33,2;47,0;1;0;0;109;0;0;0;0,0;3616;0;0;0;
22.08.2024;19:05:13;23,6;23,3;0;33,1;8,0;22,6;8,0;0;0;0,0;8;47,1;47,1;55,0;1;16400;20,6;75,1;70,0;60,0;0;96,1;8,0;8,0;0,00;0,00;0;0;48,1;146,0;6000;0;99;1879048192;0;0;0;0;0;0;0;0;0;1;0;33,1;47,1;1;0;0;109;0;0;0;0,0;3616;0;0;0;
22.08.2024;19:06:13;23,6;23,3;0;33,1;8,0;22,5;8,0;0;0;0,0;8;47,2;47,2;55,0;1;16400;20,6;74,9;70,0;60,0;0;95,0;8,0;8,0;0,00;0,00;0;0;48,2;146,0;6000;0;99;1879048192;0;0;0;0;0;0;0;0;0;0;0;33,1;47,2;1;0;0;109;0;0;0;0,0;3616;0;0;0;
22.08.2024;19:07:13;23,6;23,4;0;33,0;8,0;22,5;8,0;0;0;0,0;8;47,2;47,2;55,0;1;16400;20,6;74,6;70,0;60,0;0;94,1;8,0;8,0;0,00;0,00;0;0;48,3;146,0;6000;0;99;1879048192;0;0;0;0;0;0;0;0;0;0;0;33,0;47,2;1;0;0;109;0;0;0;0,0;3616;0;0;0;
22.08.2024;19:08:13;23,6;23,3;0;33,0;8,0;22,5;8,0;0;0;0,0;8;47,2;47,2;55,0;1;16400;20,5;74,4;70,0;60,0;0;93,0;8,0;8,0;0,00;0,00;0;0;48,2;146,0;6000;0;99;1879048192;0;0;0;0;0;0;0;0;0;0;0;33,0;47,2;1;0;0;109;0;0;0;0,0;3616;0;0;0;
22.08.2024;19:09:13;23,6;23,3;0;33,0;8,0;22,5;8,0;0;0;0,0;8;47,3;47,3;55,0;1;16400;20,5;74,2;70,0;60,0;0;92,3;8,0;8,0;0,00;0,00;0;0;48,3;146,0;6000;0;99;1879048192;0;0;0;0;0;0;0;0;0;0;0;33,0;47,3;1;0;0;109;0;0;0;0,0;3616;0;0;0;
22.08.2024;19:10:13;23,6;23,3;0;32,8;8,0;22,5;8,0;0;0;0,0;8;47,3;47,3;55,0;1;16400;20,6;73,9;70,0;60,0;0;91,5;8,0;8,0;0,00;0,00;0;0;48,4;146,0;6000;0;99;1879048192;0;0;0;0;0;0;0;0;0;0;0;32,8;47,3;1;0;0;109;0;0;0;0,0;3616;0;0;0;
22.08.2024;19:11:13;23,6;23,3;0;32,8;8,0;22,6;8,0;0;0;0,0;8;47,3;47,3;55,0;1;16400;20,5;73,8;70,0;60,0;0;90,7;8,0;8,0;0,00;0,00;0;0;48,1;146,0;6000;0;99;1879048192;0;0;0;0;0;0;0;0;0;0;0;32,8;47,3;1;0;0;109;0;0;0;0,0;3616;0;0;0;
22.08.2024;19:12:13;23,6;23,3;0;32,8;8,0;22,6;8,0;0;0;0,0;8;47,4;47,4;55,0;1;16400;20,7;73,6;70,0;60,0;0;89,9;8,0;8,0;0,00;0,00;0;0;48,2;146,0;6000;0;99;1879048192;0;0;0;0;0;0;0;0;0;0;0;32,8;47,4;1;0;0;109;0;0;0;0,0;3616;0;0;0;
22.08.2024;19:13:13;23,6;23,3;0;32,8;8,0;22,6;8,0;0;0;0,0;8;47,5;47,5;55,0;1;16400;20,5;73,3;70,0;60,0;0;89,1;8,0;8,0;0,00;0,00;0;0;48,2;146,0;6000;0;99;1879048192;0;0;0;0;0;0;0;0;0;0;0;32,8;47,5;1;0;0;109;0;0;0;0,0;3616;0;0;0;
22.08.2024;19:14:13;23,5;23,3;0;32,7;8,0;22,6;8,0;0;0;0,0;8;47,5;47,5;55,0;1;16400;20,6;73,1;70,0;60,0;0;88,4;8,0;8,0;0,00;0,00;0;0;48,1;146,0;6000;0;99;1879048192;0;0;0;0;0;0;0;0;0;0;0;32,7;47,5;1;0;0;109;0;0;0;0,0;3616;0;0;0;
22.08.2024;19:15:13;23,5;23,3;0;32,7;8,0;22,5;8,0;0;0;0,0;8;47,5;47,5;55,0;1;16400;20,5;73,0;70,0;60,0;0;87,6;8,0;8,0;0,00;0,00;0;0;48,1;146,0;6000;0;99;1879048192;0;0;0;0;0;0;0;0;0;0;0;32,7;47,5;1;0;0;109;0;0;0;0,0;3616;0;0;0;
22.08.2024;19:16:13;23,5;23,3;0;32,7;8,0;22,5;8,0;0;0;0,0;8;47,6;47,6;55,0;1;16400;20,5;72,7;70,0;60,0;0;86,8;8,0;8,0;0,00;0,00;0;0;48,1;146,0;6000;0;99;1879048192;0;0;0;0;0;0;0;0;0;0;0;32,7;47,6;1;0;0;109;0;0;0;0,0;3616;0;0;0;
22.08.2024;19:17:13;23,5;23,3;0;32,7;8,0;22,5;8,0;0;0;0,0;8;47,6;47,6;55,0;1;16400;20,8;72,5;70,0;60,0;0;86,3;8,0;8,0;0,00;0,00;0;0;48,1;146,0;6000;0;99;1879048192;0;0;0;0;0;0;0;0;0;0;0;32,7;47,6;1;0;0;109;0;0;0;0,0;3616;0;0;0;
22.08.2024;19:18:13;23,5;23,3;0;32,7;8,0;22,5;8,0;0;0;0,0;8;47,7;47,7;55,0;1;16400;20,5;72,3;70,0;60,0;0;85,6;8,0;8,0;0,00;0,00;0;0;48,2;146,0;6000;0;99;1879048192;0;0;0;0;0;0;0;0;0;0;0;32,7;47,7;1;0;0;109;0;0;0;0,0;3616;0;0;0;
22.08.2024;19:19:13;23,5;23,3;0;32,6;8,0;22,5;8,0;0;0;0,0;8;47,7;47,7;55,0;1;16400;20,6;72,1;70,0;60,0;0;85,1;8,0;8,0;0,00;0,00;0;0;48,1;146,0;6000;0;99;1879048192;0;0;0;0;0;0;0;0;0;0;0;32,6;47,7;1;0;0;109;0;0;0;0,0;3616;0;0;0;
22.08.2024;19:20:13;23,5;23,2;0;32,6;8,0;22,5;8,0;0;0;0,0;8;47,8;47,8;55,0;1;16400;20,8;71,9;70,0;60,0;0;84,4;8,0;8,0;0,00;0,00;0;0;48,2;146,0;6000;0;99;1879048192;0;0;0;0;0;0;0;0;0;0;0;32,6;47,8;1;0;0;109;0;0;0;0,0;3616;0;0;0;
22.08.2024;19:21:13;23,5;23,3;0;32,6;8,0;22,5;8,0;0;0;0,0;8;47,9;47,9;55,0;1;16400;20,6;71,7;70,0;60,0;0;84,0;8,0;8,0;0,00;0,00;0;0;48,1;146,0;6000;0;99;1879048192;0;0;0;0;0;0;0;0;0;0;0;32,6;47,9;1;0;0;109;0;0;0;0,0;3616;0;0;0;
22.08.2024;19:22:13;23,5;23,2;0;32,5;8,0;22,5;8,0;0;0;0,0;8;47,9;47,9;55,0;1;16400;20,4;71,5;70,0;60,0;0;83,4;8,0;8,0;0,00;0,00;0;0;48,1;146,0;6000;0;99;1879048192;0;0;0;0;0;0;0;0;0;0;0;32,5;47,9;1;0;0;109;0;0;0;0,0;3616;0;0;0;
22.08.2024;19:23:13;23,4;23,2;0;32,5;8,0;22,4;8,0;0;0;0,0;8;48,0;48,0;55,0;1;16400;20,6;71,4;70,0;60,0;0;83,0;8,0;8,0;0,00;0,00;0;0;48,0;146,0;6000;0;99;1879048192;0;0;0;0;0;0;0;0;0;0;0;32,5;48,0;1;0;0;109;0;0;0;0,0;3616;0;0;0;
22.08.2024;19:24:13;23,4;23,2;0;32,5;8,0;22,5;8,0;0;0;0,0;8;48,0;48,0;55,0;1;16400;20,5;71,2;70,0;60,0;0;82,5;8,0;8,0;0,00;0,00;0;0;48,1;146,0;6000;0;99;1879048192;0;0;0;0;0;0;0;0;0;0;0;32,5;48,0;1;0;0;109;0;0;0;0,0;3616;0;0;0;
22.08.2024;19:25:13;23,4;23,2;0;32,5;8,0;22,5;8,0;0;0;0,0;8;48,0;48,0;55,0;1;16400;20,4;71,0;70,0;60,0;0;82,1;8,0;8,0;0,00;0,00;0;0;48,0;146,0;6000;0;99;1879048192;0;0;0;0;0;0;0;0;0;0;0;32,5;48,0;1;0;0;109;0;0;0;0,0;3616;0;0;0;
22.08.2024;19:26:13;23,4;23,2;0;32,4;8,0;22,5;8,0;0;0;0,0;8;48,0;48,0;55,0;1;16400;20,4;70,8;70,0;60,0;0;81,6;8,0;8,0;0,00;0,00;0;0;48,1;146,0;6000;0;99;1879048192;0;0;0;0;0;0;0;0;0;0;0;32,4;48,0;1;0;0;109;0;0;0;0,0;3616;0;0;0;
22.08.2024;19:27:13;23,4;23,2;0;32,4;8,0;22,5;8,0;0;0;0,0;8;48,1;48,1;55,0;1;16400;20,4;70,6;70,0;60,0;0;81,2;8,0;8,0;0,00;0,00;0;0;48,1;146,0;6000;0;99;1879048192;0;0;0;0;0;0;0;0;0;0;0;32,4;48,1;1;0;0;109;0;0;0;0,0;3616;0;0;0;
22.08.2024;19:28:13;23,4;23,2;0;32,4;8,0;22,5;8,0;0;0;0,0;8;48,1;48,1;55,0;1;16400;20,3;70,4;70,0;60,0;0;80,7;8,0;8,0;0,00;0,00;0;0;48,0;146,0;6000;0;99;1879048192;0;0;0;0;0;0;0;0;0;0;0;32,4;48,1;1;0;0;109;0;0;0;0,0;3616;0;0;0;
22.08.2024;19:29:13;23,4;23,2;0;32,4;8,0;22,4;8,0;0;0;0,0;8;48,2;48,2;55,0;1;16400;20,8;70,3;70,0;60,0;0;80,3;8,0;8,0;0,00;0,00;0;0;48,0;146,0;6000;0;99;1879048192;0;0;0;0;0;0;0;0;0;0;0;32,4;48,2;1;0;0;109;0;0;0;0,0;3616;0;0;0;
22.08.2024;19:30:13;23,4;23,2;0;32,4;8,0;22,4;8,0;0;0;0,0;8;48,2;48,2;55,0;1;16400;20,3;70,1;70,0;60,0;0;79,8;8,0;8,0;0,00;0,00;0;0;48,0;146,0;6000;0;99;1879048192;0;0;0;0;0;0;0;0;0;0;0;32,4;48,2;1;0;0;109;0;0;0;0,0;3616;0;0;0;
22.08.2024;19:31:13;23,4;23,2;0;32,4;8,0;22,4;8,0;0;0;0,0;8;48,2;48,2;55,0;1;16400;20,3;69,9;70,0;60,0;0;79,4;8,0;8,0;0,00;0,00;0;0;48,0;146,0;6000;0;99;1879048192;0;0;0;0;0;0;0;0;0;0;0;32,4;48,2;1;0;0;109;0;0;0;0,0;3616;0;0;0;
22.08.2024;19:32:13;23,4;23,2;0;32,4;8,0;22,4;8,0;0;0;0,0;8;48,3;48,3;55,0;1;16400;20,4;69,8;70,0;60,0;0;79,1;8,0;8,0;0,00;0,00;0;0;48,0;146,0;6000;0;99;1879048192;0;0;0;0;0;0;0;0;0;0;0;32,4;48,3;1;0;0;109;0;0;0;0,0;3616;0;0;0;
22.08.2024;19:33:13;23,3;23,2;0;32,4;8,0;22,4;8,0;0;0;0,0;8;48,4;48,4;55,0;1;16400;20,3;69,6;70,0;60,0;0;78,7;8,0;8,0;0,00;0,00;0;0;48,1;146,0;6000;0;99;1879048192;0;0;0;0;0;0;0;0;0;0;0;32,4;48,4;1;0;0;109;0;0;0;0,0;3616;0;0;0;
22.08.2024;19:34:13;23,3;23,1;0;32,4;8,0;22,4;8,0;0;0;0,0;8;48,4;48,4;55,0;1;16400;20,2;69,4;70,0;60,0;0;78,4;8,0;8,0;0,00;0,00;0;0;48,0;146,0;6000;0;99;1879048192;0;0;0;0;0;0;0;0;0;0;0;32,4;48,4;1;0;0;109;0;0;0;0,0;3616;0;0;0;
22.08.2024;19:35:13;23,3;23,1;0;32,3;8,0;22,4;8,0;0;0;0,0;8;48,4;48,4;55,0;1;16400;20,1;69,3;70,0;60,0;0;78,0;8,0;8,0;0,00;0,00;0;0;48,1;146,0;6000;0;99;1879048192;0;0;0;0;0;0;0;0;0;0;0;32,3;48,4;1;0;0;109;0;0;0;0,0;3616;0;0;0;
22.08.2024;19:36:13;23,3;23,1;0;32,3;8,0;22,4;8,0;0;0;0,0;8;48,5;48,5;55,0;1;16400;20,3;69,1;70,0;60,0;0;77,8;8,0;8,0;0,00;0,00;0;0;48,0;146,0;6000;0;99;1879048192;0;0;0;0;0;0;0;0;0;0;0;32,3;48,5;1;0;0;109;0;0;0;0,0;3616;0;0;0;
22.08.2024;19:37:13;23,3;23,1;0;32,3;8,0;22,4;8,0;0;0;0,0;8;48,5;48,5;55,0;1;16400;20,3;69,0;70,0;60,0;0;77,4;8,0;8,0;0,00;0,00;0;0;48,2;146,0;6000;0;99;1879048192;0;0;0;0;0;0;0;0;0;0;0;32,3;48,5;1;0;0;109;0;0;0;0,0;3616;0;0;0;
22.08.2024;19:38:13;23,3;23,1;0;32,3;8,0;22,4;8,0;0;0;0,0;8;48,6;48,6;55,0;1;16400;20,4;68,8;70,0;60,0;0;77,1;8,0;8,0;0,00;0,00;0;0;48,0;146,0;6000;0;99;1879048192;0;0;0;0;0;0;0;0;0;0;0;32,3;48,6;1;0;0;109;0;0;0;0,0;3616;0;0;0;
22.08.2024;19:39:13;23,3;23,1;0;32,3;8,0;22,4;8,0;0;0;0,0;8;48,5;48,5;55,0;1;16400;20,4;68,6;70,0;60,0;0;76,7;8,0;8,0;0,00;0,00;0;0;48,0;146,0;6000;0;99;1879048192;0;0;0;0;0;0;0;0;0;0;0;32,3;48,5;1;0;0;109;0;0;0;0,0;3616;0;0;0;
22.08.2024;19:40:13;23,3;23,1;0;32,3;8,0;22,3;8,0;0;0;0,0;8;48,3;48,3;55,0;1;16400;20,4;68,5;70,0;60,0;0;76,6;8,0;8,0;0,00;0,00;0;0;48,0;146,0;6000;0;99;1879048192;0;0;0;0;0;0;0;0;0;0;0;32,3;48,3;1;0;0;109;0;0;0;0,0;3616;0;0;0;
22.08.2024;19:41:13;23,3;23,1;0;32,3;8,0;22,4;8,0;0;0;0,0;8;48,1;48,1;55,0;1;16400;20,2;68,3;70,0;60,0;0;76,2;8,0;8,0;0,00;0,00;0;0;48,0;146,0;6000;0;99;1879048192;0;0;0;0;0;0;0;0;0;0;0;32,3;48,1;1;0;0;109;0;0;0;0,0;3616;0;0;0;
22.08.2024;19:42:13;23,3;23,0;0;32,3;8,0;22,4;8,0;0;0;0,0;8;48,1;48,1;55,0;1;16400;20,3;68,2;70,0;60,0;0;75,8;8,0;8,0;0,00;0,00;0;0;48,1;146,0;6000;0;99;1879048192;0;0;0;0;0;0;0;0;0;0;0;32,3;48,1;1;0;0;109;0;0;0;0,0;3616;0;0;0;
22.08.2024;19:43:13;23,2;23,0;0;32,3;8,0;22,4;8,0;0;0;0,0;8;48,1;48,1;55,0;1;16400;20,4;68,1;70,0;60,0;0;75,7;8,0;8,0;0,00;0,00;0;0;48,0;146,0;6000;0;99;1879048192;0;0;0;0;0;0;0;0;0;0;0;32,3;48,1;1;0;0;109;0;0;0;0,0;3616;0;0;0;
22.08.2024;19:44:13;23,2;23,0;0;32,4;8,0;22,3;8,0;0;0;0,0;8;48,1;48,1;55,0;1;16400;20,2;67,9;70,0;60,0;0;75,5;8,0;8,0;0,00;0,00;0;0;48,0;146,0;6000;0;99;1879048192;0;0;0;0;0;0;0;0;0;0;0;32,4;48,1;1;0;0;109;0;0;0;0,0;3616;0;0;0;
22.08.2024;19:45:13;23,2;23,0;0;32,3;8,0;22,3;8,0;0;0;0,0;8;48,2;48,2;55,0;1;16400;20,2;67,7;70,0;60,0;0;75,2;8,0;8,0;0,00;0,00;0;0;48,1;146,0;6000;0;99;1879048192;0;0;0;0;0;0;0;0;0;0;0;32,3;48,2;1;0;0;109;0;0;0;0,0;3616;0;0;0;
22.08.2024;19:46:13;23,2;23,0;0;32,3;8,0;22,2;8,0;0;0;0,0;8;48,2;48,2;55,0;1;16400;20,3;67,6;70,0;60,0;0;74,9;8,0;8,0;0,00;0,00;0;0;47,9;146,0;6000;0;99;1879048192;0;0;0;0;0;0;0;0;0;0;0;32,3;48,2;1;0;0;109;0;0;0;0,0;3616;0;0;0;
22.08.2024;19:47:13;23,2;23,0;0;32,3;8,0;22,2;8,0;0;0;0,0;8;48,2;48,2;55,0;1;16400;20,4;67,4;70,0;60,0;0;74,6;8,0;8,0;0,00;0,00;0;0;47,9;146,0;6000;0;99;1879048192;0;0;0;0;0;0;0;0;0;0;0;32,3;48,2;1;0;0;109;0;0;0;0,0;3616;0;0;0;
22.08.2024;19:48:13;23,2;23,0;0;32,3;8,0;22,2;8,0;0;0;0,0;8;48,0;48,0;55,0;1;16400;20,3;67,3;70,0;60,0;0;74,4;8,0;8,0;0,00;0,00;0;0;48,0;146,0;6000;0;99;1879048192;0;0;0;0;0;0;0;0;0;0;0;32,3;48,0;1;0;0;109;0;0;0;0,0;3616;0;0;0;
22.08.2024;19:49:13;23,2;23,0;0;32,3;8,0;22,2;8,0;0;0;0,0;8;47,7;47,7;55,0;1;16400;20,1;67,2;70,0;60,0;0;74,2;8,0;8,0;0,00;0,00;0;0;48,0;146,0;6000;0;99;1879048192;0;0;0;0;0;0;0;0;0;0;0;32,3;47,7;1;0;0;109;0;0;0;0,0;3616;0;0;0;
22.08.2024;19:50:13;23,2;23,0;0;32,3;8,0;22,2;8,0;0;0;0,0;8;47,6;47,6;55,0;1;16400;20,2;67,1;70,0;60,0;0;73,8;8,0;8,0;0,00;0,00;0;0;48,0;146,0;6000;0;99;1879048192;0;0;0;0;0;0;0;0;0;0;0;32,3;47,6;1;0;0;109;0;0;0;0,0;3616;0;0;0;
22.08.2024;19:51:13;23,2;22,9;0;32,3;8,0;22,2;8,0;0;0;0,0;8;47,5;47,5;55,0;1;16400;20,2;66,9;70,0;60,0;0;73,6;8,0;8,0;0,00;0,00;0;0;47,9;146,0;6000;0;99;1879048192;0;0;0;0;0;0;0;0;0;0;0;32,3;47,5;1;0;0;109;0;0;0;0,0;3616;0;0;0;
22.08.2024;19:52:13;23,2;22,9;0;32,3;8,0;22,2;8,0;0;0;0,0;8;47,5;47,5;55,0;1;16400;20,1;66,8;70,0;60,0;0;73,4;8,0;8,0;0,00;0,00;0;0;47,9;146,0;6000;0;99;1879048192;0;0;0;0;0;0;0;0;0;0;0;32,3;47,5;1;0;0;109;0;0;0;0,0;3616;0;0;0;
22.08.2024;19:53:13;23,2;22,9;0;32,3;8,0;22,2;8,0;0;0;0,0;8;47,5;47,5;55,0;1;16400;20,3;66,7;70,0;60,0;0;73,3;8,0;8,0;0,00;0,00;0;0;48,0;146,0;6000;0;99;1879048192;0;0;0;0;0;0;0;0;0;0;0;32,3;47,5;1;0;0;109;0;0;0;0,0;3616;0;0;0;
22.08.2024;19:54:13;23,1;22,9;0;32,3;8,0;22,2;8,0;0;0;0,0;8;47,6;47,6;55,0;1;16400;20,3;66,5;70,0;60,0;0;73,0;8,0;8,0;0,00;0,00;0;0;47,9;146,0;6000;0;99;1879048192;0;0;0;0;0;0;0;0;0;0;0;32,3;47,6;1;0;0;109;0;0;0;0,0;3616;0;0;0;
22.08.2024;19:55:13;23,1;22,9;0;32,3;8,0;22,2;8,0;0;0;0,0;8;47,5;47,5;55,0;1;16400;20,2;66,4;70,0;60,0;0;72,8;8,0;8,0;0,00;0,00;0;0;47,9;146,0;6000;0;99;1879048192;0;0;0;0;0;0;0;0;0;0;0;32,3;47,5;1;0;0;109;0;0;0;0,0;3616;0;0;0;
22.08.2024;19:56:13;23,1;22,9;0;32,3;8,0;22,2;8,0;0;0;0,0;8;47,6;47,6;55,0;1;16400;20,3;66,3;70,0;60,0;0;72,5;8,0;8,0;0,00;0,00;0;0;47,9;146,0;6000;0;99;1879048192;0;0;0;0;0;0;0;0;0;0;0;32,3;47,6;1;0;0;109;0;0;0;0,0;3616;0;0;0;
22.08.2024;19:57:13;23,1;22,8;0;32,3;8,0;22,2;8,0;0;0;0,0;8;47,6;47,6;55,0;1;16400;20,3;66,3;70,0;60,0;0;72,4;8,0;8,0;0,00;0,00;0;0;47,9;146,0;6000;0;99;1879048192;0;0;0;0;0;0;0;0;0;0;0;32,3;47,6;1;0;0;109;0;0;0;0,0;3616;0;0;0;
22.08.2024;19:58:13;23,1;22,8;0;32,3;8,0;22,2;8,0;0;0;0,0;8;47,6;47,6;55,0;1;16400;20,2;66,2;70,0;60,0;0;72,2;8,0;8,0;0,00;0,00;0;0;48,0;146,0;6000;0;99;1879048192;0;0;0;0;0;0;0;0;0;0;0;32,3;47,6;1;0;0;109;0;0;0;0,0;3616;0;0;0;
22.08.2024;19:59:13;23,1;22,8;0;32,3;8,0;22,2;8,0;0;0;0,0;8;47,6;47,6;55,0;1;16400;20,3;66,0;70,0;60,0;0;72,1;8,0;8,0;0,00;0,00;0;0;47,9;146,0;6000;0;99;-2147483648;0;0;0;0;0;0;0;0;0;0;0;32,3;47,6;1;0;0;109;0;0;0;0,0;3616;0;0;0;
22.08.2024;20:00:13;23,1;22,8;0;32,3;8,0;22,2;8,0;0;0;0,0;8;47,6;47,6;55,0;1;16400;20,4;65,8;70,0;60,0;0;72,0;120,0;120,0;0,00;0,00;60;44;139,3;125,0;6000;0;2;4;0;0;0;0;1;0;0;0;0;0;0;32,3;47,6;1;0;0;109;0;0;0;0,0;3616;0;0;0;
22.08.2024;20:01:13;23,1;22,7;0;32,3;8,0;22,3;8,0;0;0;0,0;8;47,6;47,6;25,0;1;8328;20,1;65,7;70,0;60,0;0;71,1;120,0;120,0;70,00;30,00;60;38;125,7;125,0;6000;0;2;4;0;0;0;0;1;0;0;0;0;0;0;32,3;47,6;1;0;0;108;0;0;0;0,0;3616;0;0;0;
22.08.2024;20:02:13;23,1;22,7;0;32,3;8,0;22,3;8,0;0;0;0,0;8;47,6;47,6;25,0;1;8328;20,4;65,7;70,0;60,0;0;71,5;120,0;120,0;0,00;0,00;60;38;125,4;125,0;6000;0;2;4;0;0;0;0;1;0;0;0;0;0;0;32,3;47,6;1;0;0;108;0;0;0;0,0;3616;0;0;0;
22.08.2024;20:03:13;23,1;22,7;0;32,3;8,0;22,3;8,0;0;0;0,0;8;47,7;47,7;25,0;1;8328;20,3;65,5;70,0;60,0;0;94,5;120,0;120,0;0,00;0,00;60;39;125,3;125,0;6000;0;2;4;0;0;0;0;1;0;0;0;0;0;0;32,3;47,7;1;0;0;108;0;0;0;0,0;3616;0;0;0;
22.08.2024;20:04:13;23,0;22,7;0;32,4;8,0;22,3;8,0;0;0;0,0;8;47,7;47,7;25,0;1;8328;20,3;65,5;70,0;60,0;0;167,9;120,0;120,0;0,00;0,00;65;40;125,0;125,0;6000;0;3;8;0;0;0;0;0;0;0;0;0;0;0;32,4;47,7;1;0;0;108;0;0;0;0,0;3616;0;0;0;
22.08.2024;20:05:13;23,0;22,7;0;32,6;8,0;22,4;8,0;0;0;0,0;8;47,7;47,7;25,0;1;8328;20,3;66,1;70,0;60,0;0;264,5;120,0;120,0;0,00;0,00;65;40;126,0;125,0;6000;0;3;268435464;0;0;0;0;0;0;0;0;0;0;0;32,6;47,7;1;0;0;108;0;0;0;0,0;3616;0;0;0;
22.08.2024;20:06:13;23,0;22,7;0;32,9;8,0;22,4;8,0;0;0;0,0;8;47,8;47,8;25,0;1;8328;20,4;67,1;70,0;60,0;0;326,8;120,0;120,0;0,00;0,00;65;40;125,9;125,0;6000;0;3;268435464;0;0;0;0;0;0;0;0;0;0;0;32,9;47,8;1;0;0;108;0;0;0;0,0;3616;0;0;0;
22.08.2024;20:07:13;23,0;22,6;0;33,2;8,0;22,4;8,0;0;0;0,0;8;47,8;47,8;25,0;1;8328;20,4;68,6;70,0;60,0;0;368,7;120,0;120,0;0,00;0,00;65;40;125,8;125,0;6000;0;3;268435464;0;0;0;0;0;0;0;0;0;0;0;33,2;47,8;1;0;0;108;0;0;0;0,0;3616;0;0;0;
22.08.2024;20:08:13;23,0;22,6;0;33,6;8,0;22,4;8,0;0;0;0,0;8;47,8;47,8;25,0;1;8328;20,5;70,1;70,0;60,0;0;377,8;120,0;120,0;0,00;0,00;65;40;124,8;125,0;6000;0;3;268435464;0;0;0;0;0;0;0;0;0;0;0;33,6;47,8;1;0;0;108;0;0;0;0,0;3616;0;0;0;
22.08.2024;20:09:13;23,0;22,6;0;34,1;8,0;22,3;8,0;0;0;0,0;8;47,9;47,9;25,0;1;8328;20,4;71,4;70,0;60,0;0;374,3;120,0;120,0;0,00;0,00;65;40;125,3;125,0;6000;0;3;268435464;0;0;0;0;0;0;0;0;0;0;0;34,1;47,9;1;0;0;108;0;0;0;0,0;3616;0;0;0;
22.08.2024;20:10:13;23,0;22,6;0;34,6;8,0;22,3;8,0;0;0;0,0;8;47,9;47,9;25,0;1;8328;20,4;72,5;8,0;60,0;0;355,0;8,0;8,0;0,00;0,00;53;45;126,2;125,0;6000;0;5;268435488;0;0;0;0;0;0;0;0;0;0;0;34,6;47,9;1;0;0;108;0;0;0;0,0;3616;0;0;0;
22.08.2024;20:11:13;23,0;22,6;0;34,9;8,0;22,3;8,0;0;0;0,0;8;48,0;48,0;25,0;0;8200;20,4;73,2;8,0;60,0;0;330,1;8,0;8,0;0,00;0,00;50;46;124,8;125,0;6000;0;5;268435488;0;0;0;0;0;0;0;0;0;0;0;34,9;48,0;1;0;0;108;0;0;0;0,0;3616;0;0;0;
22.08.2024;20:12:13;23,0;22,6;0;35,2;8,0;22,3;8,0;0;0;0,0;8;48,0;48,0;25,0;0;8200;20,4;73,6;8,0;60,0;0;308,0;8,0;8,0;0,00;0,00;46;46;125,4;125,0;6000;0;5;268435488;0;0;0;0;0;0;0;0;0;0;0;35,2;48,0;1;0;0;108;0;0;0;0,0;3616;0;0;0;
22.08.2024;20:13:13;22,9;22,5;0;35,4;8,0;22,3;8,0;0;0;0,0;8;48,1;48,1;25,0;0;8200;20,3;74,0;8,0;60,0;0;287,6;8,0;8,0;0,00;0,00;43;46;125,6;125,0;6000;0;5;268435488;0;0;0;0;0;0;0;0;0;0;0;35,4;48,1;1;0;0;108;0;0;0;0,0;3616;0;0;0;
22.08.2024;20:14:13;22,9;22,5;0;35,6;8,0;22,3;8,0;0;0;0,0;8;48,1;48,1;25,0;0;8200;20,4;74,2;8,0;60,0;0;270,5;8,0;8,0;0,00;0,00;39;46;125,3;125,0;6000;0;5;268435488;0;0;0;0;0;0;0;0;0;0;0;35,6;48,1;1;0;0;108;0;0;0;0,0;3616;0;0;0;
22.08.2024;20:15:13;22,9;22,6;0;35,7;8,0;22,4;8,0;0;0;0,0;8;48,2;48,2;25,0;0;8200;20,6;74,4;8,0;60,0;0;256,2;8,0;8,0;0,00;0,00;36;49;126,0;125,0;6000;0;5;268435488;0;0;0;0;0;0;0;0;0;0;0;35,7;48,2;1;0;0;108;0;0;0;0,0;3616;0;0;0;
22.08.2024;20:16:13;22,9;22,5;0;35,8;8,0;22,4;8,0;0;0;0,0;8;48,1;48,1;25,0;0;8200;20,4;74,7;8,0;60,0;0;243,3;8,0;8,0;0,00;0,00;32;49;124,2;125,0;6000;0;5;268435488;0;0;0;0;0;0;0;0;0;0;0;35,8;48,1;1;0;0;108;0;0;0;0,0;3616;0;0;0;
22.08.2024;20:17:13;22,9;22,5;0;36,0;8,0;22,4;8,0;0;0;0,0;8;48,1;48,1;25,0;0;8200;20,4;74,9;8,0;60,0;0;230,4;8,0;8,0;0,00;0,00;0;25;61,5;125,0;6000;0;5;268435488;0;0;0;0;0;0;0;0;0;0;0;36,0;48,1;1;0;0;108;0;0;0;0,0;3616;0;0;0;
22.08.2024;20:18:13;22,9;22,5;0;36,1;8,0;22,4;8,0;0;0;0,0;8;48,2;48,2;25,0;0;8200;20,2;75,1;8,0;60,0;0;216,7;8,0;8,0;0,00;0,00;0;20;53,7;125,0;6000;0;5;268435488;0;0;0;0;0;0;0;0;0;0;0;36,1;48,2;1;0;0;108;0;0;0;0,0;3616;0;0;0;
22.08.2024;20:19:13;22,9;22,4;0;36,1;8,0;22,4;8,0;0;0;0,0;8;48,1;48,1;25,0;0;8200;20,4;75,2;8,0;60,0;0;201,8;8,0;8,0;0,00;0,00;0;18;52,7;125,0;6000;0;5;268435488;0;0;0;0;0;0;0;0;0;0;0;36,1;48,1;1;0;0;108;0;0;0;0,0;3616;0;0;0;
22.08.2024;20:20:13;22,8;22,4;0;36,1;8,0;22,3;8,0;0;0;0,0;8;48,2;48,2;25,0;0;8200;20,4;75,3;8,0;60,0;0;188,5;8,0;8,0;0,00;0,00;0;18;53,0;125,0;6000;0;5;268435488;0;0;0;0;0;0;0;0;0;0;0;36,1;48,2;1;0;0;108;0;0;0;0,0;3616;0;0;0;
22.08.2024;20:21:13;22,8;22,4;0;36,1;8,0;22,3;8,0;0;0;0,0;8;48,2;48,2;25,0;0;8200;20,4;75,3;8,0;60,0;0;177,0;8,0;8,0;0,00;0,00;0;18;52,7;125,0;6000;0;5;268435488;0;0;0;0;0;0;0;0;0;0;0;36,1;48,2;1;0;0;108;0;0;0;0,0;3616;0;0;0;
22.08.2024;20:22:13;22,8;22,4;0;36,1;8,0;22,3;8,0;0;0;0,0;8;48,3;48,3;25,0;0;8200;20,4;75,3;8,0;60,0;0;167,1;8,0;8,0;0,00;0,00;0;18;52,7;125,0;6000;0;5;268435488;0;0;0;0;0;0;0;0;0;0;0;36,1;48,3;1;0;0;108;0;0;0;0,0;3616;0;0;0;
22.08.2024;20:23:13;22,8;22,4;0;36,1;8,0;22,3;8,0;0;0;0,0;8;48,2;48,2;25,0;0;8200;20,4;75,3;8,0;60,0;0;158,4;8,0;8,0;0,00;0,00;0;18;52,7;125,0;6000;0;5;268435488;0;0;0;0;0;0;0;0;0;0;0;36,1;48,2;1;0;0;108;0;0;0;0,0;3616;0;0;0;
22.08.2024;20:24:13;22,8;22,4;0;36,0;8,0;22,3;8,0;0;0;0,0;8;48,2;48,2;25,0;0;8200;20,4;75,3;8,0;60,0;0;150,9;8,0;8,0;0,00;0,00;0;0;48,5;146,0;6000;0;99;1879048192;0;0;0;0;0;0;0;0;0;0;0;36,0;48,2;1;0;0;108;0;0;0;0,0;3616;0;0;0;
22.08.2024;20:25:13;22,8;22,4;0;36,0;8,0;22,3;8,0;0;0;0,0;8;48,2;48,2;25,0;0;8200;20,4;75,3;8,0;60,0;0;144,9;8,0;8,0;0,00;0,00;0;0;48,5;146,0;6000;0;99;1879048192;0;0;0;0;0;0;0;0;0;0;0;36,0;48,2;1;0;0;108;0;0;0;0,0;3616;0;0;0;
22.08.2024;20:26:13;22,8;22,4;0;36,0;8,0;22,3;8,0;0;0;0,0;8;48,2;48,2;25,0;0;8200;20,4;75,2;8,0;60,0;0;139,6;8,0;8,0;0,00;0,00;0;0;48,6;146,0;6000;0;99;1879048192;0;0;0;0;0;0;0;0;0;0;0;36,0;48,2;1;0;0;108;0;0;0;0,0;3616;0;0;0;
22.08.2024;20:27:13;22,8;22,3;0;36,0;8,0;22,4;8,0;0;0;0,0;8;48,2;48,2;25,0;0;8200;20,8;75,2;8,0;60,0;0;134,9;8,0;8,0;0,00;0,00;0;0;48,6;146,0;6000;0;99;1879048192;0;0;0;0;0;0;0;0;0;0;0;36,0;48,2;1;0;0;108;0;0;0;0,0;3616;0;0;0;
22.08.2024;20:28:13;22,7;22,3;0;35,9;8,0;22,4;8,0;0;0;0,0;8;48,2;48,2;25,0;0;8200;20,4;75,2;8,0;60,0;0;130,7;8,0;8,0;0,00;0,00;0;0;48,5;146,0;6000;0;99;1879048192;0;0;0;0;0;0;0;0;0;0;0;35,9;48,2;1;0;0;108;0;0;0;0,0;3616;0;0;0;
22.08.2024;20:29:13;22,7;22,3;0;35,8;8,0;22,4;8,0;0;0;0,0;8;48,2;48,2;25,0;0;8200;20,4;75,1;8,0;60,0;0;127,0;8,0;8,0;0,00;0,00;0;0;48,4;146,0;6000;0;99;1879048192;0;0;0;0;0;0;0;0;0;0;0;35,8;48,2;1;0;0;108;0;0;0;0,0;3616;0;0;0;
22.08.2024;20:30:13;22,7;22,3;0;35,8;8,0;22,4;8,0;0;0;0,0;8;48,2;48,2;25,0;0;8200;20,5;75,1;8,0;60,0;0;123,6;8,0;8,0;0,00;0,00;0;0;48,5;146,0;6000;0;99;1879048192;0;0;0;0;0;0;0;0;0;0;0;35,8;48,2;1;0;0;108;0;0;0;0,0;3616;0;0;0;
22.08.2024;20:31:13;22,7;22,3;0;35,8;8,0;22,4;8,0;0;0;0,0;8;48,2;48,2;25,0;0;8200;20,7;75,0;8,0;60,0;0;120,5;8,0;8,0;0,00;0,00;0;0;48,5;146,0;6000;0;99;1879048192;0;0;0;0;0;0;0;0;0;0;0;35,8;48,2;1;0;0;108;0;0;0;0,0;3616;0;0;0;
22.08.2024;20:32:13;22,7;22,2;0;35,8;8,0;22,4;8,0;0;0;0,0;8;48,2;48,2;25,0;0;8200;20,4;75,0;8,0;60,0;0;117,8;8,0;8,0;0,00;0,00;0;0;48,4;146,0;6000;0;99;1879048192;0;0;0;0;0;0;0;0;0;0;0;35,8;48,2;1;0;0;108;0;0;0;0,0;3616;0;0;0;
22.08.2024;20:33:13;22,7;22,3;0;35,8;8,0;22,4;8,0;0;0;0,0;8;48,3;48,3;25,0;0;8200;20,5;74,9;8,0;60,0;0;115,1;8,0;8,0;0,00;0,00;0;0;48,4;146,0;6000;0;99;1879048192;0;0;0;0;0;0;0;0;0;0;0;35,8;48,3;1;0;0;108;0;0;0;0,0;3616;0;0;0;
22.08.2024;20:34:13;22,6;22,2;0;35,7;8,0;22,4;8,0;0;0;0,0;8;48,2;48,2;25,0;0;8200;20,4;74,8;8,0;60,0;0;112,7;8,0;8,0;0,00;0,00;0;0;48,4;146,0;6000;0;99;1879048192;0;0;0;0;0;0;0;0;0;0;0;35,7;48,2;1;0;0;108;0;0;0;0,0;3616;0;0;0;
22.08.2024;20:35:13;22,6;22,1;0;35,6;8,0;22,4;8,0;0;0;0,0;8;48,2;48,2;25,0;0;8200;20,4;74,8;8,0;60,0;0;110,8;8,0;8,0;0,00;0,00;0;0;48,3;146,0;6000;0;99;1879048192;0;0;0;0;0;0;0;0;0;0;0;35,6;48,2;1;0;0;108;0;0;0;0,0;3616;0;0;0;
22.08.2024;20:36:13;22,6;22,2;0;35,6;8,0;22,4;8,0;0;0;0,0;8;48,2;48,2;25,0;0;8200;20,6;74,7;8,0;60,0;0;108,7;8,0;8,0;0,00;0,00;0;0;48,3;146,0;6000;0;99;1879048192;0;0;0;0;0;0;0;0;0;0;0;35,6;48,2;1;0;0;108;0;0;0;0,0;3616;0;0;0;
22.08.2024;20:37:13;22,6;22,1;0;35,6;8,0;22,4;8,0;0;0;0,0;8;48,2;48,2;25,0;0;8200;20,4;74,6;8,0;60,0;0;106,9;8,0;8,0;0,00;0,00;0;0;48,4;146,0;6000;0;99;1879048192;0;0;0;0;0;0;0;0;0;0;0;35,6;48,2;1;0;0;108;0;0;0;0,0;3616;0;0;0;
22.08.2024;20:38:13;22,6;22,1;0;35,5;8,0;22,4;8,0;0;0;0,0;8;48,2;48,2;25,0;0;8200;20,4;74,5;8,0;60,0;0;105,2;8,0;8,0;0,00;0,00;0;0;48,4;146,0;6000;0;99;1879048192;0;0;0;0;0;0;0;0;0;0;0;35,5;48,2;1;0;0;108;0;0;0;0,0;3616;0;0;0;
22.08.2024;20:39:13;22,6;22,1;0;35,5;8,0;22,4;8,0;0;0;0,0;8;48,2;48,2;25,0;0;8200;20,4;74,5;8,0;60,0;0;103,8;8,0;8,0;0,00;0,00;0;0;48,4;146,0;6000;0;99;1879048192;0;0;0;0;0;0;0;0;0;0;0;35,5;48,2;1;0;0;108;0;0;0;0,0;3616;0;0;0;
22.08.2024;20:40:13;22,5;22,1;0;35,5;8,0;22,4;8,0;0;0;0,0;8;48,2;48,2;25,0;0;8200;20,4;74,4;8,0;60,0;0;102,3;8,0;8,0;0,00;0,00;0;0;48,3;146,0;6000;0;99;1879048192;0;0;0;0;0;0;0;0;0;0;0;35,5;48,2;1;0;0;108;0;0;0;0,0;3616;0;0;0;
22.08.2024;20:41:13;22,5;22,1;0;35,4;8,0;22,4;8,0;0;0;0,0;8;48,2;48,2;25,0;0;8200;20,4;74,4;8,0;60,0;0;100,9;8,0;8,0;0,00;0,00;0;0;48,3;146,0;6000;0;99;1879048192;0;0;0;0;0;0;0;0;0;0;0;35,4;48,2;1;0;0;108;0;0;0;0,0;3616;0;0;0;
22.08.2024;20:42:13;22,5;22,1;0;35,4;8,0;22,4;8,0;0;0;0,0;8;48,2;48,2;25,0;0;8200;20,5;74,3;8,0;60,0;0;99,8;8,0;8,0;0,00;0,00;0;0;48,4;146,0;6000;0;99;1879048192;0;0;0;0;0;0;0;0;0;0;0;35,4;48,2;1;0;0;108;0;0;0;0,0;3616;0;0;0;
22.08.2024;20:43:13;22,5;22,0;0;35,4;8,0;22,4;8,0;0;0;0,0;8;48,2;48,2;25,0;0;8200;20,7;74,2;8,0;60,0;0;98,6;8,0;8,0;0,00;0,00;0;0;48,4;146,0;6000;0;99;1879048192;0;0;0;0;0;0;0;0;0;0;0;35,4;48,2;1;0;0;108;0;0;0;0,0;3616;0;0;0;
22.08.2024;20:44:13;22,5;22,0;0;35,4;8,0;22,4;8,0;0;0;0,0;8;48,2;48,2;25,0;0;8200;20,4;74,1;8,0;60,0;0;97,5;8,0;8,0;0,00;0,00;0;0;48,4;146,0;6000;0;99;1879048192;0;0;0;0;0;0;0;0;0;0;0;35,4;48,2;1;0;0;108;0;0;0;0,0;3616;0;0;0;
22.08.2024;20:45:13;22,5;22,0;0;35,3;8,0;22,4;8,0;0;0;0,0;8;48,2;48,2;25,0;0;8200;20,5;74,0;8,0;60,0;0;96,4;8,0;8,0;0,00;0,00;0;0;48,4;146,0;6000;0;99;1879048192;0;0;0;0;0;0;0;0;0;0;0;35,3;48,2;1;0;0;108;0;0;0;0,0;3616;0;0;0;
22.08.2024;20:46:13;22,5;22,0;0;35,3;8,0;22,4;8,0;0;0;0,0;8;48,2;48,2;25,0;0;8200;20,6;74,0;8,0;60,0;0;95,6;8,0;8,0;0,00;0,00;0;0;48,3;146,0;6000;0;99;1879048192;0;0;0;0;0;0;0;0;0;0;0;35,3;48,2;1;0;0;108;0;0;0;0,0;3616;0;0;0;
22.08.2024;20:47:13;22,4;22,0;0;35,3;8,0;22,4;8,0;0;0;0,0;8;48,2;48,2;25,0;0;8200;20,4;73,9;8,0;60,0;0;94,6;8,0;8,0;0,00;0,00;0;0;48,3;146,0;6000;0;99;1879048192;0;0;0;0;0;0;0;0;0;0;0;35,3;48,2;1;0;0;108;0;0;0;0,0;3616;0;0;0;
22.08.2024;20:48:13;22,4;22,0;0;35,2;8,0;22,4;8,0;0;0;0,0;8;48,2;48,2;25,0;0;8200;20,4;73,9;8,0;60,0;0;93,9;8,0;8,0;0,00;0,00;0;0;48,4;146,0;6000;0;99;1879048192;0;0;0;0;0;0;0;0;0;0;0;35,2;48,2;1;0;0;108;0;0;0;0,0;3616;0;0;0;
22.08.2024;20:49:13;22,4;22,0;0;35,2;8,0;22,4;8,0;0;0;0,0;8;48,2;48,2;25,0;0;8200;20,5;73,8;8,0;60,0;0;93,0;8,0;8,0;0,00;0,00;0;0;48,3;146,0;6000;0;99;1879048192;0;0;0;0;0;0;0;0;0;0;0;35,2;48,2;1;0;0;108;0;0;0;0,0;3616;0;0;0;
22.08.2024;20:50:13;22,4;22,0;0;35,2;8,0;22,4;8,0;0;0;0,0;8;48,2;48,2;25,0;0;8200;20,5;73,7;8,0;60,0;0;92,2;8,0;8,0;0,00;0,00;0;0;48,2;146,0;6000;0;99;1879048192;0;0;0;0;0;0;0;0;0;0;0;35,2;48,2;1;0;0;108;0;0;0;0,0;3616;0;0;0;
22.08.2024;20:51:13;22,4;21,9;0;35,1;8,0;22,4;8,0;0;0;0,0;8;48,1;48,1;25,0;0;8200;20,4;73,6;8,0;60,0;0;91,6;8,0;8,0;0,00;0,00;0;0;48,4;146,0;6000;0;99;1879048192;0;0;0;0;0;0;0;0;0;0;0;35,1;48,2;1;0;0;108;0;0;0;0,0;3616;0;0;0;
22.08.2024;20:52:13;22,4;21,9;0;35,1;8,0;22,4;8,0;0;0;0,0;8;48,2;48,2;25,0;0;8200;20,4;73,5;8,0;60,0;0;91,0;8,0;8,0;0,00;0,00;0;0;48,3;146,0;6000;0;99;1879048192;0;0;0;0;0;0;0;0;0;0;0;35,1;48,2;1;0;0;108;0;0;0;0,0;3616;0;0;0;
22.08.2024;20:53:13;22,4;21,9;0;35,1;8,0;22,4;8,0;0;0;0,0;8;48,1;48,1;25,0;0;8200;20,5;73,5;8,0;60,0;0;90,2;8,0;8,0;0,00;0,00;0;0;48,2;146,0;6000;0;99;1879048192;0;0;0;0;0;0;0;0;0;0;0;35,1;48,1;1;0;0;108;0;0;0;0,0;3616;0;0;0;
22.08.2024;20:54:13;22,3;21,9;0;35,1;8,0;22,4;8,0;0;0;0,0;8;48,2;48,2;25,0;0;8200;20,6;73,4;8,0;60,0;0;89,6;8,0;8,0;0,00;0,00;0;0;48,2;146,0;6000;0;99;1879048192;0;0;0;0;0;0;0;0;0;0;0;35,1;48,2;1;0;0;108;0;0;0;0,0;3616;0;0;0;
22.08.2024;20:55:13;22,3;21,9;0;35,1;8,0;22,4;8,0;0;0;0,0;8;48,1;48,1;25,0;0;8200;20,4;73,4;8,0;60,0;0;89,1;8,0;8,0;0,00;0,00;0;0;48,3;146,0;6000;0;99;1879048192;0;0;0;0;0;0;0;0;0;0;0;35,1;48,1;1;0;0;108;0;0;0;0,0;3616;0;0;0;
22.08.2024;20:56:13;22,3;21,9;0;35,0;8,0;22,4;8,0;0;0;0,0;8;48,1;48,1;25,0;0;8200;20,4;73,3;8,0;60,0;0;88,6;8,0;8,0;0,00;0,00;0;0;48,3;146,0;6000;0;99;1879048192;0;0;0;0;0;0;0;0;0;0;0;35,0;48,1;1;0;0;108;0;0;0;0,0;3616;0;0;0;
22.08.2024;20:57:13;22,3;21,8;0;35,0;8,0;22,4;8,0;0;0;0,0;8;48,1;48,1;25,0;0;8200;20,5;73,2;8,0;60,0;0;88,0;8,0;8,0;0,00;0,00;0;0;48,2;146,0;6000;0;99;1879048192;0;0;0;0;0;0;0;0;0;0;0;35,0;48,1;1;0;0;108;0;0;0;0,0;3616;0;0;0;
22.08.2024;20:58:13;22,3;21,9;0;35,0;8,0;22,4;8,0;0;0;0,0;8;48,1;48,1;25,0;0;8200;20,5;73,1;8,0;60,0;0;87,5;8,0;8,0;0,00;0,00;0;0;48,3;146,0;6000;0;99;1879048192;0;0;0;0;0;0;0;0;0;0;0;35,0;48,1;1;0;0;108;0;0;0;0,0;3616;0;0;0;
22.08.2024;20:59:13;22,3;21,9;0;34,9;8,0;22,4;8,0;0;0;0,0;8;48,1;48,1;25,0;0;8200;20,5;73,0;8,0;60,0;0;87,1;8,0;8,0;0,00;0,00;0;0;48,4;146,0;6000;0;99;1879048192;0;0;0;0;0;0;0;0;0;0;0;34,9;48,1;1;0;0;108;0;0;0;0,0;3616;0;0;0;
22.08.2024;21:00:13;22,2;21,9;0;34,9;8,0;22,5;8,0;0;0;0,0;8;48,0;48,0;25,0;0;8200;20,6;73,0;8,0;60,0;0;86,6;8,0;8,0;0,00;0,00;0;0;48,4;146,0;6000;0;99;1879048192;0;0;0;0;0;0;0;0;0;0;0;34,9;48,0;1;0;0;108;0;0;0;0,0;3616;0;0;0;
22.08.2024;21:01:13;22,2;21,9;0;34,9;8,0;22,5;8,0;0;0;0,0;8;48,0;48,0;25,0;0;8200;20,5;72,9;8,0;60,0;0;86,1;8,0;8,0;0,00;0,00;0;0;48,5;146,0;6000;0;99;1879048192;0;0;0;0;0;0;0;0;0;0;0;34,9;48,0;1;0;0;108;0;0;0;0,0;3616;0;0;0;
22.08.2024;21:02:13;22,2;21,8;0;34,9;8,0;22,5;8,0;0;0;0,0;8;48,1;48,1;25,0;0;8200;20,4;72,9;8,0;60,0;0;85,6;8,0;8,0;0,00;0,00;0;0;48,3;146,0;6000;0;99;1879048192;0;0;0;0;0;0;0;0;0;0;0;34,9;48,1;1;0;0;108;0;0;0;0,0;3616;0;0;0;
22.08.2024;21:03:13;22,2;21,8;0;34,9;8,0;22,5;8,0;0;0;0,0;8;48,0;48,0;25,0;0;8200;20,5;72,7;8,0;60,0;0;85,3;8,0;8,0;0,00;0,00;0;0;48,4;146,0;6000;0;99;1879048192;0;0;0;0;0;0;0;0;0;0;0;34,9;48,0;1;0;0;108;0;0;0;0,0;3616;0;0;0;
22.08.2024;21:04:13;22,2;21,8;0;34,9;8,0;22,5;8,0;0;0;0,0;8;48,0;48,0;25,0;0;8200;20,6;72,7;8,0;60,0;0;84,8;8,0;8,0;0,00;0,00;0;0;48,3;146,0;6000;0;99;1879048192;0;0;0;0;0;0;0;0;0;0;0;34,9;48,0;1;0;0;108;0;0;0;0,0;3616;0;0;0;
22.08.2024;21:05:13;22,2;21,8;0;34,9;8,0;22,5;8,0;0;0;0,0;8;48,1;48,1;25,0;0;8200;20,4;72,6;8,0;60,0;0;84,4;8,0;8,0;0,00;0,00;0;0;48,3;146,0;6000;0;99;1879048192;0;0;0;0;0;0;0;0;0;0;0;34,9;48,1;1;0;0;108;0;0;0;0,0;3616;0;0;0;
22.08.2024;21:06:13;22,2;21,8;0;34,9;8,0;22,6;8,0;0;0;0,0;8;48,0;48,0;25,0;0;8200;20,6;72,6;8,0;60,0;0;84,1;8,0;8,0;0,00;0,00;0;0;48,3;146,0;6000;0;99;1879048192;0;0;0;0;0;0;0;0;0;0;0;34,9;48,0;1;0;0;108;0;0;0;0,0;3616;0;0;0;
22.08.2024;21:07:13;22,1;21,8;0;34,9;8,0;22,5;8,0;0;0;0,0;8;47,9;47,9;25,0;0;8200;20,4;72,5;8,0;60,0;0;83,6;8,0;8,0;0,00;0,00;0;0;48,2;146,0;6000;0;99;1879048192;0;0;0;0;0;0;0;0;0;0;0;34,9;47,9;1;0;0;108;0;0;0;0,0;3616;0;0;0;
22.08.2024;21:08:13;22,1;21,7;0;34,9;8,0;22,5;8,0;0;0;0,0;8;47,8;47,8;25,0;0;8200;20,4;72,5;8,0;60,0;0;83,4;8,0;8,0;0,00;0,00;0;0;48,3;146,0;6000;0;99;1879048192;0;0;0;0;0;0;0;0;0;0;0;34,9;47,8;1;0;0;108;0;0;0;0,0;3616;0;0;0;
22.08.2024;21:09:13;22,1;21,7;0;34,8;8,0;22,5;8,0;0;0;0,0;8;47,8;47,8;25,0;0;8200;20,5;72,4;8,0;60,0;0;83,1;8,0;8,0;0,00;0,00;0;0;48,3;146,0;6000;0;99;1879048192;0;0;0;0;0;0;0;0;0;0;0;34,8;47,8;1;0;0;108;0;0;0;0,0;3616;0;0;0;
22.08.2024;21:10:13;22,1;21,8;0;34,8;8,0;22,5;8,0;0;0;0,0;8;47,8;47,8;25,0;0;8200;20,6;72,3;8,0;60,0;0;82,7;8,0;8,0;0,00;0,00;0;0;48,2;146,0;6000;0;99;1879048192;0;0;0;0;0;0;0;0;0;0;0;34,8;47,8;1;0;0;108;0;0;0;0,0;3616;0;0;0;
22.08.2024;21:11:13;22,1;21,7;0;34,7;8,0;22,5;8,0;0;0;0,0;8;47,8;47,8;25,0;0;8200;20,6;72,2;8,0;60,0;0;82,5;8,0;8,0;0,00;0,00;0;0;48,3;146,0;6000;0;99;1879048192;0;0;0;0;0;0;0;0;0;0;0;34,7;47,8;1;0;0;108;0;0;0;0,0;3616;0;0;0;
22.08.2024;21:12:13;22,1;21,7;0;34,8;8,0;22,5;8,0;0;0;0,0;8;47,8;47,8;25,0;0;8200;20,5;72,2;8,0;60,0;0;82,1;8,0;8,0;0,00;0,00;0;0;48,3;146,0;6000;0;99;1879048192;0;0;0;0;0;0;0;0;0;0;0;34,8;47,8;1;0;0;108;0;0;0;0,0;3616;0;0;0;
22.08.2024;21:13:13;22,0;21,7;0;34,8;8,0;22,5;8,0;0;0;0,0;8;47,8;47,8;25,0;0;8200;20,4;72,1;8,0;60,0;0;81,7;8,0;8,0;0,00;0,00;0;0;48,2;146,0;6000;0;99;1879048192;0;0;0;0;0;0;0;0;0;0;0;34,8;47,8;1;0;0;108;0;0;0;0,0;3616;0;0;0;
22.08.2024;21:14:13;22,0;21,7;0;34,7;8,0;22,6;8,0;0;0;0,0;8;47,7;47,7;25,0;0;8200;20,9;72,0;8,0;60,0;0;81,5;8,0;8,0;0,00;0,00;0;0;48,2;146,0;6000;0;99;1879048192;0;0;0;0;0;0;0;0;0;0;0;34,7;47,7;1;0;0;108;0;0;0;0,0;3616;0;0;0;
22.08.2024;21:15:13;22,0;21,7;0;34,8;8,0;22,5;8,0;0;0;0,0;8;47,8;47,8;25,0;0;8200;20,5;72,0;8,0;60,0;0;81,2;8,0;8,0;0,00;0,00;0;0;48,3;146,0;6000;0;99;1879048192;0;0;0;0;0;0;0;0;0;0;0;34,8;47,8;1;0;0;108;0;0;0;0,0;3616;0;0;0;
22.08.2024;21:16:13;22,0;21,7;0;34,7;8,0;22,5;8,0;0;0;0,0;8;47,7;47,7;25,0;0;8200;20,5;71,9;8,0;60,0;0;81,0;8,0;8,0;0,00;0,00;0;0;48,3;146,0;6000;0;99;1879048192;0;0;0;0;0;0;0;0;0;0;0;34,7;47,7;1;0;0;108;0;0;0;0,0;3616;0;0;0;
22.08.2024;21:17:13;22,0;21,7;0;34,7;8,0;22,5;8,0;0;0;0,0;8;47,7;47,7;25,0;0;8200;20,6;71,8;8,0;60,0;0;80,7;8,0;8,0;0,00;0,00;0;0;48,2;146,0;6000;0;99;1879048192;0;0;0;0;0;0;0;0;0;0;0;34,7;47,7;1;0;0;108;0;0;0;0,0;3616;0;0;0;
22.08.2024;21:18:13;22,0;21,7;0;34,7;8,0;22,5;8,0;0;0;0,0;8;47,7;47,7;25,0;0;8200;20,4;71,8;8,0;60,0;0;80,5;8,0;8,0;0,00;0,00;0;0;48,3;146,0;6000;0;99;1879048192;0;0;0;0;0;0;0;0;0;0;0;34,7;47,7;1;0;0;108;0;0;0;0,0;3616;0;0;0;
22.08.2024;21:19:13;22,0;21,7;0;34,7;8,0;22,5;8,0;0;0;0,0;8;47,7;47,7;25,0;0;8200;20,5;71,7;8,0;60,0;0;80,3;8,0;8,0;0,00;0,00;0;0;48,4;146,0;6000;0;99;1879048192;0;0;0;0;0;0;0;0;0;0;0;34,7;47,7;1;0;0;108;0;0;0;0,0;3616;0;0;0;
22.08.2024;21:20:13;22,0;21,7;0;34,7;8,0;22,5;8,0;0;0;0,0;8;47,7;47,7;25,0;0;8200;20,8;71,7;8,0;60,0;0;80,0;8,0;8,0;0,00;0,00;0;0;48,2;146,0;6000;0;99;1879048192;0;0;0;0;0;0;0;0;0;0;0;34,7;47,7;1;0;0;108;0;0;0;0,0;3616;0;0;0;
22.08.2024;21:21:13;21,9;21,6;0;34,7;8,0;22,4;8,0;0;0;0,0;8;47,7;47,7;25,0;0;8200;20,4;71,6;8,0;60,0;0;79,8;8,0;8,0;0,00;0,00;0;0;48,2;146,0;6000;0;99;1879048192;0;0;0;0;0;0;0;0;0;0;0;34,7;47,7;1;0;0;108;0;0;0;0,0;3616;0;0;0;
22.08.2024;21:22:13;21,9;21,6;0;34,7;8,0;22,4;8,0;0;0;0,0;8;47,7;47,7;25,0;0;8200;20,6;71,6;8,0;60,0;0;79,5;8,0;8,0;0,00;0,00;0;0;48,2;146,0;6000;0;99;1879048192;0;0;0;0;0;0;0;0;0;0;0;34,7;47,7;1;0;0;108;0;0;0;0,0;3616;0;0;0;
22.08.2024;21:23:13;21,9;21,6;0;34,7;8,0;22,5;8,0;0;0;0,0;8;47,7;47,7;25,0;0;8200;20,6;71,5;8,0;60,0;0;79,3;8,0;8,0;0,00;0,00;0;0;48,2;146,0;6000;0;99;1879048192;0;0;0;0;0;0;0;0;0;0;0;34,7;47,7;1;0;0;108;0;0;0;0,0;3616;0;0;0;
22.08.2024;21:24:13;21,9;21,6;0;34,6;8,0;22,5;8,0;0;0;0,0;8;47,6;47,6;25,0;0;8200;20,5;71,4;8,0;60,0;0;79,2;8,0;8,0;0,00;0,00;0;0;48,2;146,0;6000;0;99;1879048192;0;0;0;0;0;0;0;0;0;0;0;34,6;47,6;1;0;0;108;0;0;0;0,0;3616;0;0;0;
22.08.2024;21:25:13;21,9;21,6;0;34,7;8,0;22,5;8,0;0;0;0,0;8;47,7;47,7;25,0;0;8200;20,6;71,4;8,0;60,0;0;78,9;8,0;8,0;0,00;0,00;0;0;48,1;146,0;6000;0;99;1879048192;0;0;0;0;0;0;0;0;0;0;0;34,7;47,7;1;0;0;108;0;0;0;0,0;3616;0;0;0;
22.08.2024;21:26:13;21,9;21,6;0;34,6;8,0;22,5;8,0;0;0;0,0;8;47,6;47,6;25,0;0;8200;20,6;71,3;8,0;60,0;0;78,7;8,0;8,0;0,00;0,00;0;0;48,2;146,0;6000;0;99;1879048192;0;0;0;0;0;0;0;0;0;0;0;34,6;47,6;1;0;0;108;0;0;0;0,0;3616;0;0;0;
22.08.2024;21:27:13;21,9;21,6;0;34,6;8,0;22,5;8,0;0;0;0,0;8;47,6;47,6;25,0;0;8200;20,6;71,3;8,0;60,0;0;78,5;8,0;8,0;0,00;0,00;0;0;48,2;146,0;6000;0;99;1879048192;0;0;0;0;0;0;0;0;0;0;0;34,6;47,6;1;0;0;108;0;0;0;0,0;3616;0;0;0;
22.08.2024;21:28:13;21,8;21,5;0;34,6;8,0;22,5;8,0;0;0;0,0;8;47,6;47,6;25,0;0;8200;20,5;71,2;8,0;60,0;0;78,4;8,0;8,0;0,00;0,00;0;0;48,1;146,0;6000;0;99;1879048192;0;0;0;0;0;0;0;0;0;0;0;34,6;47,6;1;0;0;108;0;0;0;0,0;3616;0;0;0;
22.08.2024;21:29:13;21,8;21,6;0;34,6;8,0;22,5;8,0;0;0;0,0;8;47,6;47,6;25,0;0;8200;20,5;71,2;8,0;60,0;0;78,1;8,0;8,0;0,00;0,00;0;0;48,2;146,0;6000;0;99;1879048192;0;0;0;0;0;0;0;0;0;0;0;34,6;47,6;1;0;0;108;0;0;0;0,0;3616;0;0;0;
22.08.2024;21:30:13;21,8;21,5;0;34,5;8,0;22,5;8,0;0;0;0,0;8;47,5;47,5;25,0;0;8200;20,5;71,1;8,0;60,0;0;78,0;8,0;8,0;0,00;0,00;0;0;48,3;146,0;6000;0;99;1879048192;0;0;0;0;0;0;0;0;0;0;0;34,5;47,5;1;0;0;108;0;0;0;0,0;3616;0;0;0;
22.08.2024;21:31:13;21,8;21,5;0;34,6;8,0;22,5;8,0;0;0;0,0;8;47,5;47,5;25,0;0;8200;20,5;71,1;8,0;60,0;0;77,7;8,0;8,0;0,00;0,00;0;0;48,2;146,0;6000;0;99;1879048192;0;0;0;0;0;0;0;0;0;0;0;34,6;47,5;1;0;0;108;0;0;0;0,0;3616;0;0;0;
22.08.2024;21:32:13;21,8;21,5;0;34,6;8,0;22,5;8,0;0;0;0,0;8;47,5;47,5;25,0;0;8200;20,6;71,0;8,0;60,0;0;77,6;8,0;8,0;0,00;0,00;0;0;48,2;146,0;6000;0;99;1879048192;0;0;0;0;0;0;0;0;0;0;0;34,6;47,5;1;0;0;108;0;0;0;0,0;3616;0;0;0;
22.08.2024;21:33:13;21,8;21,5;0;34,5;8,0;22,5;8,0;0;0;0,0;8;47,5;47,5;25,0;0;8200;20,5;70,9;8,0;60,0;0;77,4;8,0;8,0;0,00;0,00;0;0;48,2;146,0;6000;0;99;1879048192;0;0;0;0;0;0;0;0;0;0;0;34,5;47,5;1;0;0;108;0;0;0;0,0;3616;0;0;0;
22.08.2024;21:34:13;21,8;21,5;0;34,5;8,0;22,5;8,0;0;0;0,0;8;47,5;47,5;25,0;0;8200;20,5;70,9;8,0;60,0;0;77,3;8,0;8,0;0,00;0,00;0;0;48,1;146,0;6000;0;99;1879048192;0;0;0;0;0;0;0;0;0;0;0;34,5;47,5;1;0;0;108;0;0;0;0,0;3616;0;0;0;
22.08.2024;21:35:13;21,8;21,4;0;34,6;8,0;22,5;8,0;0;0;0,0;8;47,5;47,5;25,0;0;8200;20,6;70,9;8,0;60,0;0;77,1;8,0;8,0;0,00;0,00;0;0;48,2;146,0;6000;0;99;1879048192;0;0;0;0;0;0;0;0;0;0;0;34,6;47,5;1;0;0;108;0;0;0;0,0;3616;0;0;0;
22.08.2024;21:36:13;21,7;21,4;0;34,6;8,0;22,5;8,0;0;0;0,0;8;47,5;47,5;25,0;0;8200;20,6;70,9;8,0;60,0;0;76,9;8,0;8,0;0,00;0,00;0;0;48,1;146,0;6000;0;99;1879048192;0;0;0;0;0;0;0;0;0;0;0;34,6;47,5;1;0;0;108;0;0;0;0,0;3616;0;0;0;
22.08.2024;21:37:13;21,7;21,4;0;34,5;8,0;22,5;8,0;0;0;0,0;8;47,4;47,4;25,0;0;8200;20,6;70,8;8,0;60,0;0;76,8;8,0;8,0;0,00;0,00;0;0;48,1;146,0;6000;0;99;1879048192;0;0;0;0;0;0;0;0;0;0;0;34,5;47,4;1;0;0;108;0;0;0;0,0;3616;0;0;0;
22.08.2024;21:38:13;21,7;21,4;0;34,5;8,0;22,5;8,0;0;0;0,0;8;47,4;47,4;25,0;0;8200;20,5;70,7;8,0;60,0;0;76,7;8,0;8,0;0,00;0,00;0;0;48,1;146,0;6000;0;99;1879048192;0;0;0;0;0;0;0;0;0;0;0;34,5;47,4;1;0;0;108;0;0;0;0,0;3616;0;0;0;
22.08.2024;21:39:13;21,7;21,4;0;34,5;8,0;22,5;8,0;0;0;0,0;8;47,4;47,4;25,0;0;8200;20,5;70,7;8,0;60,0;0;76,5;8,0;8,0;0,00;0,00;0;0;48,1;146,0;6000;0;99;1879048192;0;0;0;0;0;0;0;0;0;0;0;34,5;47,4;1;0;0;108;0;0;0;0,0;3616;0;0;0;
22.08.2024;21:40:13;21,7;21,4;0;34,5;8,0;22,5;8,0;0;0;0,0;8;47,4;47,4;25,0;0;8200;20,5;70,6;8,0;60,0;0;76,2;8,0;8,0;0,00;0,00;0;0;48,2;146,0;6000;0;99;1879048192;0;0;0;0;0;0;0;0;0;0;0;34,5;47,4;1;0;0;108;0;0;0;0,0;3616;0;0;0;
22.08.2024;21:41:13;21,7;21,4;0;34,5;8,0;22,5;8,0;0;0;0,0;8;47,4;47,4;25,0;0;8200;20,7;70,5;8,0;60,0;0;76,1;8,0;8,0;0,00;0,00;0;0;48,1;146,0;6000;0;99;1879048192;0;0;0;0;0;0;0;0;0;0;0;34,5;47,4;1;0;0;108;0;0;0;0,0;3616;0;0;0;
22.08.2024;21:42:13;21,7;21,4;0;34,4;8,0;22,5;8,0;0;0;0,0;8;47,4;47,4;25,0;0;8200;20,8;70,4;8,0;60,0;0;75,9;8,0;8,0;0,00;0,00;0;0;48,2;146,0;6000;0;99;1879048192;0;0;0;0;0;0;0;0;0;0;0;34,4;47,4;1;0;0;108;0;0;0;0,0;3616;0;0;0;
22.08.2024;21:43:13;21,7;21,4;0;34,5;8,0;22,6;8,0;0;0;0,0;8;47,4;47,4;25,0;0;8200;20,6;70,4;8,0;60,0;0;75,7;8,0;8,0;0,00;0,00;0;0;48,1;146,0;6000;0;99;1879048192;0;0;0;0;0;0;0;0;0;0;0;34,5;47,4;1;0;0;108;0;0;0;0,0;3616;0;0;0;
22.08.2024;21:44:13;21,7;21,4;0;34,4;8,0;22,6;8,0;0;0;0,0;8;47,4;47,4;25,0;0;8200;20,6;70,3;8,0;60,0;0;75,6;8,0;8,0;0,00;0,00;0;0;48,2;146,0;6000;0;99;1879048192;0;0;0;0;0;0;0;0;0;0;0;34,4;47,4;1;0;0;108;0;0;0;0,0;3616;0;0;0;
22.08.2024;21:45:13;21,6;21,3;0;34,4;8,0;22,6;8,0;0;0;0,0;8;47,3;47,3;25,0;0;8200;20,6;70,4;8,0;60,0;0;75,5;8,0;8,0;0,00;0,00;0;0;48,0;146,0;6000;0;99;1879048192;0;0;0;0;0;0;0;0;0;0;0;34,4;47,3;1;0;0;108;0;0;0;0,0;3616;0;0;0;
22.08.2024;21:46:13;21,6;21,3;0;34,4;8,0;22,6;8,0;0;0;0,0;8;47,3;47,3;25,0;0;8200;21,0;70,3;8,0;60,0;0;75,3;8,0;8,0;0,00;0,00;0;0;48,1;146,0;6000;0;99;1879048192;0;0;0;0;0;0;0;0;0;0;0;34,4;47,3;1;0;0;108;0;0;0;0,0;3616;0;0;0;
22.08.2024;21:47:13;21,6;21,3;0;34,4;8,0;22,7;8,0;0;0;0,0;8;47,2;47,2;25,0;0;8200;20,5;70,2;8,0;60,0;0;75,2;8,0;8,0;0,00;0,00;0;0;48,0;146,0;6000;0;99;1879048192;0;0;0;0;0;0;0;0;0;0;0;34,4;47,2;1;0;0;108;0;0;0;0,0;3616;0;0;0;
22.08.2024;21:48:13;21,6;21,4;0;34,4;8,0;22,6;8,0;0;0;0,0;8;46,5;46,5;25,0;0;8200;20,6;70,2;8,0;60,0;0;74,8;8,0;8,0;0,00;0,00;0;0;48,0;146,0;6000;0;99;1879048192;0;0;0;0;0;0;0;0;0;0;0;34,4;46,5;1;0;0;108;0;0;0;0,0;3616;0;0;0;
22.08.2024;21:49:13;21,6;21,3;0;34,4;8,0;22,6;8,0;0;0;0,0;8;45,8;45,8;25,0;0;8200;20,6;70,1;8,0;60,0;0;74,8;8,0;8,0;0,00;0,00;0;0;48,1;146,0;6000;0;99;1879048192;0;0;0;0;0;0;0;0;0;0;0;34,4;45,8;1;0;0;108;0;0;0;0,0;3616;0;0;0;
22.08.2024;21:50:13;21,6;21,3;0;34,4;8,0;22,6;8,0;0;0;0,0;8;45,3;45,3;25,0;0;8200;20,6;70,1;8,0;60,0;0;74,7;8,0;8,0;0,00;0,00;0;0;48,0;146,0;6000;0;99;1879048192;0;0;0;0;0;0;0;0;0;0;0;34,4;45,3;1;0;0;108;0;0;0;0,0;3616;0;0;0;
22.08.2024;21:51:13;21,6;21,3;0;34,3;8,0;22,6;8,0;0;0;0,0;8;45,1;45,1;25,0;0;8200;20,6;70,0;8,0;60,0;0;74,6;8,0;8,0;0,00;0,00;0;0;48,1;146,0;6000;0;99;1879048192;0;0;0;0;0;0;0;0;0;0;0;34,3;45,1;1;0;0;108;0;0;0;0,0;3616;0;0;0;
22.08.2024;21:52:13;21,6;21,3;0;34,4;8,0;22,5;8,0;0;0;0,0;8;45,0;45,0;25,0;0;8200;20,6;70,0;8,0;60,0;0;74,5;8,0;8,0;0,00;0,00;0;0;48,0;146,0;6000;0;99;1879048192;0;0;0;0;0;0;0;0;0;0;0;34,4;45,0;1;0;0;108;0;0;0;0,0;3616;0;0;0;
22.08.2024;21:53:13;21,6;21,3;0;34,4;8,0;22,6;8,0;0;0;0,0;8;45,0;45,0;25,0;0;8200;20,6;69,9;8,0;60,0;0;74,4;8,0;8,0;0,00;0,00;0;0;47,9;146,0;6000;0;99;1879048192;0;0;0;0;0;0;0;0;0;0;0;34,4;45,0;1;0;0;108;0;0;0;0,0;3616;0;0;0;
22.08.2024;21:54:13;21,5;21,3;0;34,3;8,0;22,6;8,0;0;0;0,0;8;45,0;45,0;25,0;0;8200;20,7;69,9;8,0;60,0;0;74,3;8,0;8,0;0,00;0,00;0;0;48,0;146,0;6000;0;99;1879048192;0;0;0;0;0;0;0;0;0;0;0;34,3;45,0;1;0;0;108;0;0;0;0,0;3616;0;0;0;
22.08.2024;21:55:13;21,5;21,3;0;34,3;8,0;22,6;8,0;0;0;0,0;8;45,0;45,0;25,0;0;8200;20,5;69,8;8,0;60,0;0;74,2;8,0;8,0;0,00;0,00;0;0;48,0;146,0;6000;0;99;1879048192;0;0;0;0;0;0;0;0;0;0;0;34,3;45,0;1;0;0;108;0;0;0;0,0;3616;0;0;0;
22.08.2024;21:56:13;21,5;21,3;0;34,3;8,0;22,6;8,0;0;0;0,0;8;45,0;45,0;25,0;0;8200;20,6;69,8;8,0;60,0;0;74,2;8,0;8,0;0,00;0,00;0;0;48,0;146,0;6000;0;99;1879048192;0;0;0;0;0;0;0;0;0;0;0;34,3;45,0;1;0;0;108;0;0;0;0,0;3616;0;0;0;
22.08.2024;21:57:13;21,5;21,3;0;34,3;8,0;22,6;8,0;0;0;0,0;8;45,0;45,0;25,0;0;8200;20,6;69,8;8,0;60,0;0;74,1;8,0;8,0;0,00;0,00;0;0;48,1;146,0;6000;0;99;1879048192;0;0;0;0;0;0;0;0;0;0;0;34,3;45,0;1;0;0;108;0;0;0;0,0;3616;0;0;0;
22.08.2024;21:58:13;21,5;21,2;0;34,3;8,0;22,6;8,0;0;0;0,0;8;44,9;44,9;25,0;0;8200;20,7;69,7;8,0;60,0;0;74,0;8,0;8,0;0,00;0,00;0;0;48,0;146,0;6000;0;99;1879048192;0;0;0;0;0;0;0;0;0;0;0;34,3;44,9;1;0;0;108;0;0;0;0,0;3616;0;0;0;
22.08.2024;21:59:13;21,5;21,2;0;34,3;8,0;22,6;8,0;0;0;0,0;8;44,9;44,9;25,0;0;8200;20,6;69,7;8,0;60,0;0;73,9;8,0;8,0;0,00;0,00;0;0;48,0;146,0;6000;0;99;1879048192;0;0;0;0;0;0;0;0;0;0;0;34,3;44,9;1;0;0;108;0;0;0;0,0;3616;0;0;0;
22.08.2024;22:00:13;21,5;21,3;0;34,3;8,0;22,6;8,0;0;0;0,0;8;44,9;44,9;25,0;0;8200;20,6;69,6;8,0;60,0;0;73,8;8,0;8,0;0,00;0,00;0;0;48,0;146,0;6000;0;99;1879048192;0;0;0;0;0;0;0;0;0;0;0;34,3;44,9;1;0;0;108;0;0;0;0,0;3616;0;0;0;
22.08.2024;22:01:13;21,5;21,2;0;34,3;8,0;22,6;8,0;0;0;0,0;8;44,8;44,8;25,0;0;8200;20,5;69,6;8,0;60,0;0;73,7;8,0;8,0;0,00;0,00;0;0;48,1;146,0;6000;0;99;1879048192;0;0;0;0;0;0;0;0;0;0;0;34,3;44,8;1;0;0;108;0;0;0;0,0;3616;0;0;0;
22.08.2024;22:02:13;21,5;21,2;0;34,3;8,0;22,6;8,0;0;0;0,0;8;44,8;44,8;25,0;0;8200;20,6;69,5;8,0;60,0;0;73,6;8,0;8,0;0,00;0,00;0;0;48,0;146,0;6000;0;99;1879048192;0;0;0;0;0;0;0;0;0;0;0;34,3;44,8;1;0;0;108;0;0;0;0,0;3616;0;0;0;
22.08.2024;22:03:13;21,5;21,2;0;34,3;8,0;22,6;8,0;0;0;0,0;8;44,8;44,8;25,0;0;8200;20,6;69,5;8,0;60,0;0;73,5;8,0;8,0;0,00;0,00;0;0;47,9;146,0;6000;0;99;1879048192;0;0;0;0;0;0;0;0;0;0;0;34,3;44,8;1;0;0;108;0;0;0;0,0;3616;0;0;0;
22.08.2024;22:04:13;21,4;21,2;0;34,3;8,0;22,5;8,0;0;0;0,0;8;44,8;44,8;25,0;0;8200;20,8;69,5;8,0;60,0;0;73,3;8,0;8,0;0,00;0,00;0;0;48,1;146,0;6000;0;99;1879048192;0;0;0;0;0;0;0;0;0;0;0;34,3;44,8;1;0;0;108;0;0;0;0,0;3616;0;0;0;
22.08.2024;22:05:13;21,4;21,3;0;34,3;8,0;22,6;8,0;0;0;0,0;8;44,8;44,8;25,0;0;8200;20,6;69,4;8,0;60,0;0;73,2;8,0;8,0;0,00;0,00;0;0;48,0;146,0;6000;0;99;1879048192;0;0;0;0;0;0;0;0;0;0;0;34,3;44,8;1;0;0;108;0;0;0;0,0;3616;0;0;0;
22.08.2024;22:06:13;21,4;21,2;0;34,2;8,0;22,6;8,0;0;0;0,0;8;44,8;44,8;25,0;0;8200;20,6;69,3;8,0;60,0;0;73,2;8,0;8,0;0,00;0,00;0;0;48,1;146,0;6000;0;99;1879048192;0;0;0;0;0;0;0;0;0;0;0;34,2;44,8;1;0;0;108;0;0;0;0,0;3616;0;0;0;
22.08.2024;22:07:13;21,4;21,2;0;34,2;8,0;22,6;8,0;0;0;0,0;8;44,8;44,8;25,0;0;8200;20,6;69,3;8,0;60,0;0;73,1;8,0;8,0;0,00;0,00;0;0;48,1;146,0;6000;0;99;1879048192;0;0;0;0;0;0;0;0;0;0;0;34,2;44,8;1;0;0;108;0;0;0;0,0;3616;0;0;0;
22.08.2024;22:08:13;21,4;21,2;0;34,2;8,0;22,6;8,0;0;0;0,0;8;44,7;44,7;25,0;0;8200;20,6;69,3;8,0;60,0;0;73,1;8,0;8,0;0,00;0,00;0;0;48,1;146,0;6000;0;99;1879048192;0;0;0;0;0;0;0;0;0;0;0;34,2;44,8;1;0;0;108;0;0;0;0,0;3616;0;0;0;
22.08.2024;22:09:13;21,4;21,2;0;34,2;8,0;22,6;8,0;0;0;0,0;8;44,7;44,7;25,0;0;8200;20,8;69,2;8,0;60,0;0;73,0;8,0;8,0;0,00;0,00;0;0;48,1;146,0;6000;0;99;1879048192;0;0;0;0;0;0;0;0;0;0;0;34,2;44,7;1;0;0;108;0;0;0;0,0;3616;0;0;0;
22.08.2024;22:10:13;21,4;21,2;0;34,2;8,0;22,6;8,0;0;0;0,0;8;44,7;44,7;25,0;0;8200;20,6;69,2;8,0;60,0;0;72,8;8,0;8,0;0,00;0,00;0;0;48,1;146,0;6000;0;99;1879048192;0;0;0;0;0;0;0;0;0;0;0;34,2;44,7;1;0;0;108;0;0;0;0,0;3616;0;0;0;
22.08.2024;22:11:13;21,4;21,2;0;34,2;8,0;22,6;8,0;0;0;0,0;8;44,6;44,6;25,0;0;8200;20,6;69,2;8,0;60,0;0;72,6;8,0;8,0;0,00;0,00;0;0;48,1;146,0;6000;0;99;1879048192;0;0;0;0;0;0;0;0;0;0;0;34,2;44,6;1;0;0;108;0;0;0;0,0;3616;0;0;0;
22.08.2024;22:12:13;21,4;21,2;0;34,2;8,0;22,6;8,0;0;0;0,0;8;44,6;44,6;25,0;0;8200;20,6;69,1;8,0;60,0;0;72,6;8,0;8,0;0,00;0,00;0;0;48,1;146,0;6000;0;99;1879048192;0;0;0;0;0;0;0;0;0;0;0;34,2;44,6;1;0;0;108;0;0;0;0,0;3616;0;0;0;
22.08.2024;22:13:13;21,4;21,2;0;34,2;8,0;22,6;8,0;0;0;0,0;8;44,6;44,6;25,0;0;8200;20,6;69,1;8,0;60,0;0;72,5;8,0;8,0;0,00;0,00;0;0;48,0;146,0;6000;0;99;1879048192;0;0;0;0;0;0;0;0;0;0;0;34,2;44,6;1;0;0;108;0;0;0;0,0;3616;0;0;0;
22.08.2024;22:14:13;21,4;21,2;0;34,2;8,0;22,5;8,0;0;0;0,0;8;44,6;44,6;25,0;0;8200;20,7;69,0;8,0;60,0;0;72,4;8,0;8,0;0,00;0,00;0;0;48,1;146,0;6000;0;99;1879048192;0;0;0;0;0;0;0;0;0;0;0;34,2;44,6;1;0;0;108;0;0;0;0,0;3616;0;0;0;
22.08.2024;22:15:13;21,3;21,2;0;34,2;8,0;22,6;8,0;0;0;0,0;8;44,6;44,6;25,0;0;8200;20,6;68,9;8,0;60,0;0;72,3;8,0;8,0;0,00;0,00;0;0;48,0;146,0;6000;0;99;1879048192;0;0;0;0;0;0;0;0;0;0;0;34,2;44,6;1;0;0;108;0;0;0;0,0;3616;0;0;0;
22.08.2024;22:16:13;21,3;21,1;0;34,1;8,0;22,6;8,0;0;0;0,0;8;44,5;44,5;25,0;0;8200;20,6;68,9;8,0;60,0;0;72,2;8,0;8,0;0,00;0,00;0;0;48,1;146,0;6000;0;99;1879048192;0;0;0;0;0;0;0;0;0;0;0;34,1;44,5;1;0;0;108;0;0;0;0,0;3616;0;0;0;
22.08.2024;22:17:13;21,3;21,2;0;34,1;8,0;22,6;8,0;0;0;0,0;8;44,5;44,5;25,0;0;8200;20,8;68,9;8,0;60,0;0;72,2;8,0;8,0;0,00;0,00;0;0;48,1;146,0;6000;0;99;1879048192;0;0;0;0;0;0;0;0;0;0;0;34,1;44,5;1;0;0;108;0;0;0;0,0;3616;0;0;0;
22.08.2024;22:18:13;21,3;21,1;0;34,1;8,0;22,6;8,0;0;0;0,0;8;44,5;44,5;25,0;0;8200;20,5;68,9;8,0;60,0;0;72,1;8,0;8,0;0,00;0,00;0;0;48,1;146,0;6000;0;99;1879048192;0;0;0;0;0;0;0;0;0;0;0;34,1;44,5;1;0;0;108;0;0;0;0,0;3616;0;0;0;
22.08.2024;22:19:13;21,3;21,1;0;34,1;8,0;22,6;8,0;0;0;0,0;8;44,5;44,5;25,0;0;8200;20,7;68,8;8,0;60,0;0;72,0;8,0;8,0;0,00;0,00;0;0;48,1;146,0;6000;0;99;1879048192;0;0;0;0;0;0;0;0;0;0;0;34,1;44,5;1;0;0;108;0;0;0;0,0;3616;0;0;0;
22.08.2024;22:20:13;21,3;21,1;0;34,1;8,0;22,6;8,0;0;0;0,0;8;44,5;44,5;25,0;0;8200;20,6;68,8;8,0;60,0;0;71,9;8,0;8,0;0,00;0,00;0;0;48,1;146,0;6000;0;99;1879048192;0;0;0;0;0;0;0;0;0;0;0;34,1;44,5;1;0;0;108;0;0;0;0,0;3616;0;0;0;
22.08.2024;22:21:13;21,3;21,1;0;34,1;8,0;22,6;8,0;0;0;0,0;8;44,5;44,5;25,0;0;8200;20,7;68,7;8,0;60,0;0;71,8;8,0;8,0;0,00;0,00;0;0;48,1;146,0;6000;0;99;1879048192;0;0;0;0;0;0;0;0;0;0;0;34,1;44,5;1;0;0;108;0;0;0;0,0;3616;0;0;0;
22.08.2024;22:22:13;21,3;21,1;0;34,1;8,0;22,6;8,0;0;0;0,0;8;44,5;44,5;25,0;0;8200;20,6;68,7;8,0;60,0;0;71,7;8,0;8,0;0,00;0,00;0;0;48,1;146,0;6000;0;99;1879048192;0;0;0;0;0;0;0;0;0;0;0;34,1;44,5;1;0;0;108;0;0;0;0,0;3616;0;0;0;
22.08.2024;22:23:13;21,3;21,1;0;34,1;8,0;22,6;8,0;0;0;0,0;8;44,4;44,4;25,0;0;8200;20,6;68,7;8,0;60,0;0;71,7;8,0;8,0;0,00;0,00;0;0;48,0;146,0;6000;0;99;1879048192;0;0;0;0;0;0;0;0;0;0;0;34,1;44,4;1;0;0;108;0;0;0;0,0;3616;0;0;0;
22.08.2024;22:24:13;21,3;21,1;0;34,1;8,0;22,6;8,0;0;0;0,0;8;44,4;44,4;25,0;0;8200;20,6;68,6;8,0;60,0;0;71,6;8,0;8,0;0,00;0,00;0;0;48,0;146,0;6000;0;99;1879048192;0;0;0;0;0;0;0;0;0;0;0;34,1;44,4;1;0;0;108;0;0;0;0,0;3616;0;0;0;
22.08.2024;22:25:13;21,3;21,1;0;34,1;8,0;22,6;8,0;0;0;0,0;8;44,4;44,4;25,0;0;8200;20,6;68,6;8,0;60,0;0;71,5;8,0;8,0;0,00;0,00;0;0;48,0;146,0;6000;0;99;1879048192;0;0;0;0;0;0;0;0;0;0;0;34,1;44,4;1;0;0;108;0;0;0;0,0;3616;0;0;0;
22.08.2024;22:26:13;21,2;21,1;0;34,1;8,0;22,6;8,0;0;0;0,0;8;44,4;44,4;25,0;0;8200;20,6;68,5;8,0;60,0;0;71,4;8,0;8,0;0,00;0,00;0;0;48,0;146,0;6000;0;99;1879048192;0;0;0;0;0;0;0;0;0;0;0;34,1;44,4;1;0;0;108;0;0;0;0,0;3616;0;0;0;
22.08.2024;22:27:13;21,2;21,1;0;34,1;8,0;22,5;8,0;0;0;0,0;8;44,4;44,4;25,0;0;8200;20,5;68,5;8,0;60,0;0;71,3;8,0;8,0;0,00;0,00;0;0;48,1;146,0;6000;0;99;1879048192;0;0;0;0;0;0;0;0;0;0;0;34,1;44,4;1;0;0;108;0;0;0;0,0;3616;0;0;0;
22.08.2024;22:28:13;21,2;21,0;0;34,0;8,0;22,5;8,0;0;0;0,0;8;44,3;44,3;25,0;0;8200;20,5;68,4;8,0;60,0;0;71,3;8,0;8,0;0,00;0,00;0;0;48,0;146,0;6000;0;99;1879048192;0;0;0;0;0;0;0;0;0;0;0;34,0;44,3;1;0;0;108;0;0;0;0,0;3616;0;0;0;
22.08.2024;22:29:13;21,2;21,0;0;34,0;8,0;22,5;8,0;0;0;0,0;8;44,3;44,3;25,0;0;8200;20,6;68,4;8,0;60,0;0;71,1;8,0;8,0;0,00;0,00;0;0;48,0;146,0;6000;0;99;1879048192;0;0;0;0;0;0;0;0;0;0;0;34,0;44,3;1;0;0;108;0;0;0;0,0;3616;0;0;0;
22.08.2024;22:30:13;21,2;21,0;0;34,0;8,0;22,6;8,0;0;0;0,0;8;44,3;44,3;25,0;0;8200;20,6;68,4;8,0;60,0;0;71,0;8,0;8,0;0,00;0,00;0;0;48,0;146,0;6000;0;99;1879048192;0;0;0;0;0;0;0;0;0;0;0;34,0;44,3;1;0;0;108;0;0;0;0,0;3616;0;0;0;
22.08.2024;22:31:13;21,2;21,0;0;34,0;8,0;22,6;8,0;0;0;0,0;8;44,3;44,3;25,0;0;8200;20,5;68,4;8,0;60,0;0;70,9;8,0;8,0;0,00;0,00;0;0;48,0;146,0;6000;0;99;1879048192;0;0;0;0;0;0;0;0;0;0;0;34,0;44,3;1;0;0;108;0;0;0;0,0;3616;0;0;0;
22.08.2024;22:32:13;21,2;20,9;0;34,0;8,0;22,6;8,0;0;0;0,0;8;44,3;44,3;25,0;0;8200;20,6;68,3;8,0;60,0;0;70,9;8,0;8,0;0,00;0,00;0;0;48,0;146,0;6000;0;99;1879048192;0;0;0;0;0;0;0;0;0;0;0;34,0;44,3;1;0;0;108;0;0;0;0,0;3616;0;0;0;
22.08.2024;22:33:13;21,2;20,9;0;34,0;8,0;22,6;8,0;0;0;0,0;8;44,2;44,2;25,0;0;8200;20,5;68,3;8,0;60,0;0;70,9;8,0;8,0;0,00;0,00;0;0;48,0;146,0;6000;0;99;1879048192;0;0;0;0;0;0;0;0;0;0;0;34,0;44,2;1;0;0;108;0;0;0;0,0;3616;0;0;0;
22.08.2024;22:34:13;21,2;20,9;0;33,9;8,0;22,6;8,0;0;0;0,0;8;44,2;44,2;25,0;0;8200;20,5;68,2;8,0;60,0;0;70,8;8,0;8,0;0,00;0,00;0;0;48,1;146,0;6000;0;99;1879048192;0;0;0;0;0;0;0;0;0;0;0;33,9;44,2;1;0;0;108;0;0;0;0,0;3616;0;0;0;
22.08.2024;22:35:13;21,2;20,9;0;34,0;8,0;22,5;8,0;0;0;0,0;8;44,2;44,2;25,0;0;8200;20,5;68,2;8,0;60,0;0;70,7;8,0;8,0;0,00;0,00;0;0;48,1;146,0;6000;0;99;1879048192;0;0;0;0;0;0;0;0;0;0;0;34,0;44,2;1;0;0;108;0;0;0;0,0;3616;0;0;0;
22.08.2024;22:36:13;21,2;20,8;0;33,9;8,0;22,5;8,0;0;0;0,0;8;44,2;44,2;25,0;0;8200;20,6;68,2;8,0;60,0;0;70,7;8,0;8,0;0,00;0,00;0;0;47,9;146,0;6000;0;99;1879048192;0;0;0;0;0;0;0;0;0;0;0;33,9;44,2;1;0;0;108;0;0;0;0,0;3616;0;0;0;
22.08.2024;22:37:13;21,2;20,9;0;34,0;8,0;22,5;8,0;0;0;0,0;8;44,2;44,2;25,0;0;8200;20,5;68,1;8,0;60,0;0;70,6;8,0;8,0;0,00;0,00;0;0;48,0;146,0;6000;0;99;1879048192;0;0;0;0;0;0;0;0;0;0;0;34,0;44,2;1;0;0;108;0;0;0;0,0;3616;0;0;0;
22.08.2024;22:38:13;21,1;20,9;0;33,9;8,0;22,5;8,0;0;0;0,0;8;44,2;44,2;25,0;0;8200;20,6;68,1;8,0;60,0;0;70,6;8,0;8,0;0,00;0,00;0;0;48,0;146,0;6000;0;99;1879048192;0;0;0;0;0;0;0;0;0;0;0;33,9;44,2;1;0;0;108;0;0;0;0,0;3616;0;0;0;
22.08.2024;22:39:13;21,1;20,9;0;34,0;8,0;22,5;8,0;0;0;0,0;8;44,1;44,1;25,0;0;8200;20,4;68,1;8,0;60,0;0;70,4;8,0;8,0;0,00;0,00;0;0;48,0;146,0;6000;0;99;1879048192;0;0;0;0;0;0;0;0;0;0;0;34,0;44,1;1;0;0;108;0;0;0;0,0;3616;0;0;0;
22.08.2024;22:40:13;21,1;20,8;0;34,0;8,0;22,5;8,0;0;0;0,0;8;44,1;44,1;25,0;0;8200;20,6;68,0;8,0;60,0;0;70,4;8,0;8,0;0,00;0,00;0;0;48,0;146,0;6000;0;99;1879048192;0;0;0;0;0;0;0;0;0;0;0;34,0;44,1;1;0;0;108;0;0;0;0,0;3616;0;0;0;
22.08.2024;22:41:13;21,1;20,8;0;34,0;8,0;22,5;8,0;0;0;0,0;8;44,1;44,1;25,0;0;8200;20,5;68,0;8,0;60,0;0;70,2;8,0;8,0;0,00;0,00;0;0;48,0;146,0;6000;0;99;1879048192;0;0;0;0;0;0;0;0;0;0;0;34,0;44,1;1;0;0;108;0;0;0;0,0;3616;0;0;0;
22.08.2024;22:42:13;21,1;20,8;0;33,9;8,0;22,5;8,0;0;0;0,0;8;44,1;44,1;25,0;0;8200;20,5;68,0;8,0;60,0;0;70,1;8,0;8,0;0,00;0,00;0;0;48,0;146,0;6000;0;99;1879048192;0;0;0;0;0;0;0;0;0;0;0;33,9;44,1;1;0;0;108;0;0;0;0,0;3616;0;0;0;
22.08.2024;22:43:13;21,1;20,8;0;33,9;8,0;22,5;8,0;0;0;0,0;8;44,0;44,0;25,0;0;8200;20,5;67,9;8,0;60,0;0;70,1;8,0;8,0;0,00;0,00;0;0;48,0;146,0;6000;0;99;1879048192;0;0;0;0;0;0;0;0;0;0;0;33,9;44,0;1;0;0;108;0;0;0;0,0;3616;0;0;0;
22.08.2024;22:44:13;21,1;20,8;0;33,9;8,0;22,5;8,0;0;0;0,0;8;44,0;44,0;25,0;0;8200;20,6;67,9;8,0;60,0;0;70,0;8,0;8,0;0,00;0,00;0;0;48,0;146,0;6000;0;99;1879048192;0;0;0;0;0;0;0;0;0;0;0;33,9;44,0;1;0;0;108;0;0;0;0,0;3616;0;0;0;
22.08.2024;22:45:13;21,1;20,8;0;33,9;8,0;22,6;8,0;0;0;0,0;8;44,0;44,0;25,0;0;8200;20,5;67,8;8,0;60,0;0;70,0;8,0;8,0;0,00;0,00;0;0;48,0;146,0;6000;0;99;1879048192;0;0;0;0;0;0;0;0;0;0;0;33,9;44,0;1;0;0;108;0;0;0;0,0;3616;0;0;0;
22.08.2024;22:46:13;21,1;20,8;0;33,9;8,0;22,6;8,0;0;0;0,0;8;44,0;44,0;25,0;0;8200;20,6;67,8;8,0;60,0;0;69,9;8,0;8,0;0,00;0,00;0;0;48,0;146,0;6000;0;99;1879048192;0;0;0;0;0;0;0;0;0;0;0;33,9;44,0;1;0;0;108;0;0;0;0,0;3616;0;0;0;
22.08.2024;22:47:13;21,1;20,7;0;33,9;8,0;22,5;8,0;0;0;0,0;8;44,0;44,0;25,0;0;8200;20,6;67,8;8,0;60,0;0;69,7;8,0;8,0;0,00;0,00;0;0;48,0;146,0;6000;0;99;1879048192;0;0;0;0;0;0;0;0;0;0;0;33,9;44,0;1;0;0;108;0;0;0;0,0;3616;0;0;0;
22.08.2024;22:48:13;21,0;20,7;0;33,9;8,0;22,5;8,0;0;0;0,0;8;43,9;43,9;25,0;0;8200;20,6;67,8;8,0;60,0;0;69,7;8,0;8,0;0,00;0,00;0;0;48,0;146,0;6000;0;99;1879048192;0;0;0;0;0;0;0;0;0;0;0;33,9;43,9;1;0;0;108;0;0;0;0,0;3616;0;0;0;
22.08.2024;22:49:13;21,0;20,7;0;33,8;8,0;22,5;8,0;0;0;0,0;8;43,9;43,9;25,0;0;8200;20,5;67,7;8,0;60,0;0;69,7;8,0;8,0;0,00;0,00;0;0;48,0;146,0;6000;0;99;1879048192;0;0;0;0;0;0;0;0;0;0;0;33,8;43,9;1;0;0;108;0;0;0;0,0;3616;0;0;0;
22.08.2024;22:50:13;21,0;20,7;0;33,9;8,0;22,5;8,0;0;0;0,0;8;43,9;43,9;25,0;0;8200;20,8;67,7;8,0;60,0;0;69,6;8,0;8,0;0,00;0,00;0;0;48,0;146,0;6000;0;99;1879048192;0;0;0;0;0;0;0;0;0;0;0;33,9;43,9;1;0;0;108;0;0;0;0,0;3616;0;0;0;
22.08.2024;22:51:13;21,0;20,7;0;33,8;8,0;22,5;8,0;0;0;0,0;8;43,9;43,9;25,0;0;8200;20,5;67,6;8,0;60,0;0;69,6;8,0;8,0;0,00;0,00;0;0;48,0;146,0;6000;0;99;1879048192;0;0;0;0;0;0;0;0;0;0;0;33,8;43,9;1;0;0;108;0;0;0;0,0;3616;0;0;0;
22.08.2024;22:52:13;21,0;20,7;0;33,9;8,0;22,5;8,0;0;0;0,0;8;43,9;43,9;25,0;0;8200;20,6;67,6;8,0;60,0;0;69,6;8,0;8,0;0,00;0,00;0;0;48,0;146,0;6000;0;99;1879048192;0;0;0;0;0;0;0;0;0;0;0;33,9;43,9;1;0;0;108;0;0;0;0,0;3616;0;0;0;
22.08.2024;22:53:13;21,0;20,6;0;33,8;8,0;22,5;8,0;0;0;0,0;8;43,8;43,8;25,0;0;8200;20,5;67,6;8,0;60,0;0;69,5;8,0;8,0;0,00;0,00;0;0;48,0;146,0;6000;0;99;1879048192;0;0;0;0;0;0;0;0;0;0;0;33,8;43,8;1;0;0;108;0;0;0;0,0;3616;0;0;0;
22.08.2024;22:54:13;21,0;20,6;0;33,8;8,0;22,5;8,0;0;0;0,0;8;43,8;43,8;25,0;0;8200;20,4;67,5;8,0;60,0;0;69,5;8,0;8,0;0,00;0,00;0;0;48,0;146,0;6000;0;99;1879048192;0;0;0;0;0;0;0;0;0;0;0;33,8;43,8;1;0;0;108;0;0;0;0,0;3616;0;0;0;
22.08.2024;22:55:13;21,0;20,6;0;33,8;8,0;22,5;8,0;0;0;0,0;8;43,8;43,8;25,0;0;8200;20,6;67,5;8,0;60,0;0;69,4;8,0;8,0;0,00;0,00;0;0;48,1;146,0;6000;0;99;1879048192;0;0;0;0;0;0;0;0;0;0;0;33,8;43,8;1;0;0;108;0;0;0;0,0;3616;0;0;0;
22.08.2024;22:56:13;21,0;20,6;0;33,8;8,0;22,5;8,0;0;0;0,0;8;43,7;43,7;25,0;0;8200;20,7;67,5;8,0;60,0;0;69,4;8,0;8,0;0,00;0,00;0;0;48,0;146,0;6000;0;99;1879048192;0;0;0;0;0;0;0;0;0;0;0;33,8;43,7;1;0;0;108;0;0;0;0,0;3616;0;0;0;
22.08.2024;22:57:13;20,9;20,5;0;33,8;8,0;22,5;8,0;0;0;0,0;8;43,7;43,7;25,0;0;8200;20,5;67,5;8,0;60,0;0;69,3;8,0;8,0;0,00;0,00;0;0;48,0;146,0;6000;0;99;1879048192;0;0;0;0;0;0;0;0;0;0;0;33,8;43,7;1;0;0;108;0;0;0;0,0;3616;0;0;0;
22.08.2024;22:58:13;20,9;20,6;0;33,8;8,0;22,5;8,0;0;0;0,0;8;43,7;43,7;25,0;0;8200;20,6;67,3;8,0;60,0;0;69,2;8,0;8,0;0,00;0,00;0;0;48,1;146,0;6000;0;99;1879048192;0;0;0;0;0;0;0;0;0;0;0;33,8;43,7;1;0;0;108;0;0;0;0,0;3616;0;0;0;
22.08.2024;22:59:13;20,9;20,5;0;33,8;8,0;22,5;8,0;0;0;0,0;8;43,6;43,6;25,0;0;8200;20,6;67,4;8,0;60,0;0;69,3;8,0;8,0;0,00;0,00;0;0;48,0;146,0;6000;0;99;1879048192;0;0;0;0;0;0;0;0;0;0;0;33,8;43,6;1;0;0;108;0;0;0;0,0;3616;0;0;0;
22.08.2024;23:00:13;20,9;20,5;0;33,7;8,0;22,6;8,0;0;0;0,0;8;43,6;43,6;25,0;0;8200;20,5;67,4;8,0;60,0;0;69,1;8,0;8,0;0,00;0,00;0;0;47,9;146,0;6000;0;99;1879048192;0;0;0;0;0;0;0;0;0;0;0;33,7;43,6;1;0;0;108;0;0;0;0,0;3616;0;0;0;
22.08.2024;23:01:13;20,9;20,6;0;33,7;8,0;22,6;8,0;0;0;0,0;8;43,7;43,7;25,0;0;8200;20,5;67,2;8,0;60,0;0;69,0;8,0;8,0;0,00;0,00;0;0;48,1;146,0;6000;0;99;1879048192;0;0;0;0;0;0;0;0;0;0;0;33,7;43,7;1;0;0;108;0;0;0;0,0;3616;0;0;0;
22.08.2024;23:02:13;20,9;20,5;0;33,7;8,0;22,6;8,0;0;0;0,0;8;43,6;43,6;25,0;0;8200;20,6;67,3;8,0;60,0;0;69,0;8,0;8,0;0,00;0,00;0;0;47,9;146,0;6000;0;99;1879048192;0;0;0;0;0;0;0;0;0;0;0;33,7;43,6;1;0;0;108;0;0;0;0,0;3616;0;0;0;
22.08.2024;23:03:13;20,9;20,5;0;33,7;8,0;22,6;8,0;0;0;0,0;8;43,6;43,6;25,0;0;8200;20,6;67,2;8,0;60,0;0;69,0;8,0;8,0;0,00;0,00;0;0;48,1;146,0;6000;0;99;1879048192;0;0;0;0;0;0;0;0;0;0;0;33,7;43,6;1;0;0;108;0;0;0;0,0;3616;0;0;0;
22.08.2024;23:04:13;20,9;20,4;0;33,9;8,0;22,6;8,0;0;0;0,0;8;43,7;43,7;25,0;0;8200;20,7;67,3;8,0;60,0;0;68,8;8,0;8,0;0,00;0,00;0;0;47,7;146,0;6000;0;99;1879048192;0;0;0;0;0;0;0;0;0;0;0;33,9;43,7;1;0;0;108;0;0;0;0,0;3616;0;0;0;
22.08.2024;23:05:13;20,8;20,4;0;33,8;8,0;22,6;8,0;0;0;0,0;8;43,6;43,6;25,0;0;8200;20,6;67,2;8,0;60,0;0;68,8;8,0;8,0;0,00;0,00;0;0;47,9;146,0;6000;0;99;1879048192;0;0;0;0;0;0;0;0;0;0;0;33,8;43,6;1;0;0;108;0;0;0;0,0;3616;0;0;0;
22.08.2024;23:06:13;20,8;20,3;0;33,8;8,0;22,5;8,0;0;0;0,0;8;43,5;43,5;25,0;0;8200;20,5;67,3;8,0;60,0;0;68,9;8,0;8,0;0,00;0,00;0;0;47,8;146,0;6000;0;99;1879048192;0;0;0;0;0;0;0;0;0;0;0;33,8;43,5;1;0;0;108;0;0;0;0,0;3616;0;0;0;
22.08.2024;23:07:13;20,8;20,3;0;33,8;8,0;22,5;8,0;0;0;0,0;8;43,5;43,5;25,0;0;8200;20,4;67,2;8,0;60,0;0;68,8;8,0;8,0;0,00;0,00;0;0;47,8;146,0;6000;0;99;1879048192;0;0;0;0;0;0;0;0;0;0;0;33,8;43,5;1;0;0;108;0;0;0;0,0;3616;0;0;0;
22.08.2024;23:08:13;20,8;20,4;0;33,7;8,0;22,5;8,0;0;0;0,0;8;43,5;43,5;25,0;0;8200;20,6;67,2;8,0;60,0;0;68,7;8,0;8,0;0,00;0,00;0;0;47,8;146,0;6000;0;99;1879048192;0;0;0;0;0;0;0;0;0;0;0;33,7;43,5;1;0;0;108;0;0;0;0,0;3616;0;0;0;
22.08.2024;23:09:13;20,8;20,4;0;33,7;8,0;22,5;8,0;0;0;0,0;8;43,5;43,5;25,0;0;8200;20,6;67,0;8,0;60,0;0;68,7;8,0;8,0;0,00;0,00;0;0;48,0;146,0;6000;0;99;1879048192;0;0;0;0;0;0;0;0;0;0;0;33,7;43,5;1;0;0;108;0;0;0;0,0;3616;0;0;0;
22.08.2024;23:10:13;20,8;20,4;0;33,7;8,0;22,5;8,0;0;0;0,0;8;43,5;43,5;25,0;0;8200;20,6;67,0;8,0;60,0;0;68,6;8,0;8,0;0,00;0,00;0;0;47,9;146,0;6000;0;99;1879048192;0;0;0;0;0;0;0;0;0;0;0;33,7;43,5;1;0;0;108;0;0;0;0,0;3616;0;0;0;
22.08.2024;23:11:13;20,8;20,3;0;33,6;8,0;22,5;8,0;0;0;0,0;8;43,4;43,4;25,0;0;8200;20,6;67,0;8,0;60,0;0;68,6;8,0;8,0;0,00;0,00;0;0;47,9;146,0;6000;0;99;1879048192;0;0;0;0;0;0;0;0;0;0;0;33,6;43,4;1;0;0;108;0;0;0;0,0;3616;0;0;0;
22.08.2024;23:12:13;20,7;20,3;0;33,7;8,0;22,5;8,0;0;0;0,0;8;43,5;43,5;25,0;0;8200;20,6;66,9;8,0;60,0;0;68,4;8,0;8,0;0,00;0,00;0;0;47,8;146,0;6000;0;99;1879048192;0;0;0;0;0;0;0;0;0;0;0;33,7;43,5;1;0;0;108;0;0;0;0,0;3616;0;0;0;
22.08.2024;23:13:13;20,7;20,3;0;33,7;8,0;22,5;8,0;0;0;0,0;8;43,4;43,4;25,0;0;8200;20,6;66,9;8,0;60,0;0;68,5;8,0;8,0;0,00;0,00;0;0;47,8;146,0;6000;0;99;1879048192;0;0;0;0;0;0;0;0;0;0;0;33,7;43,4;1;0;0;108;0;0;0;0,0;3616;0;0;0;
22.08.2024;23:14:13;20,7;20,3;0;33,7;8,0;22,5;8,0;0;0;0,0;8;43,4;43,4;25,0;0;8200;20,6;66,9;8,0;60,0;0;68,3;8,0;8,0;0,00;0,00;0;0;47,8;146,0;6000;0;99;1879048192;0;0;0;0;0;0;0;0;0;0;0;33,7;43,4;1;0;0;108;0;0;0;0,0;3616;0;0;0;
22.08.2024;23:15:13;20,7;20,3;0;33,6;8,0;22,5;8,0;0;0;0,0;8;43,4;43,4;25,0;0;8200;20,4;66,9;8,0;60,0;0;68,4;8,0;8,0;0,00;0,00;0;0;47,9;146,0;6000;0;99;1879048192;0;0;0;0;0;0;0;0;0;0;0;33,7;43,4;1;0;0;108;0;0;0;0,0;3616;0;0;0;
22.08.2024;23:16:13;20,7;20,3;0;33,7;8,0;22,6;8,0;0;0;0,0;8;43,4;43,4;25,0;0;8200;20,6;66,9;8,0;60,0;0;68,3;8,0;8,0;0,00;0,00;0;0;47,8;146,0;6000;0;99;1879048192;0;0;0;0;0;0;0;0;0;0;0;33,7;43,4;1;0;0;108;0;0;0;0,0;3616;0;0;0;
22.08.2024;23:17:13;20,7;20,3;0;33,7;8,0;22,5;8,0;0;0;0,0;8;43,4;43,4;25,0;0;8200;20,5;66,9;8,0;60,0;0;68,3;8,0;8,0;0,00;0,00;0;0;47,8;146,0;6000;0;99;1879048192;0;0;0;0;0;0;0;0;0;0;0;33,7;43,4;1;0;0;108;0;0;0;0,0;3616;0;0;0;
22.08.2024;23:18:13;20,7;20,3;0;33,6;8,0;22,6;8,0;0;0;0,0;8;43,3;43,3;25,0;0;8200;20,6;66,8;8,0;60,0;0;68,2;8,0;8,0;0,00;0,00;0;0;47,8;146,0;6000;0;99;1879048192;0;0;0;0;0;0;0;0;0;0;0;33,6;43,4;1;0;0;108;0;0;0;0,0;3616;0;0;0;
22.08.2024;23:19:13;20,6;20,3;0;33,6;8,0;22,6;8,0;0;0;0,0;8;43,3;43,3;25,0;0;8200;20,6;66,8;8,0;60,0;0;68,1;8,0;8,0;0,00;0,00;0;0;47,8;146,0;6000;0;99;1879048192;0;0;0;0;0;0;0;0;0;0;0;33,6;43,3;1;0;0;108;0;0;0;0,0;3616;0;0;0;
22.08.2024;23:20:13;20,6;20,2;0;33,6;8,0;22,6;8,0;0;0;0,0;8;43,3;43,3;25,0;0;8200;20,5;66,8;8,0;60,0;0;68,1;8,0;8,0;0,00;0,00;0;0;47,8;146,0;6000;0;99;1879048192;0;0;0;0;0;0;0;0;0;0;0;33,6;43,3;1;0;0;108;0;0;0;0,0;3616;0;0;0;
22.08.2024;23:21:13;20,6;20,3;0;33,6;8,0;22,6;8,0;0;0;0,0;8;43,3;43,3;25,0;0;8200;20,5;66,7;8,0;60,0;0;67,9;8,0;8,0;0,00;0,00;0;0;47,8;146,0;6000;0;99;1879048192;0;0;0;0;0;0;0;0;0;0;0;33,6;43,3;1;0;0;108;0;0;0;0,0;3616;0;0;0;
22.08.2024;23:22:13;20,6;20,2;0;33,6;8,0;22,6;8,0;0;0;0,0;8;43,2;43,2;25,0;0;8200;20,6;66,7;8,0;60,0;0;68,0;8,0;8,0;0,00;0,00;0;0;47,9;146,0;6000;0;99;1879048192;0;0;0;0;0;0;0;0;0;0;0;33,6;43,2;1;0;0;108;0;0;0;0,0;3616;0;0;0;
22.08.2024;23:23:13;20,6;20,2;0;33,6;8,0;22,5;8,0;0;0;0,0;8;43,2;43,2;25,0;0;8200;20,6;66,7;8,0;60,0;0;67,9;8,0;8,0;0,00;0,00;0;0;47,8;146,0;6000;0;99;1879048192;0;0;0;0;0;0;0;0;0;0;0;33,6;43,2;1;0;0;108;0;0;0;0,0;3616;0;0;0;
22.08.2024;23:24:13;20,6;20,2;0;33,6;8,0;22,5;8,0;0;0;0,0;8;43,2;43,2;25,0;0;8200;20,5;66,6;8,0;60,0;0;68,0;8,0;8,0;0,00;0,00;0;0;47,8;146,0;6000;0;99;1879048192;0;0;0;0;0;0;0;0;0;0;0;33,6;43,2;1;0;0;108;0;0;0;0,0;3616;0;0;0;
22.08.2024;23:25:13;20,6;20,2;0;33,6;8,0;22,5;8,0;0;0;0,0;8;43,2;43,2;25,0;0;8200;20,6;66,6;8,0;60,0;0;67,9;8,0;8,0;0,00;0,00;0;0;47,9;146,0;6000;0;99;1879048192;0;0;0;0;0;0;0;0;0;0;0;33,6;43,2;1;0;0;108;0;0;0;0,0;3616;0;0;0;
22.08.2024;23:26:13;20,5;20,2;0;33,5;8,0;22,5;8,0;0;0;0,0;8;43,2;43,2;25,0;0;8200;20,7;66,6;8,0;60,0;0;68,0;8,0;8,0;0,00;0,00;0;0;48,0;146,0;6000;0;99;1879048192;0;0;0;0;0;0;0;0;0;0;0;33,5;43,2;1;0;0;108;0;0;0;0,0;3616;0;0;0;
22.08.2024;23:27:13;20,5;20,1;0;33,6;8,0;22,5;8,0;0;0;0,0;8;43,2;43,2;25,0;0;8200;20,6;66,6;8,0;60,0;0;67,8;8,0;8,0;0,00;0,00;0;0;47,8;146,0;6000;0;99;1879048192;0;0;0;0;0;0;0;0;0;0;0;33,6;43,2;1;0;0;108;0;0;0;0,0;3616;0;0;0;
22.08.2024;23:28:13;20,5;20,1;0;33,6;8,0;22,5;8,0;0;0;0,0;8;43,2;43,2;25,0;0;8200;20,5;66,6;8,0;60,0;0;67,9;8,0;8,0;0,00;0,00;0;0;47,8;146,0;6000;0;99;1879048192;0;0;0;0;0;0;0;0;0;0;0;33,6;43,2;1;0;0;108;0;0;0;0,0;3616;0;0;0;
22.08.2024;23:29:13;20,5;20,1;0;33,5;8,0;22,5;8,0;0;0;0,0;8;43,1;43,1;25,0;0;8200;20,7;66,5;8,0;60,0;0;67,8;8,0;8,0;0,00;0,00;0;0;47,9;146,0;6000;0;99;1879048192;0;0;0;0;0;0;0;0;0;0;0;33,5;43,1;1;0;0;108;0;0;0;0,0;3616;0;0;0;
22.08.2024;23:30:13;20,5;20,1;0;33,6;8,0;22,5;8,0;0;0;0,0;8;43,1;43,1;25,0;0;8200;20,6;66,5;8,0;60,0;0;67,8;8,0;8,0;0,00;0,00;0;0;47,8;146,0;6000;0;99;1879048192;0;0;0;0;0;0;0;0;0;0;0;33,6;43,1;1;0;0;108;0;0;0;0,0;3616;0;0;0;
22.08.2024;23:31:13;20,5;20,1;0;33,6;8,0;22,5;8,0;0;0;0,0;8;43,1;43,1;25,0;0;8200;20,7;66,5;8,0;60,0;0;67,8;8,0;8,0;0,00;0,00;0;0;47,8;146,0;6000;0;99;1879048192;0;0;0;0;0;0;0;0;0;0;0;33,6;43,1;1;0;0;108;0;0;0;0,0;3616;0;0;0;
22.08.2024;23:32:13;20,5;20,1;0;33,5;8,0;22,5;8,0;0;0;0,0;8;43,1;43,1;25,0;0;8200;20,5;66,4;8,0;60,0;0;67,7;8,0;8,0;0,00;0,00;0;0;47,9;146,0;6000;0;99;1879048192;0;0;0;0;0;0;0;0;0;0;0;33,5;43,1;1;0;0;108;0;0;0;0,0;3616;0;0;0;
22.08.2024;23:33:13;20,4;20,0;0;33,5;8,0;22,5;8,0;0;0;0,0;8;43,1;43,1;25,0;0;8200;20,4;66,4;8,0;60,0;0;67,7;8,0;8,0;0,00;0,00;0;0;47,9;146,0;6000;0;99;1879048192;0;0;0;0;0;0;0;0;0;0;0;33,5;43,1;1;0;0;108;0;0;0;0,0;3616;0;0;0;
22.08.2024;23:34:13;20,4;20,0;0;33,5;8,0;22,5;8,0;0;0;0,0;8;43,1;43,1;25,0;0;8200;20,6;66,4;8,0;60,0;0;67,7;8,0;8,0;0,00;0,00;0;0;47,9;146,0;6000;0;99;1879048192;0;0;0;0;0;0;0;0;0;0;0;33,5;43,1;1;0;0;108;0;0;0;0,0;3616;0;0;0;
22.08.2024;23:35:13;20,4;20,0;0;33,5;8,0;22,5;8,0;0;0;0,0;8;43,0;43,0;25,0;0;8200;20,5;66,4;8,0;60,0;0;67,6;8,0;8,0;0,00;0,00;0;0;47,9;146,0;6000;0;99;1879048192;0;0;0;0;0;0;0;0;0;0;0;33,5;43,0;1;0;0;108;0;0;0;0,0;3616;0;0;0;
22.08.2024;23:36:13;20,4;20,0;0;33,5;8,0;22,5;8,0;0;0;0,0;8;43,0;43,0;25,0;0;8200;20,5;66,4;8,0;60,0;0;67,6;8,0;8,0;0,00;0,00;0;0;47,9;146,0;6000;0;99;1879048192;0;0;0;0;0;0;0;0;0;0;0;33,5;43,0;1;0;0;108;0;0;0;0,0;3616;0;0;0;
22.08.2024;23:37:13;20,4;20,0;0;33,5;8,0;22,5;8,0;0;0;0,0;8;43,0;43,0;25,0;0;8200;20,6;66,3;8,0;60,0;0;67,6;8,0;8,0;0,00;0,00;0;0;47,9;146,0;6000;0;99;1879048192;0;0;0;0;0;0;0;0;0;0;0;33,5;43,0;1;0;0;108;0;0;0;0,0;3616;0;0;0;
22.08.2024;23:38:13;20,4;20,0;0;33,5;8,0;22,5;8,0;0;0;0,0;8;43,0;43,0;25,0;0;8200;20,6;66,3;8,0;60,0;0;67,4;8,0;8,0;0,00;0,00;0;0;47,8;146,0;6000;0;99;1879048192;0;0;0;0;0;0;0;0;0;0;0;33,5;43,0;1;0;0;108;0;0;0;0,0;3616;0;0;0;
22.08.2024;23:39:13;20,3;19,9;0;33,5;8,0;22,5;8,0;0;0;0,0;8;43,0;43,0;25,0;0;8200;20,5;66,3;8,0;60,0;0;67,5;8,0;8,0;0,00;0,00;0;0;47,8;146,0;6000;0;99;1879048192;0;0;0;0;0;0;0;0;0;0;0;33,5;43,0;1;0;0;108;0;0;0;0,0;3616;0;0;0;
22.08.2024;23:40:13;20,3;19,9;0;33,5;8,0;22,5;8,0;0;0;0,0;8;43,0;43,0;25,0;0;8200;20,5;66,3;8,0;60,0;0;67,4;8,0;8,0;0,00;0,00;0;0;47,9;146,0;6000;0;99;1879048192;0;0;0;0;0;0;0;0;0;0;0;33,5;43,0;1;0;0;108;0;0;0;0,0;3616;0;0;0;
22.08.2024;23:41:13;20,3;19,9;0;33,4;8,0;22,5;8,0;0;0;0,0;8;42,9;42,9;25,0;0;8200;20,4;66,2;8,0;60,0;0;67,4;8,0;8,0;0,00;0,00;0;0;47,9;146,0;6000;0;99;1879048192;0;0;0;0;0;0;0;0;0;0;0;33,4;42,9;1;0;0;108;0;0;0;0,0;3616;0;0;0;
22.08.2024;23:42:13;20,3;19,9;0;33,4;8,0;22,5;8,0;0;0;0,0;8;42,9;42,9;25,0;0;8200;20,6;66,2;8,0;60,0;0;67,3;8,0;8,0;0,00;0,00;0;0;47,8;146,0;6000;0;99;1879048192;0;0;0;0;0;0;0;0;0;0;0;33,4;42,9;1;0;0;108;0;0;0;0,0;3616;0;0;0;
22.08.2024;23:43:13;20,3;19,9;0;33,4;8,0;22,5;8,0;0;0;0,0;8;42,9;42,9;25,0;0;8200;20,5;66,2;8,0;60,0;0;67,3;8,0;8,0;0,00;0,00;0;0;47,9;146,0;6000;0;99;1879048192;0;0;0;0;0;0;0;0;0;0;0;33,4;42,9;1;0;0;108;0;0;0;0,0;3616;0;0;0;
22.08.2024;23:44:13;20,3;19,9;0;33,5;8,0;22,5;8,0;0;0;0,0;8;42,9;42,9;25,0;0;8200;20,6;66,2;8,0;60,0;0;67,3;8,0;8,0;0,00;0,00;0;0;47,8;146,0;6000;0;99;1879048192;0;0;0;0;0;0;0;0;0;0;0;33,4;42,9;1;0;0;108;0;0;0;0,0;3616;0;0;0;
22.08.2024;23:45:13;20,3;19,9;0;33,4;8,0;22,4;8,0;0;0;0,0;8;42,9;42,9;25,0;0;8200;20,7;66,1;8,0;60,0;0;67,2;8,0;8,0;0,00;0,00;0;0;47,8;146,0;6000;0;99;1879048192;0;0;0;0;0;0;0;0;0;0;0;33,4;42,9;1;0;0;108;0;0;0;0,0;3616;0;0;0;
22.08.2024;23:46:13;20,2;19,8;0;33,5;8,0;22,4;8,0;0;0;0,0;8;42,9;42,9;25,0;0;8200;20,5;66,2;8,0;60,0;0;67,1;8,0;8,0;0,00;0,00;0;0;47,8;146,0;6000;0;99;1879048192;0;0;0;0;0;0;0;0;0;0;0;33,5;42,9;1;0;0;108;0;0;0;0,0;3616;0;0;0;
22.08.2024;23:47:13;20,2;19,8;0;33,4;8,0;22,4;8,0;0;0;0,0;8;42,8;42,8;25,0;0;8200;20,6;66,1;8,0;60,0;0;67,1;8,0;8,0;0,00;0,00;0;0;47,8;146,0;6000;0;99;1879048192;0;0;0;0;0;0;0;0;0;0;0;33,4;42,8;1;0;0;108;0;0;0;0,0;3616;0;0;0;
22.08.2024;23:48:13;20,2;19,9;0;33,4;8,0;22,4;8,0;0;0;0,0;8;42,8;42,8;25,0;0;8200;20,5;66,1;8,0;60,0;0;67,1;8,0;8,0;0,00;0,00;0;0;47,8;146,0;6000;0;99;1879048192;0;0;0;0;0;0;0;0;0;0;0;33,4;42,8;1;0;0;108;0;0;0;0,0;3616;0;0;0;
22.08.2024;23:49:13;20,2;19,9;0;33,4;8,0;22,4;8,0;0;0;0,0;8;42,8;42,8;25,0;0;8200;20,5;66,0;8,0;60,0;0;67,1;8,0;8,0;0,00;0,00;0;0;47,8;146,0;6000;0;99;-2147483648;0;0;0;0;0;0;0;0;0;0;0;33,4;42,8;1;0;0;108;0;0;0;0,0;3616;0;0;0;
22.08.2024;23:50:13;20,2;19,8;0;33,4;8,0;22,4;8,0;0;0;0,0;8;42,8;42,8;25,0;0;8200;20,6;66,1;8,0;60,0;0;67,1;8,0;8,0;0,00;0,00;0;0;47,8;146,0;6000;0;99;1879048192;0;0;0;0;0;0;0;0;0;0;0;33,4;42,8;1;0;0;108;0;0;0;0,0;3616;0;0;0;
22.08.2024;23:51:13;20,2;19,8;0;33,4;8,0;22,5;8,0;0;0;0,0;8;42,8;42,8;25,0;0;8200;20,6;66,1;8,0;60,0;0;67,0;8,0;8,0;0,00;0,00;0;0;47,8;146,0;6000;0;99;1879048192;0;0;0;0;0;0;0;0;0;0;0;33,4;42,8;1;0;0;108;0;0;0;0,0;3616;0;0;0;
22.08.2024;23:52:13;20,2;19,8;0;33,4;8,0;22,5;8,0;0;0;0,0;8;42,8;42,8;25,0;0;8200;20,5;66,0;8,0;60,0;0;67,0;8,0;8,0;0,00;0,00;0;0;47,8;146,0;6000;0;99;-2147483648;0;0;0;0;0;0;0;0;0;0;0;33,4;42,8;1;0;0;108;0;0;0;0,0;3616;0;0;0;
22.08.2024;23:53:13;20,1;19,8;0;33,4;8,0;22,5;8,0;0;0;0,0;8;42,8;42,8;25,0;0;8200;20,4;66,0;8,0;60,0;0;66,9;8,0;8,0;0,00;0,00;0;0;47,8;146,0;6000;0;99;-2147483648;0;0;0;0;0;0;0;0;0;0;0;33,4;42,8;1;0;0;108;0;0;0;0,0;3616;0;0;0;
22.08.2024;23:54:13;20,1;19,9;0;33,4;8,0;22,5;8,0;0;0;0,0;8;42,7;42,7;25,0;0;8200;20,7;66,0;8,0;60,0;0;66,9;8,0;8,0;0,00;0,00;0;0;47,8;146,0;6000;0;99;-2147483648;0;0;0;0;0;0;0;0;0;0;0;33,4;42,7;1;0;0;108;0;0;0;0,0;3616;0;0;0;
22.08.2024;23:55:13;20,1;19,8;0;33,4;8,0;22,6;8,0;0;0;0,0;8;42,8;42,8;25,0;0;8200;20,6;65,9;8,0;60,0;0;66,8;8,0;8,0;0,00;0,00;0;0;47,8;146,0;6000;0;99;-2147483648;0;0;0;0;0;0;0;0;0;0;0;33,4;42,8;1;0;0;108;0;0;0;0,0;3616;0;0;0;
22.08.2024;23:56:13;20,1;19,8;0;33,3;8,0;22,6;8,0;0;0;0,0;8;42,7;42,7;25,0;0;8200;20,5;65,9;8,0;60,0;0;66,8;8,0;8,0;0,00;0,00;0;0;47,7;146,0;6000;0;99;-2147483648;0;0;0;0;0;0;0;0;0;0;0;33,4;42,7;1;0;0;108;0;0;0;0,0;3616;0;0;0;
22.08.2024;23:57:13;20,1;19,8;0;33,3;8,0;22,5;8,0;0;0;0,0;8;42,7;42,7;25,0;0;8200;20,6;65,9;8,0;60,0;0;66,7;8,0;8,0;0,00;0,00;0;0;47,8;146,0;6000;0;99;-2147483648;0;0;0;0;0;0;0;0;0;0;0;33,3;42,7;1;0;0;108;0;0;0;0,0;3616;0;0;0;
22.08.2024;23:58:13;20,1;19,8;0;33,3;8,0;22,5;8,0;0;0;0,0;8;42,7;42,7;25,0;0;8200;20,6;65,9;8,0;60,0;0;66,7;8,0;8,0;0,00;0,00;0;0;47,8;146,0;6000;0;99;-2147483648;0;0;0;0;0;0;0;0;0;0;0;33,3;42,7;1;0;0;108;0;0;0;0,0;3616;0;0;0;
22.08.2024;23:59:13;20,1;19,8;0;33,4;8,0;22,6;8,0;0;0;0,0;8;42,7;42,7;25,0;0;8200;20,5;65,9;8,0;60,0;0;66,8;8,0;8,0;0,00;0,00;0;0;47,9;146,0;6000;0;99;-2147483648;0;0;0;0;0;0;0;0;0;0;0;33,4;42,7;1;0;0;108;0;0;0;0,0;3616;0;0;0;
23.08.2024;00:00:13;20,1;19,8;0;33,3;8,0;22,5;8,0;0;0;0,0;8;42,7;42,7;25,0;0;8200;20,6;65,8;8,0;60,0;0;66,7;8,0;8,0;0,00;0,00;0;0;47,8;146,0;6000;0;99;-2147483648;0;0;0;0;0;0;0;0;0;0;0;33,3;42,7;1;0;0;108;0;0;0;0,0;3616;0;0;0;

